place,competitionId,competition,country,startDate,endDate,partScore,participationScorePlace,resultScore,resultScorePlace,competitionScore,competitionUrl
1,593255,"Weltklasse Zürich, Letzigrund, Zürich",SUI,28 AUG 2019,29 AUG 2019,8810,1,87191,3,96001,https://worldathletics.org/records/competition-performance-rankings/ranking/593255
2,593344,"AG Memorial Van Damme, Boudewijnstadion, Bruxelles",BEL,05 SEP 2019,06 SEP 2019,8630,2,86603,7,95233,https://worldathletics.org/records/competition-performance-rankings/ranking/593344
3,592093,"Prefontaine Classic, Cobb Track and Angell Field, Palo Alto, CA",USA,30 JUN 2019,30 JUN 2019,7980,4,87229,2,95209,https://worldathletics.org/records/competition-performance-rankings/ranking/592093
4,592330,"Herculis, Stade Louis II, Monaco",MON,11 JUL 2019,12 JUL 2019,7580,7,87298,1,94998,https://worldathletics.org/records/competition-performance-rankings/ranking/592330
5,592189,"Athletissima Lausanne, Stade Olympique de la Pontaise, Lausanne",SUI,04 JUL 2019,05 JUL 2019,8080,3,86883,6,94963,https://worldathletics.org/records/competition-performance-rankings/ranking/592189
6,592539,"Müller Anniversary Games, Olympic Stadium, London",GBR,20 JUL 2019,21 JUL 2019,7635,6,86973,4,94608,https://worldathletics.org/records/competition-performance-rankings/ranking/592539
7,593100,"Meeting de Paris, Stade Charléty, Paris",FRA,24 AUG 2019,24 AUG 2019,7290,8,86968,5,94258,https://worldathletics.org/records/competition-performance-rankings/ranking/593100
8,591394,"Golden Gala - Pietro Mennea, Stadio Olimpico, Roma",ITA,06 JUN 2019,06 JUN 2019,7820,5,86259,8,94079,https://worldathletics.org/records/competition-performance-rankings/ranking/591394
9,590310,"IAAF Diamond League, Khalifa International Stadium, Doha",QAT,03 MAY 2019,03 MAY 2019,7070,12,85682,9,92752,https://worldathletics.org/records/competition-performance-rankings/ranking/590310
10,590722,"IAAF Diamond League, Shanghai Stadium, Shanghai",CHN,18 MAY 2019,18 MAY 2019,7150,10,85311,10,92461,https://worldathletics.org/records/competition-performance-rankings/ranking/590722
11,591662,"Oslo Bislett Games, Bislett Stadion, Oslo",NOR,13 JUN 2019,13 JUN 2019,7105,11,85146,12,92251,https://worldathletics.org/records/competition-performance-rankings/ranking/591662
12,591811,"Meeting International Mohammed VI d'Athletisme de Rabat, Complexe Sportif Prince Moulay Abdellah, Rabat",MAR,16 JUN 2019,16 JUN 2019,6855,13,85174,11,92029,https://worldathletics.org/records/competition-performance-rankings/ranking/591811
13,593005,"Müller Grand Prix, Alexander Stadium, Birmingham",GBR,18 AUG 2019,18 AUG 2019,6450,14,84646,13,91096,https://worldathletics.org/records/competition-performance-rankings/ranking/593005
14,591134,"BAUHAUS-galan, Olympiastadion, Stockholm",SWE,30 MAY 2019,30 MAY 2019,7160,9,83564,20,90724,https://worldathletics.org/records/competition-performance-rankings/ranking/591134
15,592262,"Gyulai István Memorial - Hungarian Athletics Grand Prix, Bregyó Athletic Center, Székesfehérvár",HUN,09 JUL 2019,09 JUL 2019,6260,15,83969,17,90229,https://worldathletics.org/records/competition-performance-rankings/ranking/592262
16,593417,"The Match Europe v USA, Dinamo National Olympic Stadium, Minsk",BLR,09 SEP 2019,10 SEP 2019,5655,16,84455,16,90110,https://worldathletics.org/records/competition-performance-rankings/ranking/593417
17,590875,"2019 Nanjing World Challenge, Olympic Stadium, Nanjing",CHN,20 MAY 2019,21 MAY 2019,5450,17,84532,14,89982,https://worldathletics.org/records/competition-performance-rankings/ranking/590875
18,593233,"ISTAF, Olympiastadion, Berlin",GER,01 SEP 2019,01 SEP 2019,4430,18,84499,15,88929,https://worldathletics.org/records/competition-performance-rankings/ranking/593233
19,591826,"Golden Spike Ostrava 2019, Mestský Stadion, Ostrava",CZE,20 JUN 2019,20 JUN 2019,4160,19,83951,18,88111,https://worldathletics.org/records/competition-performance-rankings/ranking/591826
20,591702,"ORLEN Memoriał Janusza Kusocińskiego, Stadion Śląski, Chorzów",POL,16 JUN 2019,16 JUN 2019,3725,20,82780,24,86505,https://worldathletics.org/records/competition-performance-rankings/ranking/591702
21,591599,"Paavo Nurmi Games, Paavo Nurmen Stadion, Turku",FIN,11 JUN 2019,11 JUN 2019,3690,21,82636,26,86326,https://worldathletics.org/records/competition-performance-rankings/ranking/591599
22,595601,"FBK Games, FBK Stadium, Hengelo",NED,09 JUN 2019,09 JUN 2019,3355,23,82916,22,86271,https://worldathletics.org/records/competition-performance-rankings/ranking/595601
23,594182,"Racers Grand Prix, Kingston",JAM,08 JUN 2019,08 JUN 2019,2810,27,83006,21,85816,https://worldathletics.org/records/competition-performance-rankings/ranking/594182
24,592263,"Spitzen Leichtathletik, Luzern",SUI,09 JUL 2019,09 JUL 2019,2925,25,82726,25,85651,https://worldathletics.org/records/competition-performance-rankings/ranking/592263
25,593296,"IWC Zagreb 2019, Sports Park Mladost, Zagreb",CRO,02 SEP 2019,03 SEP 2019,3480,22,82028,34,85508,https://worldathletics.org/records/competition-performance-rankings/ranking/593296
26,590756,"Seiko Golden Grand Prix, Yanmar Stadium Nagai, Osaka",JPN,19 MAY 2019,19 MAY 2019,2815,26,82369,29,85184,https://worldathletics.org/records/competition-performance-rankings/ranking/590756
27,592168,"Résisprint International, La Chaux-de-Fonds",SUI,30 JUN 2019,30 JUN 2019,1470,47,83580,19,85050,https://worldathletics.org/records/competition-performance-rankings/ranking/592168
28,592421,"Meeting Citta Di Padova, Padova",ITA,16 JUL 2019,16 JUL 2019,2125,33,82302,30,84427,https://worldathletics.org/records/competition-performance-rankings/ranking/592421
29,591524,"Pfingstsportfest, Rehlingen",GER,09 JUN 2019,09 JUN 2019,1960,35,82463,27,84423,https://worldathletics.org/records/competition-performance-rankings/ranking/591524
30,593247,"Galà dei Castelli, Bellinzona",SUI,01 SEP 2019,01 SEP 2019,2245,29,82122,31,84367,https://worldathletics.org/records/competition-performance-rankings/ranking/593247
31,591454,"Mt. SAC Relays, Torrance, CA",USA,18 APR 2019,20 APR 2019,2135,32,82092,32,84227,https://worldathletics.org/records/competition-performance-rankings/ranking/591454
32,593145,"Meeting Madrid 2019, Estadio Vallehermoso, Madrid",ESP,25 AUG 2019,25 AUG 2019,1775,39,82405,28,84180,https://worldathletics.org/records/competition-performance-rankings/ranking/593145
33,593448,"Kamila Skolimowska Memorial, Stadion Śląski, Chorzów",POL,14 SEP 2019,14 SEP 2019,3185,24,80879,45,84064,https://worldathletics.org/records/competition-performance-rankings/ranking/593448
34,589355,"Pepsi Florida Relays, Gainesville, FL",USA,28 MAR 2019,30 MAR 2019,1055,61,82785,23,83840,https://worldathletics.org/records/competition-performance-rankings/ranking/589355
35,593197,"Palio Citta della Quercia, Rovereto",ITA,27 AUG 2019,27 AUG 2019,1895,36,81707,36,83602,https://worldathletics.org/records/competition-performance-rankings/ranking/593197
36,591244,"Memoriál Josefa Odložila, Stadion Juliska, Praha",CZE,03 JUN 2019,03 JUN 2019,1735,40,81715,35,83450,https://worldathletics.org/records/competition-performance-rankings/ranking/591244
37,592141,"Meeting de Marseille Pro Athlé Tour, Marseille",FRA,02 JUL 2019,02 JUL 2019,1535,44,81650,37,83185,https://worldathletics.org/records/competition-performance-rankings/ranking/592141
38,591229,"Clyde Littlefield Texas Relays, Austin, TX",USA,27 MAR 2019,30 MAR 2019,970,64,82054,33,83024,https://worldathletics.org/records/competition-performance-rankings/ranking/591229
39,590896,"Drake Relays, Des Moines, IA",USA,24 APR 2019,27 APR 2019,2050,34,80891,43,82941,https://worldathletics.org/records/competition-performance-rankings/ranking/590896
40,592418,"Meeting Pro Athlé Tour de Sotteville les Rouen, Sotteville-lès-Rouen",FRA,16 JUL 2019,16 JUL 2019,1655,43,81225,39,82880,https://worldathletics.org/records/competition-performance-rankings/ranking/592418
41,591833,"Meeting Iberoamericano de Atletismo, Huelva",ESP,20 JUN 2019,20 JUN 2019,1785,38,80853,46,82638,https://worldathletics.org/records/competition-performance-rankings/ranking/591833
42,593349,"Memorial Francisco Ramón Higueras, Andújar",ESP,06 SEP 2019,06 SEP 2019,1410,50,81227,38,82637,https://worldathletics.org/records/competition-performance-rankings/ranking/593349
43,591636,"Irena Szewińska Memorial, Zdzisław Krzyszkowiak Stadium, Bydgoszcz",POL,11 JUN 2019,12 JUN 2019,2160,31,80476,49,82636,https://worldathletics.org/records/competition-performance-rankings/ranking/591636
44,592534,"KBC Night of Athletics, Heusden-Zolder",BEL,20 JUL 2019,20 JUL 2019,1360,52,81195,40,82555,https://worldathletics.org/records/competition-performance-rankings/ranking/592534
45,591877,"Meeting Stanislas Nancy, Stade Raymond Petit, Tomblaine",FRA,22 JUN 2019,22 JUN 2019,1430,48,80939,42,82369,https://worldathletics.org/records/competition-performance-rankings/ranking/591877
46,590132,"Grande Prêmio Brasil Caixa de Atletismo, CNDA, Bragança Paulista",BRA,28 APR 2019,28 APR 2019,1815,37,80437,50,82252,https://worldathletics.org/records/competition-performance-rankings/ranking/590132
47,591459,"LSU Alumni Gold, Baton Rouge, LA",USA,20 APR 2019,20 APR 2019,990,63,81168,41,82158,https://worldathletics.org/records/competition-performance-rankings/ranking/591459
48,590913,"Tom Jones Memorial, Gainesville, FL",USA,26 APR 2019,27 APR 2019,1535,44,80604,47,82139,https://worldathletics.org/records/competition-performance-rankings/ranking/590913
49,591609,"Meeting Elite, Montreuil",FRA,11 JUN 2019,11 JUN 2019,2205,30,79834,58,82039,https://worldathletics.org/records/competition-performance-rankings/ranking/591609
50,592985,"Goteborg Athletics Grand Prix, Göteborg",SWE,16 AUG 2019,16 AUG 2019,1725,41,80132,53,81857,https://worldathletics.org/records/competition-performance-rankings/ranking/592985
51,591683,"P-T-S Meeting, Šamorín",SVK,15 JUN 2019,15 JUN 2019,1160,56,80594,48,81754,https://worldathletics.org/records/competition-performance-rankings/ranking/591683
52,589746,"Grenada Invitational, St. George's",GRN,13 APR 2019,13 APR 2019,1140,57,80220,52,81360,https://worldathletics.org/records/competition-performance-rankings/ranking/589746
53,590997,"Beach Invitational, Long Beach, CA",USA,19 APR 2019,20 APR 2019,1245,55,80076,54,81321,https://worldathletics.org/records/competition-performance-rankings/ranking/590997
54,589774,"Gamecock Invitational, Columbia, SC",USA,13 APR 2019,13 APR 2019,385,139,80880,44,81265,https://worldathletics.org/records/competition-performance-rankings/ranking/589774
55,589977,"Michael Johnson Invitational, Waco, TX",USA,19 APR 2019,20 APR 2019,545,107,80341,51,80886,https://worldathletics.org/records/competition-performance-rankings/ranking/589977
56,592220,"Znamenskiy Memorial, Zhukovskiy",RUS,05 JUL 2019,06 JUL 2019,825,75,80032,55,80857,https://worldathletics.org/records/competition-performance-rankings/ranking/592220
57,593114,"Brussels Grand Prix, Bruxelles",BEL,23 AUG 2019,23 AUG 2019,860,73,79957,56,80817,https://worldathletics.org/records/competition-performance-rankings/ranking/593114
58,591671,"Anhalt 2019, Dessau",GER,14 JUN 2019,14 JUN 2019,1070,60,79700,61,80770,https://worldathletics.org/records/competition-performance-rankings/ranking/591671
59,590940,"IFAM Meeting, Putbosstadion, Oordegem",BEL,25 MAY 2019,25 MAY 2019,895,71,79751,59,80646,https://worldathletics.org/records/competition-performance-rankings/ranking/590940
60,592778,"CITIUS Meeting, Stadion Wankdorf, Bern",SUI,03 AUG 2019,03 AUG 2019,800,76,79741,60,80541,https://worldathletics.org/records/competition-performance-rankings/ranking/592778
61,592460,"Meeting International de la Province de Liège, Liège",BEL,17 JUL 2019,17 JUL 2019,920,68,79568,63,80488,https://worldathletics.org/records/competition-performance-rankings/ranking/592460
62,590291,"Payton Jordan Invitational, Palo Alto, CA",USA,02 MAY 2019,02 MAY 2019,915,69,79434,64,80349,https://worldathletics.org/records/competition-performance-rankings/ranking/590291
63,589954,"Bryan Clay Invitational, Azusa, CA",USA,17 APR 2019,19 APR 2019,475,113,79870,57,80345,https://worldathletics.org/records/competition-performance-rankings/ranking/589954
64,592086,"Jim Bush Meet, Long Beach, CA",USA,29 JUN 2019,29 JUN 2019,965,65,79362,66,80327,https://worldathletics.org/records/competition-performance-rankings/ranking/592086
65,591759,"Folksam Grand Prix, Sollentuna",SWE,18 JUN 2019,18 JUN 2019,1075,59,79103,71,80178,https://worldathletics.org/records/competition-performance-rankings/ranking/591759
66,591172,"Russia Cup, Sochi",RUS,28 MAY 2019,29 MAY 2019,700,86,79434,64,80134,https://worldathletics.org/records/competition-performance-rankings/ranking/591172
67,591331,"Meeting de la Grande Caraibe, Baie Mahault",FRA,18 MAY 2019,18 MAY 2019,1660,42,78449,83,80109,https://worldathletics.org/records/competition-performance-rankings/ranking/591331
68,591711,"AtletiCAGenève, Genève",SUI,15 JUN 2019,15 JUN 2019,690,87,79360,67,80050,https://worldathletics.org/records/competition-performance-rankings/ranking/591711
69,593014,"CAS Meeting, Schifflange",LUX,18 AUG 2019,18 AUG 2019,945,66,79080,73,80025,https://worldathletics.org/records/competition-performance-rankings/ranking/593014
70,590987,"Arkansas National Relay Championships, Fayetteville, AR",USA,25 APR 2019,27 APR 2019,565,103,79352,68,79917,https://worldathletics.org/records/competition-performance-rankings/ranking/590987
71,590279,"Penn Relays, Philadelphia, PA",USA,23 APR 2019,27 APR 2019,240,196,79622,62,79862,https://worldathletics.org/records/competition-performance-rankings/ranking/590279
72,592623,"Motonet GP, Joensuu",FIN,24 JUL 2019,24 JUL 2019,865,72,78991,74,79856,https://worldathletics.org/records/competition-performance-rankings/ranking/592623
73,592965,"Cork City Games, Cork City",IRL,14 AUG 2019,14 AUG 2019,945,66,78909,75,79854,https://worldathletics.org/records/competition-performance-rankings/ranking/592965
74,593143,"Finnkampen, Olympiastadion, Stockholm",SWE,24 AUG 2019,25 AUG 2019,1360,52,78445,84,79805,https://worldathletics.org/records/competition-performance-rankings/ranking/593143
75,592371,"Guldensporenmeeting, Kortrijk",BEL,13 JUL 2019,13 JUL 2019,655,93,79138,69,79793,https://worldathletics.org/records/competition-performance-rankings/ranking/592371
76,593432,"Fuji Hokuroku World Trial 2019, Prefectural Stadium, Fujiyoshida",JPN,01 SEP 2019,01 SEP 2019,555,104,79090,72,79645,https://worldathletics.org/records/competition-performance-rankings/ranking/593432
77,592468,"Míting Internacional d'Atletisme, Barcelona",ESP,17 JUL 2019,17 JUL 2019,835,74,78719,79,79554,https://worldathletics.org/records/competition-performance-rankings/ranking/592468
78,595350,"Putbos Memorial Léon Buyle, Oordegem",BEL,01 JUN 2019,01 JUN 2019,365,147,79116,70,79481,https://worldathletics.org/records/competition-performance-rankings/ranking/595350
79,589326,"Queensland International Track Classic, Brisbane",AUS,23 MAR 2019,23 MAR 2019,760,79,78658,81,79418,https://worldathletics.org/records/competition-performance-rankings/ranking/589326
80,590945,"Meeting Elite, Forbach",FRA,26 MAY 2019,26 MAY 2019,1425,49,77975,92,79400,https://worldathletics.org/records/competition-performance-rankings/ranking/590945
81,589360,"Stanford Invitational, Palo Alto, CA",USA,29 MAR 2019,30 MAR 2019,580,100,78818,77,79398,https://worldathletics.org/records/competition-performance-rankings/ranking/589360
82,590920,"Tennessee Relays, Knoxville, TN",USA,11 APR 2019,13 APR 2019,300,172,78879,76,79179,https://worldathletics.org/records/competition-performance-rankings/ranking/590920
83,592785,"Memorial Geert Rasschaert, Ninove",BEL,03 AUG 2019,03 AUG 2019,450,120,78726,78,79176,https://worldathletics.org/records/competition-performance-rankings/ranking/592785
84,590922,"Hurricane Alumni Invitational, Coral Gables, FL",USA,12 APR 2019,13 APR 2019,465,118,78703,80,79168,https://worldathletics.org/records/competition-performance-rankings/ranking/590922
85,592158,"Folksam Grand Prix, Karlstad",SWE,03 JUL 2019,03 JUL 2019,1500,46,77558,98,79058,https://worldathletics.org/records/competition-performance-rankings/ranking/592158
86,592732,"KDF Ch., Moi International Sports Centre, Kasarani, Nairobi",KEN,03 JUL 2019,03 JUL 2019,570,102,78407,85,78977,https://worldathletics.org/records/competition-performance-rankings/ranking/592732
87,591882,"Games, Kuortane",FIN,22 JUN 2019,22 JUN 2019,1395,51,77581,97,78976,https://worldathletics.org/records/competition-performance-rankings/ranking/591882
88,589558,"Sun Angel Classic, Tempe, AZ",USA,04 APR 2019,06 APR 2019,340,154,78630,82,78970,https://worldathletics.org/records/competition-performance-rankings/ranking/589558
89,591747,"CVEATC HP #2, Chula Vista, CA",USA,15 JUN 2019,16 JUN 2019,610,97,78341,87,78951,https://worldathletics.org/records/competition-performance-rankings/ranking/591747
90,590144,"LSU Invitational, Baton Rouge, LA",USA,27 APR 2019,27 APR 2019,550,105,78395,86,78945,https://worldathletics.org/records/competition-performance-rankings/ranking/590144
91,593011,"Motonet GP, Espoo",FIN,18 AUG 2019,18 AUG 2019,710,84,78166,89,78876,https://worldathletics.org/records/competition-performance-rankings/ranking/593011
92,593445,"Kenya World Championship Trials, Nyayo National Stadium, Nairobi",KEN,12 SEP 2019,13 SEP 2019,2395,28,76248,130,78643,https://worldathletics.org/records/competition-performance-rankings/ranking/593445
93,590190,"Desert Heat Classic, Tucson, AZ",USA,27 APR 2019,27 APR 2019,350,150,78291,88,78641,https://worldathletics.org/records/competition-performance-rankings/ranking/590190
94,591318,"Asian Grand Prix Series, Chongqing",CHN,04 JUN 2019,04 JUN 2019,600,98,78033,91,78633,https://worldathletics.org/records/competition-performance-rankings/ranking/591318
95,591776,"Athletics Games, Copenhagen",DEN,18 JUN 2019,18 JUN 2019,620,96,77848,94,78468,https://worldathletics.org/records/competition-performance-rankings/ranking/591776
96,592147,"Athletics Grand Prix, Poznan",POL,02 JUL 2019,02 JUL 2019,1335,54,77123,112,78458,https://worldathletics.org/records/competition-performance-rankings/ranking/592147
97,588607,"Track Classic, Sydney",AUS,23 FEB 2019,23 FEB 2019,530,109,77869,93,78399,https://worldathletics.org/records/competition-performance-rankings/ranking/588607
98,592101,"Bauhaus Juniorengala, Mannheim",GER,29 JUN 2019,30 JUN 2019,120,283,78107,90,78227,https://worldathletics.org/records/competition-performance-rankings/ranking/592101
99,590944,"JAAA All Comers Meet, Kingston",JAM,25 MAY 2019,25 MAY 2019,910,70,77251,108,78161,https://worldathletics.org/records/competition-performance-rankings/ranking/590944
100,591958,"Meeting Elite de Montgeron, Montgeron",FRA,25 JUN 2019,25 JUN 2019,675,89,77447,99,78122,https://worldathletics.org/records/competition-performance-rankings/ranking/591958
101,592967,"2. Memoriał Wiesława Maniaka, Wieslaw Maniak Municipal Athletic Stadium, Szczecin",POL,15 AUG 2019,15 AUG 2019,1120,58,76994,114,78114,https://worldathletics.org/records/competition-performance-rankings/ranking/592967
102,590150,"53rd Mikio Oda Memorial, Hiroshima",JPN,27 APR 2019,28 APR 2019,675,89,77403,100,78078,https://worldathletics.org/records/competition-performance-rankings/ranking/590150
103,590912,"Texas A&M Alumni Muster, College Station, TX",USA,27 APR 2019,27 APR 2019,290,178,77719,96,78009,https://worldathletics.org/records/competition-performance-rankings/ranking/590912
104,591431,"Asian Grand Prix Series, Chongqing",CHN,07 JUN 2019,07 JUN 2019,590,99,77326,103,77916,https://worldathletics.org/records/competition-performance-rankings/ranking/591431
105,589547,"Jim Click Shootout, Tucson, AZ",USA,06 APR 2019,06 APR 2019,80,344,77809,95,77889,https://worldathletics.org/records/competition-performance-rankings/ranking/589547
106,591350,"Motonet GP, Lahti",FIN,05 JUN 2019,05 JUN 2019,510,112,77275,107,77785,https://worldathletics.org/records/competition-performance-rankings/ranking/591350
107,591224,"Grand Prix, Gliwice",POL,02 JUN 2019,02 JUN 2019,380,142,77376,101,77756,https://worldathletics.org/records/competition-performance-rankings/ranking/591224
108,591955,"Yevstratov Memorial, Zhukovskiy",RUS,22 JUN 2019,22 JUN 2019,470,114,77284,106,77754,https://worldathletics.org/records/competition-performance-rankings/ranking/591955
109,590480,"6th Michitaka Kinami Memorial, Osaka",JPN,06 MAY 2019,06 MAY 2019,435,125,77293,105,77728,https://worldathletics.org/records/competition-performance-rankings/ranking/590480
110,589994,"Virginia Challenge, Charlottesville, VA",USA,19 APR 2019,20 APR 2019,415,131,77299,104,77714,https://worldathletics.org/records/competition-performance-rankings/ranking/589994
111,594051,"Memorial Barrientos, La Habana",CUB,07 JUN 2019,09 JUN 2019,405,134,77229,109,77634,https://worldathletics.org/records/competition-performance-rankings/ranking/594051
112,589713,"Crimson Tide Invitational, Tuscaloosa, AL",USA,11 APR 2019,12 APR 2019,185,230,77348,102,77533,https://worldathletics.org/records/competition-performance-rankings/ranking/589713
113,592617,"Memorial Jose Antonio Cansino, Castellón",ESP,23 JUL 2019,23 JUL 2019,300,172,77208,110,77508,https://worldathletics.org/records/competition-performance-rankings/ranking/592617
114,593518,"Meeting International Citta di Savona, Savona",ITA,29 MAY 2019,29 MAY 2019,405,134,77086,113,77491,https://worldathletics.org/records/competition-performance-rankings/ranking/593518
115,592053,"Meeting National à thème de l'Artois, Bruay-la-Buissiere",FRA,28 JUN 2019,28 JUN 2019,440,122,76976,115,77416,https://worldathletics.org/records/competition-performance-rankings/ranking/592053
116,591626,"Oxy Invitational, Los Angeles, CA",USA,11 MAY 2019,11 MAY 2019,310,168,76943,116,77253,https://worldathletics.org/records/competition-performance-rankings/ranking/591626
117,592239,"Sparkassen Gala und Laufnacht, Regensburg",GER,06 JUL 2019,07 JUL 2019,40,461,77124,111,77164,https://worldathletics.org/records/competition-performance-rankings/ranking/592239
118,590821,"Loughborough International, Loughborough",GBR,19 MAY 2019,19 MAY 2019,295,175,76801,117,77096,https://worldathletics.org/records/competition-performance-rankings/ranking/590821
119,592347,"Kladno hází a Kladenské memoriály, Kladno",CZE,13 JUL 2019,13 JUL 2019,750,81,76343,126,77093,https://worldathletics.org/records/competition-performance-rankings/ranking/592347
120,591385,"UCSD Triton Invitational, La Jolla, CA",USA,12 APR 2019,13 APR 2019,680,88,76289,128,76969,https://worldathletics.org/records/competition-performance-rankings/ranking/591385
121,589525,"LSU Battle On The Bayou, Baton Rouge, LA",USA,06 APR 2019,06 APR 2019,160,245,76722,118,76882,https://worldathletics.org/records/competition-performance-rankings/ranking/589525
122,591854,"Harry Jerome Track Classic, Burnaby",CAN,20 JUN 2019,20 JUN 2019,340,154,76509,121,76849,https://worldathletics.org/records/competition-performance-rankings/ranking/591854
123,591538,"Venizelia 2019, Chania",GRE,09 JUN 2019,09 JUN 2019,575,101,76249,129,76824,https://worldathletics.org/records/competition-performance-rankings/ranking/591538
124,591028,"Chrono Classic, Weinheim",GER,25 MAY 2019,25 MAY 2019,225,209,76564,119,76789,https://worldathletics.org/records/competition-performance-rankings/ranking/591028
125,593341,"Flanders Cup, Huizingen",BEL,24 AUG 2019,24 AUG 2019,380,142,76399,125,76779,https://worldathletics.org/records/competition-performance-rankings/ranking/593341
126,594157,"Denka Athletics Challenge Cup 2019, Denka Big Swan Stadium, Niigata",JPN,19 OCT 2019,19 OCT 2019,345,153,76432,124,76777,https://worldathletics.org/records/competition-performance-rankings/ranking/594157
127,592044,"Meeting Citta di Nembro, Nembro",ITA,28 JUN 2019,28 JUN 2019,325,162,76434,123,76759,https://worldathletics.org/records/competition-performance-rankings/ranking/592044
128,591919,"Janusz Sidło Memorial, Sopot",POL,23 JUN 2019,23 JUN 2019,770,77,75983,140,76753,https://worldathletics.org/records/competition-performance-rankings/ranking/591919
129,590018,"War Eagle Invitational, Auburn, AL",USA,19 APR 2019,20 APR 2019,255,187,76444,122,76699,https://worldathletics.org/records/competition-performance-rankings/ranking/590018
130,591364,"The Reveille Meet, College Station, TX",USA,06 APR 2019,06 APR 2019,130,264,76562,120,76692,https://worldathletics.org/records/competition-performance-rankings/ranking/591364
131,589139,"GC Foster Classics, Spanish Town",JAM,16 MAR 2019,16 MAR 2019,705,85,75976,141,76681,https://worldathletics.org/records/competition-performance-rankings/ranking/589139
132,592264,"Meeting Int. Sport Solidarieta, Lignano Sabbiadoro",ITA,09 JUL 2019,09 JUL 2019,770,77,75855,144,76625,https://worldathletics.org/records/competition-performance-rankings/ranking/592264
133,590314,"35th Shizuoka International Meet, Fukuroi",JPN,03 MAY 2019,03 MAY 2019,255,187,76238,131,76493,https://worldathletics.org/records/competition-performance-rankings/ranking/590314
134,592402,"32nd Chuhei Nanbu Memorial, Sapporo",JPN,07 JUL 2019,07 JUL 2019,340,154,76148,133,76488,https://worldathletics.org/records/competition-performance-rankings/ranking/592402
135,592389,"Varberg GP, Varberg",SWE,15 JUL 2019,15 JUL 2019,1005,62,75476,154,76481,https://worldathletics.org/records/competition-performance-rankings/ranking/592389
136,591802,"Meeting National de Cergy-Pontoise, Cergy-Pontoise",FRA,10 JUN 2019,10 JUN 2019,130,264,76331,127,76461,https://worldathletics.org/records/competition-performance-rankings/ranking/591802
137,590960,"Georgia HS Meet of Champions, Marietta, GA",USA,17 MAY 2019,17 MAY 2019,420,130,76034,138,76454,https://worldathletics.org/records/competition-performance-rankings/ranking/590960
137,592457,"Motonet GP, Jyväskylä",FIN,19 JUN 2019,19 JUN 2019,415,131,76039,137,76454,https://worldathletics.org/records/competition-performance-rankings/ranking/592457
139,590154,"Steve Scott Invitational, Irvine, CA",USA,26 APR 2019,27 APR 2019,305,169,76134,134,76439,https://worldathletics.org/records/competition-performance-rankings/ranking/590154
140,593003,"Meeting voor Mon, Kessel-Lo",BEL,17 AUG 2019,17 AUG 2019,260,185,76118,135,76378,https://worldathletics.org/records/competition-performance-rankings/ranking/593003
141,603157,"Antwerp Athletics Gala, Merksem",BEL,27 JUL 2019,27 JUL 2019,440,122,75895,142,76335,https://worldathletics.org/records/competition-performance-rankings/ranking/603157
142,591196,"2019 Bill Webb Combined Events Classic/2019 VertKlasse Meeting, High Point, NC",USA,21 MAR 2019,23 MAR 2019,15,606,76197,132,76212,https://worldathletics.org/records/competition-performance-rankings/ranking/591196
143,592656,"All-Star Night 2019 - JITA-IUAUJ Classic Match, Hiratsuka",JPN,27 JUL 2019,27 JUL 2019,370,146,75833,145,76203,https://worldathletics.org/records/competition-performance-rankings/ranking/592656
144,591720,"Brooks PR Invitational, Seattle, WA",USA,15 JUN 2019,15 JUN 2019,80,344,76083,136,76163,https://worldathletics.org/records/competition-performance-rankings/ranking/591720
145,589973,"Kansas Relays, Lawrence, KS",USA,17 APR 2019,20 APR 2019,210,217,75886,143,76096,https://worldathletics.org/records/competition-performance-rankings/ranking/589973
146,589222,"Florida State Relays, Tallahassee, FL",USA,22 MAR 2019,23 MAR 2019,90,323,75994,139,76084,https://worldathletics.org/records/competition-performance-rankings/ranking/589222
147,591926,"Grand Prix Internacional de Cali, Cali",COL,22 JUN 2019,22 JUN 2019,240,196,75753,147,75993,https://worldathletics.org/records/competition-performance-rankings/ranking/591926
148,589336,"Torneio Atletismo Paulista, Bragança Paulista",BRA,23 MAR 2019,24 MAR 2019,460,119,75488,152,75948,https://worldathletics.org/records/competition-performance-rankings/ranking/589336
149,590136,"Virginia Grand Prix, Charlottesville, VA",USA,26 APR 2019,27 APR 2019,120,283,75789,146,75909,https://worldathletics.org/records/competition-performance-rankings/ranking/590136
150,590792,"Gran Premio Caterine Ibargüen, Barranquilla",COL,18 MAY 2019,19 MAY 2019,470,114,75432,155,75902,https://worldathletics.org/records/competition-performance-rankings/ranking/590792
151,591941,"Dwight Phillips Invitational, Decatur, IL",USA,21 JUN 2019,21 JUN 2019,195,225,75672,150,75867,https://worldathletics.org/records/competition-performance-rankings/ranking/591941
152,591863,"Meeting National de Carquefou, Carquefou",FRA,21 JUN 2019,21 JUN 2019,120,283,75713,148,75833,https://worldathletics.org/records/competition-performance-rankings/ranking/591863
153,591414,"Riga Cup, Ogre",LAT,04 JUN 2019,04 JUN 2019,675,89,75108,167,75783,https://worldathletics.org/records/competition-performance-rankings/ranking/591414
154,589524,"Spec Towns Invitational, Athens, GA",USA,05 APR 2019,06 APR 2019,255,187,75526,151,75781,https://worldathletics.org/records/competition-performance-rankings/ranking/589524
155,589233,"Power 5 Trailblazer Challenge, Coral Gables, FL",USA,22 MAR 2019,23 MAR 2019,85,331,75681,149,75766,https://worldathletics.org/records/competition-performance-rankings/ranking/589233
156,592097,"Världsungdomsspelen, Göteborg",SWE,28 JUN 2019,30 JUN 2019,340,154,75395,157,75735,https://worldathletics.org/records/competition-performance-rankings/ranking/592097
157,593122,"Czech Club Championships, Stadion Juliska, Praha",CZE,24 AUG 2019,24 AUG 2019,470,114,75210,164,75680,https://worldathletics.org/records/competition-performance-rankings/ranking/593122
158,591734,"Desafio Brasil Caixa de Atletismo, São Paulo",BRA,16 JUN 2019,16 JUN 2019,315,165,75364,159,75679,https://worldathletics.org/records/competition-performance-rankings/ranking/591734
159,587656,"Track Classic, Canberra",AUS,28 JAN 2019,28 JAN 2019,260,185,75386,158,75646,https://worldathletics.org/records/competition-performance-rankings/ranking/587656
160,591531,"Open, Budapest",HUN,08 JUN 2019,09 JUN 2019,745,82,74848,176,75593,https://worldathletics.org/records/competition-performance-rankings/ranking/591531
161,590895,"Trond Mohn Games, Bergen",NOR,22 MAY 2019,22 MAY 2019,625,95,74962,174,75587,https://worldathletics.org/records/competition-performance-rankings/ranking/590895
162,592673,"Campeonato de España de Federaciones Autonómicas, Pamplona",ESP,27 JUL 2019,27 JUL 2019,315,165,75265,162,75580,https://worldathletics.org/records/competition-performance-rankings/ranking/592673
163,591376,"John McDonnell Invitational, Fayetteville, AR",USA,11 APR 2019,12 APR 2019,60,400,75487,153,75547,https://worldathletics.org/records/competition-performance-rankings/ranking/591376
164,592866,"Loughborough European Athletics Permit (LEAP) Meeting, Loughborough",GBR,06 AUG 2019,06 AUG 2019,225,209,75311,160,75536,https://worldathletics.org/records/competition-performance-rankings/ranking/592866
165,589632,"Desafio CBAt/CPB, São Paulo",BRA,06 APR 2019,06 APR 2019,240,196,75262,163,75502,https://worldathletics.org/records/competition-performance-rankings/ranking/589632
166,589089,"Hurricane Invitational, Coral Gables, FL",USA,15 MAR 2019,16 MAR 2019,75,355,75413,156,75488,https://worldathletics.org/records/competition-performance-rankings/ranking/589089
167,591649,"Podmoskovye Cup, Moskva",RUS,11 JUN 2019,11 JUN 2019,440,122,74991,172,75431,https://worldathletics.org/records/competition-performance-rankings/ranking/591649
168,591210,"Annual Aztec Invitational, San Diego, CA",USA,21 MAR 2019,23 MAR 2019,215,214,75165,166,75380,https://worldathletics.org/records/competition-performance-rankings/ranking/591210
169,592284,"Motonet GP, Tampere",FIN,03 JUL 2019,03 JUL 2019,365,147,75000,171,75365,https://worldathletics.org/records/competition-performance-rankings/ranking/592284
170,590998,"Pacific Coast Intercollegiate, Long Beach, CA",USA,18 APR 2019,18 APR 2019,175,232,75188,165,75363,https://worldathletics.org/records/competition-performance-rankings/ranking/590998
171,591615,"Great Southwest Classic, Albuquerque, NM",USA,06 JUN 2019,08 JUN 2019,35,480,75269,161,75304,https://worldathletics.org/records/competition-performance-rankings/ranking/591615
172,588623,"Gibson McCook Relays, Kingston",JAM,23 FEB 2019,23 FEB 2019,60,400,75098,168,75158,https://worldathletics.org/records/competition-performance-rankings/ranking/588623
173,598361,"Manchester International Match (Inc Home Countries International), Manchester",GBR,14 AUG 2019,14 AUG 2019,160,245,74983,173,75143,https://worldathletics.org/records/competition-performance-rankings/ranking/598361
174,590200,"Jesse Owens Classic, Columbus, OH",USA,26 APR 2019,27 APR 2019,105,301,75036,169,75141,https://worldathletics.org/records/competition-performance-rankings/ranking/590200
175,591474,"Corky/Crofoot Shootout, Lubbock, TX",USA,26 APR 2019,26 APR 2019,65,386,75006,170,75071,https://worldathletics.org/records/competition-performance-rankings/ranking/591474
175,590269,"Grand Prix Ximena Restrepo, Medellín",COL,01 MAY 2019,01 MAY 2019,230,208,74841,177,75071,https://worldathletics.org/records/competition-performance-rankings/ranking/590269
177,590189,"USC vs. UCLA, Los Angeles, CA",USA,27 APR 2019,28 APR 2019,160,245,74905,175,75065,https://worldathletics.org/records/competition-performance-rankings/ranking/590189
178,592110,"Meeting de São João, Braga",POR,29 JUN 2019,29 JUN 2019,215,214,74795,180,75010,https://worldathletics.org/records/competition-performance-rankings/ranking/592110
179,592543,"Belarus Cup, Brest",BLR,18 JUL 2019,19 JUL 2019,430,127,74579,186,75009,https://worldathletics.org/records/competition-performance-rankings/ranking/592543
180,592465,"Velká cena Tábora, Tábor",CZE,17 JUL 2019,17 JUL 2019,140,260,74812,178,74952,https://worldathletics.org/records/competition-performance-rankings/ranking/592465
181,593008,"Robison Invitational, Provo, UT",USA,25 APR 2019,27 APR 2019,250,192,74667,184,74917,https://worldathletics.org/records/competition-performance-rankings/ranking/593008
182,594066,"AK Weekend Meet, Ruringu Stadium, Nyeri",KEN,03 MAY 2019,04 MAY 2019,50,425,74808,179,74858,https://worldathletics.org/records/competition-performance-rankings/ranking/594066
183,590992,"Leny Liles/Clark Wood Invitational, Louisville, KY",USA,26 APR 2019,27 APR 2019,65,386,74781,181,74846,https://worldathletics.org/records/competition-performance-rankings/ranking/590992
184,590041,"Duke Invitational, Durham, NC",USA,19 APR 2019,20 APR 2019,55,415,74727,183,74782,https://worldathletics.org/records/competition-performance-rankings/ranking/590041
185,590102,"Arcadia Invitational, Arcadia, CA",USA,05 APR 2019,06 APR 2019,0,,74772,182,74772,https://worldathletics.org/records/competition-performance-rankings/ranking/590102
186,589304,"Victor Lopez Classic, Houston, TX",USA,21 MAR 2019,23 MAR 2019,105,301,74661,185,74766,https://worldathletics.org/records/competition-performance-rankings/ranking/589304
187,591461,"Larry Ellis Invitational, Princeton, NJ",USA,20 APR 2019,20 APR 2019,145,255,74471,187,74616,https://worldathletics.org/records/competition-performance-rankings/ranking/591461
188,592384,"CVEATC HP #3, Chula Vista, CA",USA,13 JUL 2019,13 JUL 2019,760,79,73814,213,74574,https://worldathletics.org/records/competition-performance-rankings/ranking/592384
189,590382,"Masked Rider Open, Lubbock, TX",USA,04 MAY 2019,04 MAY 2019,95,313,74462,189,74557,https://worldathletics.org/records/competition-performance-rankings/ranking/590382
190,590017,"67th Hyogo Relay Carnival, Universiade Commemorative Stadium, Kobe",JPN,20 APR 2019,21 APR 2019,265,182,74284,198,74549,https://worldathletics.org/records/competition-performance-rankings/ranking/590017
190,591684,"Spanish Club Championships, Soria",ESP,15 JUN 2019,15 JUN 2019,320,164,74229,201,74549,https://worldathletics.org/records/competition-performance-rankings/ranking/591684
192,592459,"Motonet GP, Lapinlahti",FIN,17 JUL 2019,17 JUL 2019,385,139,74156,204,74541,https://worldathletics.org/records/competition-performance-rankings/ranking/592459
193,589889,"Athletics Grand Prix Series, Potchefstroom",RSA,17 APR 2019,17 APR 2019,195,225,74324,196,74519,https://worldathletics.org/records/competition-performance-rankings/ranking/589889
194,594582,"UIL Region 1-6A Meet, Arlington, TX",USA,26 APR 2019,27 APR 2019,0,,74467,188,74467,https://worldathletics.org/records/competition-performance-rankings/ranking/594582
195,591010,"Louisville Invitational, Louisville, KY",USA,12 APR 2019,13 APR 2019,0,,74447,190,74447,https://worldathletics.org/records/competition-performance-rankings/ranking/591010
196,589238,"Sheraton UNF Spring Break Invitational & Pre-State Meet, Jacksonville, FL",USA,21 MAR 2019,23 MAR 2019,80,344,74361,192,74441,https://worldathletics.org/records/competition-performance-rankings/ranking/589238
197,589971,"Cardinal Classic, Palo Alto, CA",USA,19 APR 2019,20 APR 2019,65,386,74353,195,74418,https://worldathletics.org/records/competition-performance-rankings/ranking/589971
198,593669,"Johnny Loaring Classic, Windsor",CAN,18 MAY 2019,18 MAY 2019,60,400,74355,194,74415,https://worldathletics.org/records/competition-performance-rankings/ranking/593669
199,589758,"Aggie invitational, Greensboro, NC",USA,12 APR 2019,13 APR 2019,30,507,74380,191,74410,https://worldathletics.org/records/competition-performance-rankings/ranking/589758
200,591200,"Al Schmidt Bulldog Relays, Starkville, MS",USA,22 MAR 2019,23 MAR 2019,35,480,74360,193,74395,https://worldathletics.org/records/competition-performance-rankings/ranking/591200
201,589088,"Baldy Castillo Invitational, Tempe, AZ",USA,15 MAR 2019,16 MAR 2019,70,372,74320,197,74390,https://worldathletics.org/records/competition-performance-rankings/ranking/589088
202,591486,"Memorial Carlos Gil Pérez, Salamanca",ESP,08 JUN 2019,08 JUN 2019,265,182,74115,205,74380,https://worldathletics.org/records/competition-performance-rankings/ranking/591486
203,608313,"Hungarian Super League Final, Lantos Mihály Sportközpont, Budapest",HUN,31 AUG 2019,01 SEP 2019,525,110,73851,210,74376,https://worldathletics.org/records/competition-performance-rankings/ranking/608313
204,593661,"Classique de Montréal, Montréal",CAN,31 JUL 2019,31 JUL 2019,105,301,74245,200,74350,https://worldathletics.org/records/competition-performance-rankings/ranking/593661
205,591904,"Flanders Cup, Lokeren",BEL,23 JUN 2019,23 JUN 2019,65,386,74273,199,74338,https://worldathletics.org/records/competition-performance-rankings/ranking/591904
206,594461,"Track & Field Carnival, Honjo Athletic Stadium, Kitakyushu",JPN,26 OCT 2019,27 OCT 2019,240,196,74024,206,74264,https://worldathletics.org/records/competition-performance-rankings/ranking/594461
207,589225,"Texas Tech Fearless Champion Open, Lubbock, TX",USA,22 MAR 2019,23 MAR 2019,20,557,74227,202,74247,https://worldathletics.org/records/competition-performance-rankings/ranking/589225
208,589282,"Vanderbilt Black and Gold Invitational, Nashville, TN",USA,22 MAR 2019,23 MAR 2019,55,415,74173,203,74228,https://worldathletics.org/records/competition-performance-rankings/ranking/589282
209,591670,"International Meeting, Zenica",BIH,12 JUN 2019,12 JUN 2019,415,131,73770,215,74185,https://worldathletics.org/records/competition-performance-rankings/ranking/591670
210,591011,"Prueba de confrontacion 2019, La Habana",CUB,24 MAY 2019,25 MAY 2019,470,114,73675,221,74145,https://worldathletics.org/records/competition-performance-rankings/ranking/591011
211,591246,"JAAA All Comers Meet, Kingston",JAM,01 JUN 2019,01 JUN 2019,95,313,74014,207,74109,https://worldathletics.org/records/competition-performance-rankings/ranking/591246
212,592002,"Bestseller Athletics Park, Goleniow",POL,26 JUN 2019,26 JUN 2019,665,92,73408,233,74073,https://worldathletics.org/records/competition-performance-rankings/ranking/592002
213,594037,"Andy Higgins Classic, Toronto",CAN,15 JUN 2019,16 JUN 2019,95,313,73896,208,73991,https://worldathletics.org/records/competition-performance-rankings/ranking/594037
214,591686,"Spanish Club Championships, Zaragoza",ESP,15 JUN 2019,15 JUN 2019,240,196,73743,218,73983,https://worldathletics.org/records/competition-performance-rankings/ranking/591686
215,592250,"NRW-Gala, Bottrop",GER,07 JUL 2019,07 JUL 2019,340,154,73589,226,73929,https://worldathletics.org/records/competition-performance-rankings/ranking/592250
216,590284,"Torneio FPA, Sao Bernardo do Campo",BRA,13 APR 2019,14 APR 2019,385,139,73532,229,73917,https://worldathletics.org/records/competition-performance-rankings/ranking/590284
217,591948,"Bob Vigars Classic, London",CAN,23 JUN 2019,23 JUN 2019,95,313,73820,212,73915,https://worldathletics.org/records/competition-performance-rankings/ranking/591948
218,591238,"Bobcat Invitational, San Marcos, TX",USA,28 MAR 2019,30 MAR 2019,55,415,73829,211,73884,https://worldathletics.org/records/competition-performance-rankings/ranking/591238
219,589084,"UCF Black and Gold Challenge, Orlando, FL",USA,15 MAR 2019,16 MAR 2019,15,606,73866,209,73881,https://worldathletics.org/records/competition-performance-rankings/ranking/589084
220,594896,"Internationales Läufermeeting, Pliezhausen",GER,12 MAY 2019,12 MAY 2019,80,344,73771,214,73851,https://worldathletics.org/records/competition-performance-rankings/ranking/594896
221,589142,"Trojan Invitational, Los Angeles, CA",USA,15 MAR 2019,16 MAR 2019,45,437,73765,216,73810,https://worldathletics.org/records/competition-performance-rankings/ranking/589142
222,589188,"Digicel Grand Prix Final, Spanish Town",JAM,16 MAR 2019,16 MAR 2019,35,480,73763,217,73798,https://worldathletics.org/records/competition-performance-rankings/ranking/589188
223,591279,"Memoriał Edward Listos, Wrocław",POL,29 MAY 2019,29 MAY 2019,425,128,73366,238,73791,https://worldathletics.org/records/competition-performance-rankings/ranking/591279
224,589228,"Roadrunner Invitational, San Antonio, TX",USA,21 MAR 2019,23 MAR 2019,60,400,73718,219,73778,https://worldathletics.org/records/competition-performance-rankings/ranking/589228
225,593049,"Memoriał Zygmunt Szelest, Warszawa",POL,17 AUG 2019,17 AUG 2019,390,138,73387,236,73777,https://worldathletics.org/records/competition-performance-rankings/ranking/593049
226,589337,"Open Meeting, Singapore",SGP,28 MAR 2019,29 MAR 2019,225,209,73545,228,73770,https://worldathletics.org/records/competition-performance-rankings/ranking/589337
227,590786,"Prueba de confrontacion 2019, La Habana",CUB,17 MAY 2019,18 MAY 2019,515,111,73249,243,73764,https://worldathletics.org/records/competition-performance-rankings/ranking/590786
228,594076,"AK Meeting, Sports Complex, Mumias",KEN,24 MAY 2019,25 MAY 2019,35,480,73716,220,73751,https://worldathletics.org/records/competition-performance-rankings/ranking/594076
229,589534,"Tiger Track Classic, Auburn, AL",USA,05 APR 2019,06 APR 2019,60,400,73668,222,73728,https://worldathletics.org/records/competition-performance-rankings/ranking/589534
230,590886,"International Meet, Gaborone",BOT,27 APR 2019,27 APR 2019,120,283,73600,225,73720,https://worldathletics.org/records/competition-performance-rankings/ranking/590886
231,590026,"USC Open, Columbia, SC",USA,20 APR 2019,20 APR 2019,100,307,73615,224,73715,https://worldathletics.org/records/competition-performance-rankings/ranking/590026
232,592356,"Kurpfalz Gala, Weinheim",GER,12 JUL 2019,12 JUL 2019,380,142,73322,240,73702,https://worldathletics.org/records/competition-performance-rankings/ranking/592356
233,591521,"Billy Hayes Invitational, Bloomington, IN",USA,03 MAY 2019,03 MAY 2019,175,232,73501,230,73676,https://worldathletics.org/records/competition-performance-rankings/ranking/591521
234,591437,"Speed River Inferno, Guelph",CAN,07 JUN 2019,07 JUN 2019,50,425,73625,223,73675,https://worldathletics.org/records/competition-performance-rankings/ranking/591437
235,589372,"Malaysian Open, Kuala Lumpur",MAS,30 MAR 2019,31 MAR 2019,125,275,73547,227,73672,https://worldathletics.org/records/competition-performance-rankings/ranking/589372
236,588919,"John Wolmer Speed Fest, Kingston",JAM,02 MAR 2019,02 MAR 2019,165,243,73456,232,73621,https://worldathletics.org/records/competition-performance-rankings/ranking/588919
237,591500,"Pfingstmeeting, Zofingen",SUI,08 JUN 2019,08 JUN 2019,130,264,73479,231,73609,https://worldathletics.org/records/competition-performance-rankings/ranking/591500
238,589072,"Jandakot Airport Perth Track Classic, Perth",AUS,16 MAR 2019,16 MAR 2019,305,169,73281,242,73586,https://worldathletics.org/records/competition-performance-rankings/ranking/589072
239,591363,"Alumni Invitational, Houston, TX",USA,06 APR 2019,06 APR 2019,200,222,73353,239,73553,https://worldathletics.org/records/competition-performance-rankings/ranking/591363
240,592555,"Leichtathletik-Meeting, Rhede",GER,20 JUL 2019,20 JUL 2019,115,296,73395,235,73510,https://worldathletics.org/records/competition-performance-rankings/ranking/592555
241,590461,"Nike Seniors Link-Up, Kingston",JAM,04 MAY 2019,04 MAY 2019,645,94,72834,264,73479,https://worldathletics.org/records/competition-performance-rankings/ranking/590461
242,589161,"TSU Relays, Houston, TX",USA,15 MAR 2019,16 MAR 2019,60,400,73404,234,73464,https://worldathletics.org/records/competition-performance-rankings/ranking/589161
243,590935,"National Permit Meeting, Slovenska Bistrica",SLO,25 MAY 2019,25 MAY 2019,335,160,73099,251,73434,https://worldathletics.org/records/competition-performance-rankings/ranking/590935
244,590744,"French Club Championships, Villeneuve d'Ascq",FRA,19 MAY 2019,19 MAY 2019,400,136,73008,256,73408,https://worldathletics.org/records/competition-performance-rankings/ranking/590744
245,590688,"Mount Olive Qualifier, Mount Olive, NC",USA,12 MAY 2019,12 MAY 2019,20,557,73387,236,73407,https://worldathletics.org/records/competition-performance-rankings/ranking/590688
246,591476,"Torrin Lawrence Memorial, Athens, GA",USA,26 APR 2019,27 APR 2019,80,344,73298,241,73378,https://worldathletics.org/records/competition-performance-rankings/ranking/591476
247,589538,"Pomona/Pitzer invitational, Claremont, CA",USA,06 APR 2019,06 APR 2019,180,231,73181,247,73361,https://worldathletics.org/records/competition-performance-rankings/ranking/589538
248,591077,"Torneio FPA, Sao Bernardo do Campo",BRA,25 MAY 2019,26 MAY 2019,145,255,73192,246,73337,https://worldathletics.org/records/competition-performance-rankings/ranking/591077
249,590014,"Georgia Tech Invitational, Atlanta, GA",USA,19 APR 2019,20 APR 2019,170,237,73157,248,73327,https://worldathletics.org/records/competition-performance-rankings/ranking/590014
250,591520,"Tom Tellez Invitational, Houston, TX",USA,03 MAY 2019,03 MAY 2019,290,178,72994,257,73284,https://worldathletics.org/records/competition-performance-rankings/ranking/591520
251,591598,"T-Meeting, Tilburg",NED,10 JUN 2019,10 JUN 2019,20,557,73229,244,73249,https://worldathletics.org/records/competition-performance-rankings/ranking/591598
252,592531,"Velká cena Nového Města nad Metují, General Klapálek ́s stadium, Nové Město nad Metují",CZE,20 JUL 2019,20 JUL 2019,240,196,72974,258,73214,https://worldathletics.org/records/competition-performance-rankings/ranking/592531
253,598446,"OHSAA State Championships, Jesse Owens Stadium, Columbus, OH",USA,31 MAY 2019,01 JUN 2019,0,,73212,245,73212,https://worldathletics.org/records/competition-performance-rankings/ranking/598446
254,592233,"Kosanov Memorial, Central Stadium, Almaty",KAZ,06 JUL 2019,07 JUL 2019,160,245,73050,254,73210,https://worldathletics.org/records/competition-performance-rankings/ranking/592233
255,589373,"Jim Bush Legends Invitational, Westwood, CA",USA,29 MAR 2019,30 MAR 2019,35,480,73136,250,73171,https://worldathletics.org/records/competition-performance-rankings/ranking/589373
256,592783,"British Athletics League Division Premiership, Birmingham",GBR,03 AUG 2019,03 AUG 2019,80,344,73090,252,73170,https://worldathletics.org/records/competition-performance-rankings/ranking/592783
257,592855,"2nd MoC Grand Prix, Lagos",NGR,15 JUN 2019,16 JUN 2019,0,,73153,249,73153,https://worldathletics.org/records/competition-performance-rankings/ranking/592855
258,590751,"Ter Specke Bokaal, Lisse",NED,18 MAY 2019,18 MAY 2019,120,283,73011,255,73131,https://worldathletics.org/records/competition-performance-rankings/ranking/590751
259,591243,"Ole Miss Classic, Oxford, MS",USA,30 MAR 2019,30 MAR 2019,5,706,73061,253,73066,https://worldathletics.org/records/competition-performance-rankings/ranking/591243
260,591147,"TCU Invitational, Fort Worth, TX",USA,16 MAR 2019,16 MAR 2019,110,298,72881,261,72991,https://worldathletics.org/records/competition-performance-rankings/ranking/591147
261,589079,"Yellow Jacket Invitational, Atlanta, GA",USA,15 MAR 2019,16 MAR 2019,105,301,72878,262,72983,https://worldathletics.org/records/competition-performance-rankings/ranking/589079
262,590878,"Mount Olive First Chance and Multi, Mount Olive, NC",USA,10 MAY 2019,11 MAY 2019,25,533,72952,259,72977,https://worldathletics.org/records/competition-performance-rankings/ranking/590878
263,590898,"JAAA All Comers Meet, Kingston",JAM,18 MAY 2019,18 MAY 2019,285,180,72671,268,72956,https://worldathletics.org/records/competition-performance-rankings/ranking/590898
264,590116,"Justas de Atletismo, Ponce",PUR,25 APR 2019,27 APR 2019,25,533,72884,260,72909,https://worldathletics.org/records/competition-performance-rankings/ranking/590116
265,589297,"Prairie View Relays, Prairie View, TX",USA,22 MAR 2019,23 MAR 2019,30,507,72848,263,72878,https://worldathletics.org/records/competition-performance-rankings/ranking/589297
266,591366,"Sam Howell Invitatonal, Princeton, NJ",USA,06 APR 2019,06 APR 2019,135,262,72730,265,72865,https://worldathletics.org/records/competition-performance-rankings/ranking/591366
267,592749,"Belfast International, Belfast",GBR,01 AUG 2019,01 AUG 2019,175,232,72662,270,72837,https://worldathletics.org/records/competition-performance-rankings/ranking/592749
268,589156,"Hornet Invitational, Sacramento, CA",USA,15 MAR 2019,16 MAR 2019,35,480,72680,266,72715,https://worldathletics.org/records/competition-performance-rankings/ranking/589156
269,594065,"AK Meeting, Narok",KEN,06 JUN 2019,07 JUN 2019,20,557,72677,267,72697,https://worldathletics.org/records/competition-performance-rankings/ranking/594065
270,589690,"Texas A&M Classic and Multis, Canyon, TX",USA,05 APR 2019,06 APR 2019,10,658,72665,269,72675,https://worldathletics.org/records/competition-performance-rankings/ranking/589690
271,589761,"Rafer Johnson & Jackie Joyner Kersee Invitational, Los Angeles, CA",USA,13 APR 2019,13 APR 2019,75,355,72589,273,72664,https://worldathletics.org/records/competition-performance-rankings/ranking/589761
272,592565,"32nd Six Universities Match, Chiba",JPN,13 JUL 2019,13 JUL 2019,0,,72657,271,72657,https://worldathletics.org/records/competition-performance-rankings/ranking/592565
273,589513,"UNF Invitational, Jacksonville, FL",USA,05 APR 2019,05 APR 2019,60,400,72587,274,72647,https://worldathletics.org/records/competition-performance-rankings/ranking/589513
274,591517,"Liberty Twilight Invitational, Lynchburg, VA",USA,01 MAY 2019,01 MAY 2019,25,533,72604,272,72629,https://worldathletics.org/records/competition-performance-rankings/ranking/591517
275,589739,"Texas A&M Invitational I, College Station, TX",USA,12 APR 2019,13 APR 2019,85,331,72540,275,72625,https://worldathletics.org/records/competition-performance-rankings/ranking/589739
276,591881,"Meeting International EAP, Nivelles",BEL,22 JUN 2019,22 JUN 2019,20,557,72525,276,72545,https://worldathletics.org/records/competition-performance-rankings/ranking/591881
277,589549,"Colombian Club Championships, Medellín",COL,06 APR 2019,07 APR 2019,160,245,72355,280,72515,https://worldathletics.org/records/competition-performance-rankings/ranking/589549
278,589762,"Bison Classic, Lewisburg, PA",USA,13 APR 2019,14 APR 2019,10,658,72439,277,72449,https://worldathletics.org/records/competition-performance-rankings/ranking/589762
279,591509,"Southern Miss Open, Hattiesburg, MS",USA,26 APR 2019,27 APR 2019,15,606,72422,278,72437,https://worldathletics.org/records/competition-performance-rankings/ranking/591509
280,592249,"UK Women's League Premier Division, Eton",GBR,06 JUL 2019,06 JUL 2019,85,331,72319,282,72404,https://worldathletics.org/records/competition-performance-rankings/ranking/592249
281,594581,"UIL Region 2-6A Meet, Waco, TX",USA,26 APR 2019,27 APR 2019,0,,72357,279,72357,https://worldathletics.org/records/competition-performance-rankings/ranking/594581
282,589405,"Mike Fanelli Track Classic, San Francisco, CA",USA,28 MAR 2019,30 MAR 2019,5,706,72347,281,72352,https://worldathletics.org/records/competition-performance-rankings/ranking/589405
283,590968,"Azusa Pacific Twilight & Multi, Azusa, CA",USA,09 MAY 2019,10 MAY 2019,55,415,72296,283,72351,https://worldathletics.org/records/competition-performance-rankings/ranking/590968
284,591587,"British Athletics League Division Premiership, Hendon",GBR,09 JUN 2019,09 JUN 2019,85,331,72240,284,72325,https://worldathletics.org/records/competition-performance-rankings/ranking/591587
285,591519,"Józef Żylewicz Memorial, Gdansk",POL,08 JUN 2019,08 JUN 2019,90,323,72222,285,72312,https://worldathletics.org/records/competition-performance-rankings/ranking/591519
286,591646,"Memorial Iztok Ciglaric, Maribor",SLO,12 JUN 2019,12 JUN 2019,85,331,72216,286,72301,https://worldathletics.org/records/competition-performance-rankings/ranking/591646
287,589740,"Sasol/NWU-Pukke International Athletics Meeting, Sasolburg",RSA,12 APR 2019,12 APR 2019,75,355,72155,289,72230,https://worldathletics.org/records/competition-performance-rankings/ranking/589740
288,589647,"Varsity Athletics, Potchefstroom",RSA,15 MAR 2019,15 MAR 2019,110,298,72118,292,72228,https://worldathletics.org/records/competition-performance-rankings/ranking/589647
289,590037,"Fred Duckett Twilight Meet, Houston, TX",USA,19 APR 2019,20 APR 2019,5,706,72215,287,72220,https://worldathletics.org/records/competition-performance-rankings/ranking/590037
290,588295,"Milo Western Relays, Montego Bay",JAM,09 FEB 2019,09 FEB 2019,40,461,72175,288,72215,https://worldathletics.org/records/competition-performance-rankings/ranking/588295
291,591168,"Swiss Club Championships, Lausanne",SUI,01 JUN 2019,01 JUN 2019,60,400,72133,291,72193,https://worldathletics.org/records/competition-performance-rankings/ranking/591168
292,590989,"Oliver Jackson Twilight Meet, Abilene, TX",USA,25 APR 2019,25 APR 2019,40,461,72144,290,72184,https://worldathletics.org/records/competition-performance-rankings/ranking/590989
293,591197,"UCF Knights Invite, Orlando, FL",USA,22 MAR 2019,23 MAR 2019,85,331,72089,294,72174,https://worldathletics.org/records/competition-performance-rankings/ranking/591197
294,591501,"Athletics Meeting, Minsk",BLR,06 JUN 2019,07 JUN 2019,170,237,71993,296,72163,https://worldathletics.org/records/competition-performance-rankings/ranking/591501
295,591411,"Harry Schulting Games, Vught",NED,30 MAY 2019,30 MAY 2019,35,480,72098,293,72133,https://worldathletics.org/records/competition-performance-rankings/ranking/591411
296,591460,"West Texas A & M Invitational, Canyon, TX",USA,20 APR 2019,20 APR 2019,35,480,72069,295,72104,https://worldathletics.org/records/competition-performance-rankings/ranking/591460
297,594102,"Naoto Tajima Memorial, Yamaguchi",JPN,20 OCT 2019,20 OCT 2019,120,283,71865,298,71985,https://worldathletics.org/records/competition-performance-rankings/ranking/594102
298,591413,"Meeting Maia Cidade do Desporto, Maia",POR,01 JUN 2019,01 JUN 2019,50,425,71915,297,71965,https://worldathletics.org/records/competition-performance-rankings/ranking/591413
299,590951,"International Meeting, Castiglione della Pescaia",ITA,26 MAY 2019,26 MAY 2019,300,172,71647,312,71947,https://worldathletics.org/records/competition-performance-rankings/ranking/590951
300,589526,"GPS Orlando Guaita, Santiago de Chile",CHI,06 APR 2019,06 APR 2019,270,181,71676,307,71946,https://worldathletics.org/records/competition-performance-rankings/ranking/589526
301,595825,"UK Women's League Premier Division, Birmingham",GBR,03 AUG 2019,03 AUG 2019,100,307,71844,299,71944,https://worldathletics.org/records/competition-performance-rankings/ranking/595825
302,591837,"Gouden Spike, Leiden",NED,08 JUN 2019,08 JUN 2019,190,228,71699,305,71889,https://worldathletics.org/records/competition-performance-rankings/ranking/591837
303,592804,"Meeting Memorial Diego Barranco, Soria",ESP,03 AUG 2019,04 AUG 2019,70,372,71817,303,71887,https://worldathletics.org/records/competition-performance-rankings/ranking/592804
304,589231,"ASU Invitational, Tempe, AZ",USA,22 MAR 2019,23 MAR 2019,65,386,71821,302,71886,https://worldathletics.org/records/competition-performance-rankings/ranking/589231
305,590676,"Swarthmore Final Qualifier Meet, Swarthmore, PA",USA,13 MAY 2019,13 MAY 2019,105,301,71737,304,71842,https://worldathletics.org/records/competition-performance-rankings/ranking/590676
306,591589,"Meeting de Lisboa, Lisboa",POR,10 JUN 2019,10 JUN 2019,170,237,71667,309,71837,https://worldathletics.org/records/competition-performance-rankings/ranking/591589
307,591326,"Colorado Invitational, Boulder, CO",USA,05 APR 2019,06 APR 2019,0,,71831,300,71831,https://worldathletics.org/records/competition-performance-rankings/ranking/591326
308,589693,"Colonial Relays, Williamsburg, VA",USA,04 APR 2019,06 APR 2019,0,,71827,301,71827,https://worldathletics.org/records/competition-performance-rankings/ranking/589693
309,592363,"Trofeo Antonio Prieto, Segovia",ESP,14 JUL 2019,14 JUL 2019,145,255,71662,310,71807,https://worldathletics.org/records/competition-performance-rankings/ranking/592363
310,592947,"International Meeting, Warszawa",POL,10 AUG 2019,10 AUG 2019,95,313,71681,306,71776,https://worldathletics.org/records/competition-performance-rankings/ranking/592947
311,591338,"Husker Spring Invite, Lincoln, NE",USA,05 APR 2019,06 APR 2019,10,658,71676,307,71686,https://worldathletics.org/records/competition-performance-rankings/ranking/591338
312,590996,"Tiger Invitational, Memphis, TN",USA,26 APR 2019,27 APR 2019,35,480,71633,313,71668,https://worldathletics.org/records/competition-performance-rankings/ranking/590996
313,591545,"UK Women's League Premier Division, Leigh",GBR,09 JUN 2019,09 JUN 2019,50,425,71616,316,71666,https://worldathletics.org/records/competition-performance-rankings/ranking/591545
314,587682,"Queen's Grace Jackson Track Meet, Kingston",JAM,26 JAN 2019,26 JAN 2019,550,105,71111,337,71661,https://worldathletics.org/records/competition-performance-rankings/ranking/587682
314,597785,"Colorado State High School Championships, Jeffco Stadium, Lakewood, CO",USA,16 MAY 2019,18 MAY 2019,0,,71661,311,71661,https://worldathletics.org/records/competition-performance-rankings/ranking/597785
316,590048,"John Jacobs Invitational, Norman, OK",USA,19 APR 2019,20 APR 2019,25,533,71625,314,71650,https://worldathletics.org/records/competition-performance-rankings/ranking/590048
317,593138,"Akii Bua Memorial Meet, Mandela National Stadium, Kampala",UGA,01 JUN 2019,01 JUN 2019,20,557,71623,315,71643,https://worldathletics.org/records/competition-performance-rankings/ranking/593138
318,591522,"Arkansas Twilight, Fayetteville, AR",USA,03 MAY 2019,03 MAY 2019,85,331,71532,319,71617,https://worldathletics.org/records/competition-performance-rankings/ranking/591522
319,589076,"Spring Break Classic, Gurabo",PUR,15 MAR 2019,16 MAR 2019,55,415,71546,317,71601,https://worldathletics.org/records/competition-performance-rankings/ranking/589076
320,591367,"David Noble Relays, San Angelo, TX",USA,04 APR 2019,06 APR 2019,35,480,71511,320,71546,https://worldathletics.org/records/competition-performance-rankings/ranking/591367
321,589793,"George Mason Spring Classic, Fairfax, VA",USA,13 APR 2019,13 APR 2019,0,,71540,318,71540,https://worldathletics.org/records/competition-performance-rankings/ranking/589793
322,592494,"Meeting Arcobaleno, Celle Ligure",ITA,18 JUL 2019,18 JUL 2019,150,253,71343,325,71493,https://worldathletics.org/records/competition-performance-rankings/ranking/592494
323,591637,"ACU Last Chance, Abilene, TX",USA,12 MAY 2019,12 MAY 2019,60,400,71408,323,71468,https://worldathletics.org/records/competition-performance-rankings/ranking/591637
324,592065,"Bonus-Track Meeting, Nottwil",SUI,29 JUN 2019,29 JUN 2019,15,606,71430,321,71445,https://worldathletics.org/records/competition-performance-rankings/ranking/592065
325,591365,"Hilltopper Relays, Bowling Green, KY",USA,05 APR 2019,06 APR 2019,0,,71428,322,71428,https://worldathletics.org/records/competition-performance-rankings/ranking/591365
326,593980,"Military Games, Santo Domingo",DOM,02 MAY 2019,04 MAY 2019,120,283,71259,327,71379,https://worldathletics.org/records/competition-performance-rankings/ranking/593980
327,591049,"Ludvík Daňek Memorial, Turnov",CZE,28 MAY 2019,28 MAY 2019,535,108,70842,350,71377,https://worldathletics.org/records/competition-performance-rankings/ranking/591049
328,594580,"Willie Williams Invitational, Tucson, AZ",USA,15 MAR 2019,16 MAR 2019,0,,71360,324,71360,https://worldathletics.org/records/competition-performance-rankings/ranking/594580
329,589242,"New Taipei City Cup, Taipei City",TPE,11 MAR 2019,15 MAR 2019,170,237,71165,333,71335,https://worldathletics.org/records/competition-performance-rankings/ranking/589242
330,589409,"GPS Noemí Simonetto, Concepción del Uruguay",ARG,29 MAR 2019,29 MAR 2019,295,175,71034,341,71329,https://worldathletics.org/records/competition-performance-rankings/ranking/589409
331,592266,"British Athletics League Division Premiership, Sheffield",GBR,06 JUL 2019,06 JUL 2019,45,437,71279,326,71324,https://worldathletics.org/records/competition-performance-rankings/ranking/592266
332,590746,"French Club Championships, Grenoble",FRA,19 MAY 2019,19 MAY 2019,240,196,71050,340,71290,https://worldathletics.org/records/competition-performance-rankings/ranking/590746
333,591536,"Meeting Paco Sanchez Vargas, Granada",ESP,09 JUN 2019,09 JUN 2019,30,507,71258,328,71288,https://worldathletics.org/records/competition-performance-rankings/ranking/591536
334,589018,"Corporate Area Development Meet, Kingston",JAM,08 MAR 2019,09 MAR 2019,30,507,71249,330,71279,https://worldathletics.org/records/competition-performance-rankings/ranking/589018
335,591372,"Sparkassenmeeting, Jena",GER,01 JUN 2019,01 JUN 2019,15,606,71253,329,71268,https://worldathletics.org/records/competition-performance-rankings/ranking/591372
336,589085,"UNLV Invitational / Sheila Tarr-Smith Multi, Las Vegas, NV",USA,14 MAR 2019,16 MAR 2019,15,606,71242,331,71257,https://worldathletics.org/records/competition-performance-rankings/ranking/589085
337,590933,"Romanian Cup, Bucureşti",ROU,24 MAY 2019,25 MAY 2019,85,331,71141,335,71226,https://worldathletics.org/records/competition-performance-rankings/ranking/590933
338,598424,"GHSA State Ch. (1A Private, 2A & 7A), Valhalla Stadium @ Berry College, Mount Berry, GA",USA,09 MAY 2019,11 MAY 2019,0,,71199,332,71199,https://worldathletics.org/records/competition-performance-rankings/ranking/598424
339,592603,"36th Tokai University vs Nihon University, Odawara",JPN,06 APR 2019,06 APR 2019,40,461,71148,334,71188,https://worldathletics.org/records/competition-performance-rankings/ranking/592603
340,593137,"5th UAF Trials, Mandela National Stadium, Kampala",UGA,11 MAY 2019,11 MAY 2019,35,480,71128,336,71163,https://worldathletics.org/records/competition-performance-rankings/ranking/593137
341,588118,"Youngster Goldsmith Classics, Kingston",JAM,02 FEB 2019,02 FEB 2019,130,264,71032,342,71162,https://worldathletics.org/records/competition-performance-rankings/ranking/588118
342,591465,"Kentucky Invitational, Lexington, KY",USA,20 APR 2019,20 APR 2019,60,400,71075,339,71135,https://worldathletics.org/records/competition-performance-rankings/ranking/591465
343,590753,"Kelet Cup, Debrecen",HUN,18 MAY 2019,19 MAY 2019,45,437,71089,338,71134,https://worldathletics.org/records/competition-performance-rankings/ranking/590753
344,591503,"LLAF Cup, Utena",LTU,07 JUN 2019,08 JUN 2019,325,162,70720,356,71045,https://worldathletics.org/records/competition-performance-rankings/ranking/591503
345,593018,"Nordic U20 Match, Kristiansand",NOR,17 AUG 2019,18 AUG 2019,20,557,71011,343,71031,https://worldathletics.org/records/competition-performance-rankings/ranking/593018
346,589666,"Copa Nuevo León, Monterrey",MEX,16 FEB 2019,17 FEB 2019,75,355,70914,345,70989,https://worldathletics.org/records/competition-performance-rankings/ranking/589666
347,590773,"French Club Championships, Angoulême",FRA,19 MAY 2019,19 MAY 2019,70,372,70904,346,70974,https://worldathletics.org/records/competition-performance-rankings/ranking/590773
348,592602,"Grand Prix CAA, Yaoundé",CMR,20 JUL 2019,20 JUL 2019,0,,70917,344,70917,https://worldathletics.org/records/competition-performance-rankings/ranking/592602
349,589234,"Arkansas Spring Invitational, Fayetteville, AR",USA,22 MAR 2019,23 MAR 2019,0,,70890,347,70890,https://worldathletics.org/records/competition-performance-rankings/ranking/589234
350,591116,"Atlanta Georgia Relays, Atlanta, GA",USA,25 MAY 2019,26 MAY 2019,65,386,70824,352,70889,https://worldathletics.org/records/competition-performance-rankings/ranking/591116
351,591462,"Morgan State Legacy Meet, Baltimore, MD",USA,19 APR 2019,20 APR 2019,15,606,70853,349,70868,https://worldathletics.org/records/competition-performance-rankings/ranking/591462
352,591225,"Adidas Winthrop University Invitational, Rock Hill, SC",USA,21 MAR 2019,23 MAR 2019,5,706,70857,348,70862,https://worldathletics.org/records/competition-performance-rankings/ranking/591225
353,591463,"Auffahrts-Meeting, Langenthal",SUI,30 MAY 2019,30 MAY 2019,10,658,70826,351,70836,https://worldathletics.org/records/competition-performance-rankings/ranking/591463
354,590774,"French Club Championships, Antony",FRA,19 MAY 2019,19 MAY 2019,100,307,70717,357,70817,https://worldathletics.org/records/competition-performance-rankings/ranking/590774
355,591510,"Jack Christiansen Invitational, Fort Collins, CO",USA,27 APR 2019,27 APR 2019,40,461,70772,353,70812,https://worldathletics.org/records/competition-performance-rankings/ranking/591510
356,592995,"OZB-Meeting, Meilen",SUI,17 AUG 2019,17 AUG 2019,40,461,70740,355,70780,https://worldathletics.org/records/competition-performance-rankings/ranking/592995
357,591377,"Charlotte Invitational, Charlotte, NC",USA,12 APR 2019,13 APR 2019,0,,70762,354,70762,https://worldathletics.org/records/competition-performance-rankings/ranking/591377
358,592202,"Klaverblad Arena Games, Hilversum",NED,06 JUL 2019,06 JUL 2019,200,222,70530,367,70730,https://worldathletics.org/records/competition-performance-rankings/ranking/592202
359,591874,"Trofeo Toni Fallai, Conegliano",ITA,21 JUN 2019,21 JUN 2019,130,264,70587,364,70717,https://worldathletics.org/records/competition-performance-rankings/ranking/591874
360,589181,"Wes Kittley Invitational, Abilene, TX",USA,14 MAR 2019,16 MAR 2019,20,557,70674,358,70694,https://worldathletics.org/records/competition-performance-rankings/ranking/589181
361,589306,"USF Bulls Invitational, Tampa, FL",USA,22 MAR 2019,23 MAR 2019,75,355,70608,362,70683,https://worldathletics.org/records/competition-performance-rankings/ranking/589306
362,588896,"AGN League 8, Pretoria",RSA,23 FEB 2019,23 FEB 2019,85,331,70590,363,70675,https://worldathletics.org/records/competition-performance-rankings/ranking/588896
363,591387,"UCONN Northeast Challenge, Storrs, CT",USA,13 APR 2019,13 APR 2019,5,706,70661,359,70666,https://worldathletics.org/records/competition-performance-rankings/ranking/591387
364,592352,"Pader-Meeting, Paderborn",GER,13 JUL 2019,13 JUL 2019,20,557,70630,360,70650,https://worldathletics.org/records/competition-performance-rankings/ranking/592352
365,588771,"AGN League 3, Pretoria",RSA,09 FEB 2019,09 FEB 2019,130,264,70487,368,70617,https://worldathletics.org/records/competition-performance-rankings/ranking/588771
366,590741,"Hürden- und Sprintmeeting, Basel",SUI,18 MAY 2019,18 MAY 2019,5,706,70611,361,70616,https://worldathletics.org/records/competition-performance-rankings/ranking/590741
367,589410,"GPS Hugo La Nasa, Concepción del Uruguay",ARG,31 MAR 2019,31 MAR 2019,340,154,70275,378,70615,https://worldathletics.org/records/competition-performance-rankings/ranking/589410
368,591205,"Baylor Invitational, Waco, TX",USA,23 MAR 2019,23 MAR 2019,15,606,70567,365,70582,https://worldathletics.org/records/competition-performance-rankings/ranking/591205
369,601297,"52nd Kinki High School Competition, Kimiidera Park Athletic Field, Wakayama",JPN,13 SEP 2019,15 SEP 2019,0,,70547,366,70547,https://worldathletics.org/records/competition-performance-rankings/ranking/601297
370,594007,"Coupe de France, Blois",FRA,12 OCT 2019,13 OCT 2019,235,207,70298,376,70533,https://worldathletics.org/records/competition-performance-rankings/ranking/594007
371,590927,"Inter Collegiate Games, Chiayi",TPE,28 APR 2019,01 MAY 2019,90,323,70354,374,70444,https://worldathletics.org/records/competition-performance-rankings/ranking/590927
372,589191,"UTSA Invitational, San Antonio, TX",USA,15 MAR 2019,16 MAR 2019,20,557,70421,371,70441,https://worldathletics.org/records/competition-performance-rankings/ranking/589191
373,590312,"Outdoor Meeting, Biskra",ALG,08 MAR 2019,09 MAR 2019,0,,70438,369,70438,https://worldathletics.org/records/competition-performance-rankings/ranking/590312
374,590572,"Dr. Keeler Invite, Naperville, IL",USA,09 MAY 2019,10 MAY 2019,5,706,70430,370,70435,https://worldathletics.org/records/competition-performance-rankings/ranking/590572
375,591891,"Honvéd Cup, Budapest",HUN,21 JUN 2019,21 JUN 2019,40,461,70357,373,70397,https://worldathletics.org/records/competition-performance-rankings/ranking/591891
376,589414,"GPS 50 Aniversario del CEF, Concepción del Uruguay",ARG,30 MAR 2019,30 MAR 2019,240,196,70148,386,70388,https://worldathletics.org/records/competition-performance-rankings/ranking/589414
377,591275,"2nd Tsukuba University Competition, University Stadium, Tsukuba",JPN,20 APR 2019,21 APR 2019,0,,70385,372,70385,https://worldathletics.org/records/competition-performance-rankings/ranking/591275
378,591347,"Memorial Matica Šušteršiča in Patrika Cvetana, Ljubljana",SLO,05 JUN 2019,05 JUN 2019,110,298,70223,382,70333,https://worldathletics.org/records/competition-performance-rankings/ranking/591347
379,589060,"Houston Spring Break Invitational, Houston, TX",USA,14 MAR 2019,14 MAR 2019,0,,70314,375,70314,https://worldathletics.org/records/competition-performance-rankings/ranking/589060
380,588805,"Rafael Fortun Memorial, Camagüey",CUB,22 FEB 2019,24 FEB 2019,75,355,70233,381,70308,https://worldathletics.org/records/competition-performance-rankings/ranking/588805
381,599929,"Spring Break Classic, Riverside, CA",USA,21 MAR 2019,23 MAR 2019,0,,70291,377,70291,https://worldathletics.org/records/competition-performance-rankings/ranking/599929
382,591829,"Athletics Night, Thun",SUI,19 JUN 2019,19 JUN 2019,25,533,70249,379,70274,https://worldathletics.org/records/competition-performance-rankings/ranking/591829
383,591219,"Prueba de confrontacion 2019, La Habana",CUB,31 MAY 2019,01 JUN 2019,425,128,69845,407,70270,https://worldathletics.org/records/competition-performance-rankings/ranking/591219
384,591876,"Meeting Athletic Elite, Milano",ITA,22 JUN 2019,22 JUN 2019,25,533,70237,380,70262,https://worldathletics.org/records/competition-performance-rankings/ranking/591876
385,602484,"OSU High Performance Meet, Corvallis, OR",USA,26 APR 2019,27 APR 2019,5,706,70217,383,70222,https://worldathletics.org/records/competition-performance-rankings/ranking/602484
386,592601,"45th NSSU vs Chuo University, Yokohama",JPN,06 APR 2019,06 APR 2019,0,,70201,384,70201,https://worldathletics.org/records/competition-performance-rankings/ranking/592601
387,594895,"Ludwig Jall Sportfest, Dantestadion, München",GER,08 JUN 2019,08 JUN 2019,50,425,70143,387,70193,https://worldathletics.org/records/competition-performance-rankings/ranking/594895
388,589637,"South Dakota Challenge, Vermillion, SD",USA,06 APR 2019,06 APR 2019,45,437,70134,389,70179,https://worldathletics.org/records/competition-performance-rankings/ranking/589637
389,591477,"Don McGarey Invitational, Kennesaw, GA",USA,26 APR 2019,27 APR 2019,20,557,70137,388,70157,https://worldathletics.org/records/competition-performance-rankings/ranking/591477
390,598442,"3A-4A-5A SCHSL State Championships, Columbia, SC",USA,10 MAY 2019,11 MAY 2019,0,,70152,385,70152,https://worldathletics.org/records/competition-performance-rankings/ranking/598442
391,589136,"Louisiana Classics, Lafayette, LA",USA,15 MAR 2019,16 MAR 2019,15,606,70131,390,70146,https://worldathletics.org/records/competition-performance-rankings/ranking/589136
391,592265,"Mityng o Różę Kutna, Kutno",POL,07 JUL 2019,07 JUL 2019,20,557,70126,392,70146,https://worldathletics.org/records/competition-performance-rankings/ranking/592265
393,589755,"Segunda Clasificatoria LAI, Ponce",PUR,12 APR 2019,13 APR 2019,25,533,70107,393,70132,https://worldathletics.org/records/competition-performance-rankings/ranking/589755
394,598417,"LHSAA State Outdoor Championships, LSU Bernie Moore Stadium, Baton Rouge, LA",USA,02 MAY 2019,04 MAY 2019,0,,70130,391,70130,https://worldathletics.org/records/competition-performance-rankings/ranking/598417
395,592787,"Int. JOSKO Laufmeeting, Andorf",AUT,03 AUG 2019,03 AUG 2019,170,237,69949,400,70119,https://worldathletics.org/records/competition-performance-rankings/ranking/592787
396,591409,"Gustav Sule Memorial, Tartu",EST,31 MAY 2019,31 MAY 2019,195,225,69920,401,70115,https://worldathletics.org/records/competition-performance-rankings/ranking/591409
397,591511,"Bobcat Classic, San Marcos, TX",USA,26 APR 2019,27 APR 2019,5,706,70083,394,70088,https://worldathletics.org/records/competition-performance-rankings/ranking/591511
398,589980,"Mt. SAC Relays High School, Torrance, CA",USA,18 APR 2019,20 APR 2019,0,,70072,395,70072,https://worldathletics.org/records/competition-performance-rankings/ranking/589980
399,589515,"Big West Challenge, Santa Barbara, CA",USA,05 APR 2019,05 APR 2019,0,,70068,396,70068,https://worldathletics.org/records/competition-performance-rankings/ranking/589515
400,593141,"Athletics Night, Rannastaadion, Pärnu",EST,24 AUG 2019,24 AUG 2019,435,125,69628,418,70063,https://worldathletics.org/records/competition-performance-rankings/ranking/593141
401,591475,"Brutus Hamilton Challenge, Berkeley, CA",USA,26 APR 2019,27 APR 2019,5,706,70027,397,70032,https://worldathletics.org/records/competition-performance-rankings/ranking/591475
402,591457,"PURE Athletics/NTC Spring Classic, Clermont, FL",USA,20 APR 2019,20 APR 2019,730,83,69293,449,70023,https://worldathletics.org/records/competition-performance-rankings/ranking/591457
403,591379,"Incarnate Word Invitational, San Antonio, TX",USA,12 APR 2019,13 APR 2019,45,437,69956,399,70001,https://worldathletics.org/records/competition-performance-rankings/ranking/591379
404,591359,"Mizzou Spring Open, Columbia, MO",USA,06 APR 2019,06 APR 2019,30,507,69966,398,69996,https://worldathletics.org/records/competition-performance-rankings/ranking/591359
405,590336,"Howard Wood Dakota Relays, Sioux Falls, SD",USA,03 MAY 2019,04 MAY 2019,75,355,69865,404,69940,https://worldathletics.org/records/competition-performance-rankings/ranking/590336
406,589737,"Joe Walker Invitational, Oxford, MS",USA,12 APR 2019,13 APR 2019,15,606,69915,402,69930,https://worldathletics.org/records/competition-performance-rankings/ranking/589737
407,592252,"HUN-CZE-SLO-SVK U20 Match, Győr",HUN,07 JUL 2019,07 JUL 2019,20,557,69873,403,69893,https://worldathletics.org/records/competition-performance-rankings/ranking/592252
408,591264,"1st Tsukuba University Competition, University Stadium, Tsukuba",JPN,06 APR 2019,07 APR 2019,55,415,69821,408,69876,https://worldathletics.org/records/competition-performance-rankings/ranking/591264
409,591647,"National Meeting, Kropyvnytskiy",UKR,11 JUN 2019,11 JUN 2019,25,533,69850,405,69875,https://worldathletics.org/records/competition-performance-rankings/ranking/591647
410,589654,"North Texas Classic, Denton, TX",USA,06 APR 2019,06 APR 2019,20,557,69850,405,69870,https://worldathletics.org/records/competition-performance-rankings/ranking/589654
411,592929,"Tähtikisat, Helsinki",FIN,12 AUG 2019,12 AUG 2019,120,283,69712,413,69832,https://worldathletics.org/records/competition-performance-rankings/ranking/592929
412,590527,"IF-Southern Section Division 1 Prelims, Mission Viejo, CA",USA,04 MAY 2019,04 MAY 2019,0,,69806,409,69806,https://worldathletics.org/records/competition-performance-rankings/ranking/590527
413,589719,"Leon Johnson Invitational, Natchitoches, LA",USA,12 APR 2019,12 APR 2019,5,706,69795,410,69800,https://worldathletics.org/records/competition-performance-rankings/ranking/589719
414,597797,"Susanne Meier Memorial, Basel",SUI,10 JUN 2019,10 JUN 2019,35,480,69736,412,69771,https://worldathletics.org/records/competition-performance-rankings/ranking/597797
415,589542,"Gibson Invitational, Terre Haute, IN",USA,06 APR 2019,06 APR 2019,0,,69755,411,69755,https://worldathletics.org/records/competition-performance-rankings/ranking/589542
416,591600,"Academica, Praha",CZE,11 JUN 2019,11 JUN 2019,70,372,69679,414,69749,https://worldathletics.org/records/competition-performance-rankings/ranking/591600
417,590561,"Dutch Club Championships, Vught",NED,11 MAY 2019,11 MAY 2019,120,283,69625,419,69745,https://worldathletics.org/records/competition-performance-rankings/ranking/590561
418,590405,"GP Manuel Consigliere, Lima",PER,05 MAY 2019,05 MAY 2019,250,192,69489,432,69739,https://worldathletics.org/records/competition-performance-rankings/ranking/590405
419,589804,"Bojangles Classic, Columbia, SC",USA,12 APR 2019,13 APR 2019,60,400,69643,417,69703,https://worldathletics.org/records/competition-performance-rankings/ranking/589804
420,598760,"WIAA 2A, 3A, 4A State Ch. Meet, Tacoma, WA",USA,23 MAY 2019,25 MAY 2019,10,658,69670,415,69680,https://worldathletics.org/records/competition-performance-rankings/ranking/598760
421,590709,"Redlands Final Qualifying Meet, Redlands, CA",USA,15 MAY 2019,16 MAY 2019,30,507,69648,416,69678,https://worldathletics.org/records/competition-performance-rankings/ranking/590709
422,592221,"Meeting de la Gruyère, Bulle",SUI,07 JUL 2019,07 JUL 2019,75,355,69572,424,69647,https://worldathletics.org/records/competition-performance-rankings/ranking/592221
423,592614,"HCMC Open Meet, Ho Chi-Minh",VIE,17 JUL 2019,19 JUL 2019,65,386,69574,423,69639,https://worldathletics.org/records/competition-performance-rankings/ranking/592614
424,590053,"Tom Botts Invitational, Columbia, MO",USA,19 APR 2019,20 APR 2019,30,507,69598,422,69628,https://worldathletics.org/records/competition-performance-rankings/ranking/590053
425,590687,"Titan Twilight Open, Fullerton, CA",USA,03 MAY 2019,03 MAY 2019,10,658,69611,420,69621,https://worldathletics.org/records/competition-performance-rankings/ranking/590687
426,588920,"Sam Burley Hall of Fame Invitational, Miami, FL",USA,01 MAR 2019,02 MAR 2019,0,,69602,421,69602,https://worldathletics.org/records/competition-performance-rankings/ranking/588920
427,591685,"Spanish Club Championships, Córdoba",ESP,15 JUN 2019,15 JUN 2019,35,480,69547,426,69582,https://worldathletics.org/records/competition-performance-rankings/ranking/591685
428,589657,"All-Comers Meet, Ijebu Ode",NGR,05 APR 2019,05 APR 2019,0,,69557,425,69557,https://worldathletics.org/records/competition-performance-rankings/ranking/589657
429,587361,"Capital Classic, Wellington",NZL,18 JAN 2019,18 JAN 2019,70,372,69485,433,69555,https://worldathletics.org/records/competition-performance-rankings/ranking/587361
430,590569,"British Athletics League, Swansea",GBR,12 MAY 2019,12 MAY 2019,10,658,69544,427,69554,https://worldathletics.org/records/competition-performance-rankings/ranking/590569
431,589417,"Embry-Riddle Spike's Classic, Daytona Beach, FL",USA,29 MAR 2019,30 MAR 2019,10,658,69535,428,69545,https://worldathletics.org/records/competition-performance-rankings/ranking/589417
432,592762,"5éme Meeting Fédéral, Taza",MAR,07 JUL 2019,07 JUL 2019,50,425,69485,433,69535,https://worldathletics.org/records/competition-performance-rankings/ranking/592762
433,590993,"Gina Relays, Hillsdale, MI",USA,25 APR 2019,27 APR 2019,0,,69533,429,69533,https://worldathletics.org/records/competition-performance-rankings/ranking/590993
434,589659,"Johnson C. Smith Invitational, Charlotte, NC",USA,05 APR 2019,06 APR 2019,0,,69511,430,69511,https://worldathletics.org/records/competition-performance-rankings/ranking/589659
435,590539,"AHSAA State 4A-7A, Gulf Shores, AL",USA,02 MAY 2019,04 MAY 2019,0,,69508,431,69508,https://worldathletics.org/records/competition-performance-rankings/ranking/590539
436,590541,"West Point Army Twilight, West Point, NY",USA,09 MAY 2019,09 MAY 2019,45,437,69448,436,69493,https://worldathletics.org/records/competition-performance-rankings/ranking/590541
437,591464,"Pacesetter Invitational, Terre Haute, IN",USA,18 APR 2019,20 APR 2019,5,706,69457,435,69462,https://worldathletics.org/records/competition-performance-rankings/ranking/591464
438,592707,"Illinois Twilight, Champaign, IL",USA,13 APR 2019,13 APR 2019,65,386,69392,440,69457,https://worldathletics.org/records/competition-performance-rankings/ranking/592707
439,598178,"National Athletics Division Invitational Tournament-Northeast China, Beijing",CHN,11 MAY 2019,12 MAY 2019,25,533,69423,437,69448,https://worldathletics.org/records/competition-performance-rankings/ranking/598178
440,592624,"National Permit Meeting, Novo Mesto",SLO,24 JUL 2019,24 JUL 2019,200,222,69229,450,69429,https://worldathletics.org/records/competition-performance-rankings/ranking/592624
440,593795,"Autumn Cup, Taipei City",TPE,19 SEP 2019,22 SEP 2019,65,386,69364,441,69429,https://worldathletics.org/records/competition-performance-rankings/ranking/593795
442,589427,"Titan Team Challenge, Fullerton, CA",USA,30 MAR 2019,30 MAR 2019,0,,69423,437,69423,https://worldathletics.org/records/competition-performance-rankings/ranking/589427
443,591336,"Jim Mize Invitational, Ruston, LA",USA,05 APR 2019,06 APR 2019,0,,69418,439,69418,https://worldathletics.org/records/competition-performance-rankings/ranking/591336
444,588129,"Porritt Classic, Hamilton",NZL,09 FEB 2019,09 FEB 2019,55,415,69339,442,69394,https://worldathletics.org/records/competition-performance-rankings/ranking/588129
445,591104,"Osterode Int. Sparkassen-Meeting, Osterode",GER,29 MAY 2019,29 MAY 2019,75,355,69308,445,69383,https://worldathletics.org/records/competition-performance-rankings/ranking/591104
446,589781,"Illini Twilight, Champaign, IL",USA,13 APR 2019,13 APR 2019,65,386,69298,448,69363,https://worldathletics.org/records/competition-performance-rankings/ranking/589781
447,591857,"Meeting, Zeulenroda",GER,21 JUN 2019,21 JUN 2019,255,187,69102,455,69357,https://worldathletics.org/records/competition-performance-rankings/ranking/591857
448,589564,"UW vs WSU Dual, Seattle, WA",USA,06 APR 2019,06 APR 2019,10,658,69337,443,69347,https://worldathletics.org/records/competition-performance-rankings/ranking/589564
449,589189,"Bob Hayes Invitational, Jacksonville, FL",USA,16 MAR 2019,16 MAR 2019,0,,69330,444,69330,https://worldathletics.org/records/competition-performance-rankings/ranking/589189
450,591221,"ESU Spring Invitational, Emporia, KS",USA,23 MAR 2019,23 MAR 2019,20,557,69304,446,69324,https://worldathletics.org/records/competition-performance-rankings/ranking/591221
451,591815,"CALTAF Classic, Calgary",CAN,14 JUN 2019,16 JUN 2019,15,606,69301,447,69316,https://worldathletics.org/records/competition-performance-rankings/ranking/591815
452,593090,"Uzbek Athletics Open Cup, Tashkent",UZB,17 AUG 2019,18 AUG 2019,125,275,69174,452,69299,https://worldathletics.org/records/competition-performance-rankings/ranking/593090
453,591031,"CVEATC HP #1, Chula Vista, CA",USA,26 MAY 2019,26 MAY 2019,355,149,68833,467,69188,https://worldathletics.org/records/competition-performance-rankings/ranking/591031
454,591473,"Wendy's/PSU Invitational, Pittsburg, KS",USA,26 APR 2019,26 APR 2019,0,,69186,451,69186,https://worldathletics.org/records/competition-performance-rankings/ranking/591473
455,589050,"City Championships, Kaohsiung",TPE,18 FEB 2019,21 FEB 2019,120,283,69061,458,69181,https://worldathletics.org/records/competition-performance-rankings/ranking/589050
456,591396,"Challenge Meeting, Valence",FRA,01 JUN 2019,01 JUN 2019,45,437,69123,453,69168,https://worldathletics.org/records/competition-performance-rankings/ranking/591396
457,591391,"Metropolitan Ch., Piscataway, NJ",USA,12 APR 2019,13 APR 2019,5,706,69113,454,69118,https://worldathletics.org/records/competition-performance-rankings/ranking/591391
458,591280,"Ludwik Szumlewski Memorial, Łódź",POL,01 JUN 2019,01 JUN 2019,45,437,69049,460,69094,https://worldathletics.org/records/competition-performance-rankings/ranking/591280
459,593089,"Dogwood Track Classic, Charlottesville, VA",USA,03 MAY 2019,04 MAY 2019,0,,69084,456,69084,https://worldathletics.org/records/competition-performance-rankings/ranking/593089
460,589366,"Southern Miss Invitational, Hattiesburg, MS",USA,29 MAR 2019,30 MAR 2019,5,706,69063,457,69068,https://worldathletics.org/records/competition-performance-rankings/ranking/589366
460,592351,"Foote Field Open, Edmonton",CAN,28 JUN 2019,30 JUN 2019,15,606,69053,459,69068,https://worldathletics.org/records/competition-performance-rankings/ranking/592351
462,591265,"Oral Roberts Invitational, Tulsa, OK",USA,29 MAR 2019,30 MAR 2019,15,606,69040,461,69055,https://worldathletics.org/records/competition-performance-rankings/ranking/591265
463,590420,"Ward Haylett Invitational, Manhattan, KS",USA,03 MAY 2019,04 MAY 2019,65,386,68968,462,69033,https://worldathletics.org/records/competition-performance-rankings/ranking/590420
464,592871,"Circuito Bandeirante, Sao Bernardo do Campo",BRA,03 AUG 2019,03 AUG 2019,95,313,68853,465,68948,https://worldathletics.org/records/competition-performance-rankings/ranking/592871
465,591664,"Pfingstsportfest, Zeven",GER,08 JUN 2019,09 JUN 2019,0,,68927,463,68927,https://worldathletics.org/records/competition-performance-rankings/ranking/591664
466,587513,"Central Hurdles and Relays, Spanish Town",JAM,19 JAN 2019,19 JAN 2019,240,196,68668,475,68908,https://worldathletics.org/records/competition-performance-rankings/ranking/587513
467,589777,"Musco Twilight, Iowa City, IA",USA,13 APR 2019,13 APR 2019,30,507,68865,464,68895,https://worldathletics.org/records/competition-performance-rankings/ranking/589777
468,590650,"Invitational Meet, Mito",JPN,05 MAY 2019,05 MAY 2019,80,344,68791,469,68871,https://worldathletics.org/records/competition-performance-rankings/ranking/590650
469,589429,"Fred Hardy Invitational, Richmond, VA",USA,29 MAR 2019,30 MAR 2019,0,,68850,466,68850,https://worldathletics.org/records/competition-performance-rankings/ranking/589429
470,591655,"DSC Jugendmeeting, Dresden",GER,18 MAY 2019,18 MAY 2019,5,706,68827,468,68832,https://worldathletics.org/records/competition-performance-rankings/ranking/591655
471,589655,"Army vs. Navy Star Meet, Annapolis, MD",USA,06 APR 2019,06 APR 2019,0,,68753,470,68753,https://worldathletics.org/records/competition-performance-rankings/ranking/589655
472,588996,"Ben Brown Invitational, Fullerton, CA",USA,08 MAR 2019,09 MAR 2019,40,461,68695,473,68735,https://worldathletics.org/records/competition-performance-rankings/ranking/588996
473,591561,"Nebraska Invitational, Lincoln, NE",USA,04 MAY 2019,04 MAY 2019,15,606,68717,471,68732,https://worldathletics.org/records/competition-performance-rankings/ranking/591561
474,590072,"UIL 6A - District 7-8 Area Meet, Waxahachie, TX",USA,18 APR 2019,18 APR 2019,0,,68704,472,68704,https://worldathletics.org/records/competition-performance-rankings/ranking/590072
474,591184,"Spanish Club Championships, San Sebastián",ESP,01 JUN 2019,01 JUN 2019,35,480,68669,474,68704,https://worldathletics.org/records/competition-performance-rankings/ranking/591184
476,592552,"Estonian Cup, Pärnu",EST,21 JUL 2019,21 JUL 2019,70,372,68623,478,68693,https://worldathletics.org/records/competition-performance-rankings/ranking/592552
477,591640,"Sam Williams Qualifier, Emporia, KS",USA,11 MAY 2019,11 MAY 2019,35,480,68607,481,68642,https://worldathletics.org/records/competition-performance-rankings/ranking/591640
478,589753,"Harvard-Yale Dual Meet, New Haven, CT",USA,13 APR 2019,13 APR 2019,0,,68641,476,68641,https://worldathletics.org/records/competition-performance-rankings/ranking/589753
479,591204,"CSU Fum McGraw Quadrangular, Fort Collins, CO",USA,22 MAR 2019,23 MAR 2019,20,557,68620,479,68640,https://worldathletics.org/records/competition-performance-rankings/ranking/591204
480,591405,"Tokai Collegiate Spring Competition, Chita",JPN,07 APR 2019,07 APR 2019,0,,68638,477,68638,https://worldathletics.org/records/competition-performance-rankings/ranking/591405
481,588527,"Isaac Henry Invitational, Kingston",JAM,16 FEB 2019,16 FEB 2019,40,461,68589,482,68629,https://worldathletics.org/records/competition-performance-rankings/ranking/588527
482,589566,"SBU Invite, Bolivar, MO",USA,06 APR 2019,06 APR 2019,0,,68617,480,68617,https://worldathletics.org/records/competition-performance-rankings/ranking/589566
483,593485,"Swiss Club Championships, Stadion Wankdorf, Bern",SUI,14 SEP 2019,14 SEP 2019,25,533,68573,484,68598,https://worldathletics.org/records/competition-performance-rankings/ranking/593485
484,590800,"Gent Belgian Club Championships, Gent",BEL,18 MAY 2019,18 MAY 2019,35,480,68553,485,68588,https://worldathletics.org/records/competition-performance-rankings/ranking/590800
485,590681,"Glenn D. Loucks Games, White Plains, NY",USA,09 MAY 2019,11 MAY 2019,0,,68582,483,68582,https://worldathletics.org/records/competition-performance-rankings/ranking/590681
486,589562,"The Big Meet, Palo Alto, CA",USA,06 APR 2019,06 APR 2019,35,480,68535,489,68570,https://worldathletics.org/records/competition-performance-rankings/ranking/589562
487,594579,"Spring Break Collegiate Invitational, Irvine, CA",USA,15 MAR 2019,16 MAR 2019,30,507,68537,488,68567,https://worldathletics.org/records/competition-performance-rankings/ranking/594579
488,592419,"Necheukhin Memorial, Chelyabinsk",RUS,12 JUL 2019,12 JUL 2019,15,606,68540,487,68555,https://worldathletics.org/records/competition-performance-rankings/ranking/592419
489,590373,"French Club Championships, Cergy-Pontoise",FRA,05 MAY 2019,05 MAY 2019,240,196,68313,504,68553,https://worldathletics.org/records/competition-performance-rankings/ranking/590373
490,589727,"Athletics Grand Prix Series, Bloemfontein",RSA,13 APR 2019,13 APR 2019,150,253,68402,497,68552,https://worldathletics.org/records/competition-performance-rankings/ranking/589727
491,590923,"3rd Juntendo University Meet, Inzai",JPN,04 MAY 2019,04 MAY 2019,0,,68546,486,68546,https://worldathletics.org/records/competition-performance-rankings/ranking/590923
492,587592,"Hunter Track Classic, Glendale",AUS,25 JAN 2019,25 JAN 2019,90,323,68429,493,68519,https://worldathletics.org/records/competition-performance-rankings/ranking/587592
493,592393,"Adam Sanford NYC Invitational, New York, NY",USA,13 JUL 2019,13 JUL 2019,165,243,68321,501,68486,https://worldathletics.org/records/competition-performance-rankings/ranking/592393
494,591176,"Spanish Club Championships, Castellón",ESP,01 JUN 2019,01 JUN 2019,45,437,68433,492,68478,https://worldathletics.org/records/competition-performance-rankings/ranking/591176
495,590529,"2nd Kansai District Collegiate Competition, Osaka",JPN,13 MAR 2019,14 MAR 2019,10,658,68452,490,68462,https://worldathletics.org/records/competition-performance-rankings/ranking/590529
496,590742,"NCAA Final Qualifier at UW-La Crosse, La Crosse, WI",USA,16 MAY 2019,16 MAY 2019,0,,68452,490,68452,https://worldathletics.org/records/competition-performance-rankings/ranking/590742
497,592519,"Sommersportfest, Mannheim",GER,19 JUL 2019,19 JUL 2019,125,275,68321,501,68446,https://worldathletics.org/records/competition-performance-rankings/ranking/592519
498,590915,"Korean Club Championships, Yecheon",KOR,24 APR 2019,26 APR 2019,0,,68429,493,68429,https://worldathletics.org/records/competition-performance-rankings/ranking/590915
499,591452,"Mule Relays, Warrensburg, MO",USA,19 APR 2019,19 APR 2019,0,,68421,495,68421,https://worldathletics.org/records/competition-performance-rankings/ranking/591452
500,588292,"Camperdown Classic, Kingston",JAM,09 FEB 2019,09 FEB 2019,10,658,68407,496,68417,https://worldathletics.org/records/competition-performance-rankings/ranking/588292
501,590805,"Belgian Club Championships, Nivelles",BEL,19 MAY 2019,19 MAY 2019,90,323,68318,503,68408,https://worldathletics.org/records/competition-performance-rankings/ranking/590805
502,593033,"Torneio Valdir José Barbanti, São Paulo",BRA,18 AUG 2019,18 AUG 2019,175,232,68214,509,68389,https://worldathletics.org/records/competition-performance-rankings/ranking/593033
503,591479,"Meeting National, Angoulême",FRA,07 JUN 2019,07 JUN 2019,135,262,68237,507,68372,https://worldathletics.org/records/competition-performance-rankings/ranking/591479
504,590303,"8th Kokushikan University Competition, Tama",JPN,22 MAR 2019,24 MAR 2019,45,437,68304,505,68349,https://worldathletics.org/records/competition-performance-rankings/ranking/590303
505,589784,"Ocean State Invitational, Providence, RI",USA,12 APR 2019,13 APR 2019,0,,68345,498,68345,https://worldathletics.org/records/competition-performance-rankings/ranking/589784
506,591551,"Flo Golden South Classic, Orlando, FL",USA,18 MAY 2019,18 MAY 2019,5,706,68337,499,68342,https://worldathletics.org/records/competition-performance-rankings/ranking/591551
507,590959,"Gregory Final Qualifier, Naperville, IL",USA,15 MAY 2019,16 MAY 2019,5,706,68334,500,68339,https://worldathletics.org/records/competition-performance-rankings/ranking/590959
508,591950,"Malopolski Stars Memorial, Kraków",POL,22 JUN 2019,22 JUN 2019,0,,68268,506,68268,https://worldathletics.org/records/competition-performance-rankings/ranking/591950
509,589656,"AGN League 10, Pretoria",RSA,05 MAR 2019,05 MAR 2019,75,355,68177,511,68252,https://worldathletics.org/records/competition-performance-rankings/ranking/589656
510,588983,"Oxy Distance Carnival Spring Break Classic, Los Angeles, CA",USA,09 MAR 2019,09 MAR 2019,15,606,68223,508,68238,https://worldathletics.org/records/competition-performance-rankings/ranking/588983
511,589787,"Woody Wilson Classic, Davis, CA",USA,13 APR 2019,13 APR 2019,0,,68192,510,68192,https://worldathletics.org/records/competition-performance-rankings/ranking/589787
512,591203,"SIU Bill Cornell Spring Classic, Carbondale, IL",USA,22 MAR 2019,23 MAR 2019,145,255,68046,517,68191,https://worldathletics.org/records/competition-performance-rankings/ranking/591203
513,589244,"Herm Wilson Invitational, Wichita, KS",USA,21 MAR 2019,23 MAR 2019,10,658,68150,513,68160,https://worldathletics.org/records/competition-performance-rankings/ranking/589244
514,589157,"Ross and Sharon Irwin Invite, San Diego, CA",USA,16 MAR 2019,16 MAR 2019,0,,68152,512,68152,https://worldathletics.org/records/competition-performance-rankings/ranking/589157
515,589807,"David Suenram Gorilla Classic, Pittsburg, KS",USA,13 APR 2019,13 APR 2019,0,,68149,514,68149,https://worldathletics.org/records/competition-performance-rankings/ranking/589807
516,589593,"Virginia v. Maryland, Pitt, West Virginia, Charlottesville, VA",USA,06 APR 2019,06 APR 2019,35,480,68110,516,68145,https://worldathletics.org/records/competition-performance-rankings/ranking/589593
517,589716,"Cerritos Invitational, Norwalk, CA",USA,12 APR 2019,12 APR 2019,10,658,68126,515,68136,https://worldathletics.org/records/competition-performance-rankings/ranking/589716
518,591485,"Memorial Jos Verstockt, Lier",BEL,08 JUN 2019,08 JUN 2019,130,264,67990,520,68120,https://worldathletics.org/records/competition-performance-rankings/ranking/591485
519,591668,"Meeting National, Hérouville",FRA,13 JUN 2019,13 JUN 2019,245,195,67870,532,68115,https://worldathletics.org/records/competition-performance-rankings/ranking/591668
520,592864,"Meeting, Minsk",BLR,02 AUG 2019,02 AUG 2019,210,217,67899,531,68109,https://worldathletics.org/records/competition-performance-rankings/ranking/592864
521,592743,"6ème Meeting Federal, Casablanca",MAR,17 JUL 2019,17 JUL 2019,10,658,68011,518,68021,https://worldathletics.org/records/competition-performance-rankings/ranking/592743
522,598167,"National Athletics Division Invitational Tournament-Southwest China, Chengdu",CHN,06 MAY 2019,07 MAY 2019,0,,68006,519,68006,https://worldathletics.org/records/competition-performance-rankings/ranking/598167
523,594318,"Juegos Deportivos Nacionales, Santiago de Chile",CHI,18 MAY 2019,19 MAY 2019,70,372,67919,527,67989,https://worldathletics.org/records/competition-performance-rankings/ranking/594318
524,590025,"GVSU Al Owens Classic, Allendale, MI",USA,19 APR 2019,20 APR 2019,5,706,67982,522,67987,https://worldathletics.org/records/competition-performance-rankings/ranking/590025
525,591383,"K T Woodman Classic, Wichita, KS",USA,10 APR 2019,13 APR 2019,0,,67986,521,67986,https://worldathletics.org/records/competition-performance-rankings/ranking/591383
526,591696,"Meeting de Franconville, Franconville",FRA,15 JUN 2019,15 JUN 2019,25,533,67947,524,67972,https://worldathletics.org/records/competition-performance-rankings/ranking/591696
527,589664,"Challenge of Champions, Mobile, AL",USA,06 APR 2019,06 APR 2019,0,,67956,523,67956,https://worldathletics.org/records/competition-performance-rankings/ranking/589664
528,589290,"Dan Stimson Memorial Quad, Williamsburg, VA",USA,23 MAR 2019,23 MAR 2019,0,,67942,525,67942,https://worldathletics.org/records/competition-performance-rankings/ranking/589290
529,588677,"Indian Grand Prix 1, Patiala",IND,23 FEB 2019,23 FEB 2019,160,245,67780,539,67940,https://worldathletics.org/records/competition-performance-rankings/ranking/588677
530,590914,"2nd Juntendo University Meet, Inzai",JPN,03 MAY 2019,03 MAY 2019,0,,67926,526,67926,https://worldathletics.org/records/competition-performance-rankings/ranking/590914
531,591434,"Carnival, Marugame",JPN,20 APR 2019,21 APR 2019,0,,67918,528,67918,https://worldathletics.org/records/competition-performance-rankings/ranking/591434
532,591335,"Bill Carson Invitational, Greenville, NC",USA,05 APR 2019,06 APR 2019,0,,67912,529,67912,https://worldathletics.org/records/competition-performance-rankings/ranking/591335
533,591368,"Spartan Invitational, East Lansing, MI",USA,05 APR 2019,06 APR 2019,0,,67911,530,67911,https://worldathletics.org/records/competition-performance-rankings/ranking/591368
534,589219,"SOPAC All-comers, Sydney",AUS,23 MAR 2019,23 MAR 2019,20,557,67869,533,67889,https://worldathletics.org/records/competition-performance-rankings/ranking/589219
535,591813,"Papaflessia, Kalamata",GRE,19 JUN 2019,19 JUN 2019,25,533,67861,534,67886,https://worldathletics.org/records/competition-performance-rankings/ranking/591813
536,589628,"PUMA School of Speed, Pretoria",RSA,02 MAR 2019,02 MAR 2019,0,,67860,535,67860,https://worldathletics.org/records/competition-performance-rankings/ranking/589628
537,589421,"Emory Classic, Atlanta, GA",USA,29 MAR 2019,30 MAR 2019,0,,67839,536,67839,https://worldathletics.org/records/competition-performance-rankings/ranking/589421
538,588714,"Primera Clasificatoria LAI, Ponce",PUR,22 FEB 2019,23 FEB 2019,35,480,67799,538,67834,https://worldathletics.org/records/competition-performance-rankings/ranking/588714
539,588863,"CAL Opener, Berkeley, CA",USA,02 MAR 2019,02 MAR 2019,0,,67833,537,67833,https://worldathletics.org/records/competition-performance-rankings/ranking/588863
540,590099,"UIL 5A/6A - District 19-20 Area Meet, Katy, TX",USA,18 APR 2019,18 APR 2019,0,,67777,540,67777,https://worldathletics.org/records/competition-performance-rankings/ranking/590099
541,590185,"BUCS Trials & Open, Loughborough",GBR,27 APR 2019,27 APR 2019,0,,67728,541,67728,https://worldathletics.org/records/competition-performance-rankings/ranking/590185
542,593074,"Memorial M. Zhelobovski, Minsk",BLR,20 AUG 2019,20 AUG 2019,170,237,67549,557,67719,https://worldathletics.org/records/competition-performance-rankings/ranking/593074
543,589082,"Alan Connie Shamrock Invitational, Myrtle Beach, SC",USA,14 MAR 2019,16 MAR 2019,0,,67710,542,67710,https://worldathletics.org/records/competition-performance-rankings/ranking/589082
544,591591,"UK Women's League Division 1, Hendon",GBR,09 JUN 2019,09 JUN 2019,0,,67698,543,67698,https://worldathletics.org/records/competition-performance-rankings/ranking/591591
545,590528,"2nd Osaka Athletics Time Trials, Osaka",JPN,13 APR 2019,14 APR 2019,0,,67696,544,67696,https://worldathletics.org/records/competition-performance-rankings/ranking/590528
546,592491,"Häme Games, Riihimäki",FIN,18 JUL 2019,18 JUL 2019,20,557,67666,545,67686,https://worldathletics.org/records/competition-performance-rankings/ranking/592491
547,593134,"3rd TBAC Invitational Meeting, Kampala",UGA,03 AUG 2019,03 AUG 2019,0,,67658,546,67658,https://worldathletics.org/records/competition-performance-rankings/ranking/593134
548,591048,"BRIXIA Meeting, Bressanone, Trentino-Alto Adige",ITA,26 MAY 2019,26 MAY 2019,0,,67657,547,67657,https://worldathletics.org/records/competition-performance-rankings/ranking/591048
549,592060,"Campeonato Prejuegos, Cali",COL,22 JUN 2019,23 JUN 2019,50,425,67601,551,67651,https://worldathletics.org/records/competition-performance-rankings/ranking/592060
550,590069,"UIL 6A - District 15-16 Area Meet, Humble, TX",USA,20 APR 2019,20 APR 2019,0,,67633,548,67633,https://worldathletics.org/records/competition-performance-rankings/ranking/590069
551,591427,"Coach Pollard Invite, Bethlehem, PA",USA,12 APR 2019,13 APR 2019,0,,67617,549,67617,https://worldathletics.org/records/competition-performance-rankings/ranking/591427
552,591822,"Trofeo Nacional Atletismo ""Nocturna de Gandía"", Gandía",ESP,19 JUN 2019,19 JUN 2019,65,386,67549,557,67614,https://worldathletics.org/records/competition-performance-rankings/ranking/591822
553,589669,"Friends University Spring Open, Wichita, KS",USA,05 APR 2019,06 APR 2019,0,,67612,550,67612,https://worldathletics.org/records/competition-performance-rankings/ranking/589669
554,591178,"Spanish Club Championships, Málaga",ESP,01 JUN 2019,01 JUN 2019,0,,67595,552,67595,https://worldathletics.org/records/competition-performance-rankings/ranking/591178
555,591642,"Serbian Cup, Beograd",SRB,08 JUN 2019,09 JUN 2019,15,606,67574,553,67589,https://worldathletics.org/records/competition-performance-rankings/ranking/591642
556,592335,"Meeting de La Roche sur Yon, La Roche-sur-Yon",FRA,12 JUL 2019,12 JUL 2019,25,533,67554,556,67579,https://worldathletics.org/records/competition-performance-rankings/ranking/592335
557,591798,"Huddingespelen, Huddinge",SWE,14 JUN 2019,16 JUN 2019,10,658,67567,554,67577,https://worldathletics.org/records/competition-performance-rankings/ranking/591798
558,589059,"Collegiate Challenge, San Diego, CA",USA,09 MAR 2019,09 MAR 2019,0,,67563,555,67563,https://worldathletics.org/records/competition-performance-rankings/ranking/589059
559,591911,"Juhannuskisat, Saarijärvi",FIN,23 JUN 2019,23 JUN 2019,205,219,67348,570,67553,https://worldathletics.org/records/competition-performance-rankings/ranking/591911
560,590530,"23rd Okinawa Athletics Spring Time Trials, Okinawa",JPN,09 MAR 2019,09 MAR 2019,45,437,67483,564,67528,https://worldathletics.org/records/competition-performance-rankings/ranking/590530
561,592888,"Phoenix Invitational, Elon, NC",USA,06 APR 2019,06 APR 2019,0,,67519,559,67519,https://worldathletics.org/records/competition-performance-rankings/ranking/592888
562,589738,"East Texas Invitational, Commerce, TX",USA,11 APR 2019,12 APR 2019,0,,67513,560,67513,https://worldathletics.org/records/competition-performance-rankings/ranking/589738
563,589073,"Jaguar Opener, Mobile, AL",USA,15 MAR 2019,15 MAR 2019,0,,67496,561,67496,https://worldathletics.org/records/competition-performance-rankings/ranking/589073
564,590155,"Causeway Classic Dual, Davis, CA",USA,26 APR 2019,26 APR 2019,0,,67486,562,67486,https://worldathletics.org/records/competition-performance-rankings/ranking/590155
564,593191,"Tokai University Competition, Tokai University Stadium, Hiratsuka",JPN,04 MAY 2019,04 MAY 2019,0,,67486,562,67486,https://worldathletics.org/records/competition-performance-rankings/ranking/593191
566,591723,"Aktia Games, Raasepori",FIN,16 JUN 2019,16 JUN 2019,130,264,67342,572,67472,https://worldathletics.org/records/competition-performance-rankings/ranking/591723
567,590876,"Eagle Open at UW-La Crosse, La Crosse, WI",USA,10 MAY 2019,10 MAY 2019,5,706,67447,565,67452,https://worldathletics.org/records/competition-performance-rankings/ranking/590876
568,589890,"Kit Mayer Invite, Golden, CO",USA,13 APR 2019,14 APR 2019,0,,67447,565,67447,https://worldathletics.org/records/competition-performance-rankings/ranking/589890
569,588084,"Potts Classic, Hastings",NZL,26 JAN 2019,26 JAN 2019,315,165,67126,584,67441,https://worldathletics.org/records/competition-performance-rankings/ranking/588084
569,590399,"Grand Prix Mingels, Bruxelles",BEL,05 MAY 2019,05 MAY 2019,5,706,67436,567,67441,https://worldathletics.org/records/competition-performance-rankings/ranking/590399
571,587892,"Jai Taurima Shield, Brisbane",AUS,02 FEB 2019,02 FEB 2019,5,706,67421,568,67426,https://worldathletics.org/records/competition-performance-rankings/ranking/587892
572,589947,"Cal State LA Twilight Open, Los Angeles, CA",USA,18 APR 2019,18 APR 2019,0,,67367,569,67367,https://worldathletics.org/records/competition-performance-rankings/ranking/589947
573,592634,"Welsh Athletics International, Cardiff",GBR,24 JUL 2019,24 JUL 2019,5,706,67345,571,67350,https://worldathletics.org/records/competition-performance-rankings/ranking/592634
574,590398,"French Club Championships, Vénissieux",FRA,05 MAY 2019,05 MAY 2019,140,260,67203,582,67343,https://worldathletics.org/records/competition-performance-rankings/ranking/590398
575,590919,"Memorial Goldoni Benetti, Modena",ITA,22 MAY 2019,22 MAY 2019,10,658,67325,573,67335,https://worldathletics.org/records/competition-performance-rankings/ranking/590919
576,591687,"Spanish Club Championships, Madrid",ESP,15 JUN 2019,15 JUN 2019,25,533,67303,575,67328,https://worldathletics.org/records/competition-performance-rankings/ranking/591687
577,589283,"Penn Challenge, Philadelphia, PA",USA,23 MAR 2019,23 MAR 2019,0,,67325,573,67325,https://worldathletics.org/records/competition-performance-rankings/ranking/589283
578,590418,"Ken Shannon Invitational, Seattle, WA",USA,04 MAY 2019,04 MAY 2019,15,606,67287,576,67302,https://worldathletics.org/records/competition-performance-rankings/ranking/590418
579,592596,"Moskva-St. Peterburg U20 Match, Moskva",RUS,08 JUL 2019,08 JUL 2019,5,706,67287,576,67292,https://worldathletics.org/records/competition-performance-rankings/ranking/592596
580,589887,"Bullis Bulldog Invitational, Potomac, MD",USA,13 APR 2019,13 APR 2019,0,,67260,578,67260,https://worldathletics.org/records/competition-performance-rankings/ranking/589887
581,591263,"Terrier Relays, Spartanburg, SC",USA,29 MAR 2019,30 MAR 2019,0,,67258,579,67258,https://worldathletics.org/records/competition-performance-rankings/ranking/591263
582,589266,"Buccaneer Invitational, Charleston, SC",USA,23 MAR 2019,23 MAR 2019,5,706,67249,580,67254,https://worldathletics.org/records/competition-performance-rankings/ranking/589266
583,590325,"Dinamo Zrinjevac 2019, Zagreb",CRO,04 MAY 2019,04 MAY 2019,190,228,67052,592,67242,https://worldathletics.org/records/competition-performance-rankings/ranking/590325
584,588067,"Prueba de confrontacion 2019, La Habana",CUB,01 FEB 2019,02 FEB 2019,305,169,66921,601,67226,https://worldathletics.org/records/competition-performance-rankings/ranking/588067
585,590906,"3rd Tsukuba University Competition, University Stadium, Tsukuba",JPN,01 MAY 2019,01 MAY 2019,0,,67216,581,67216,https://worldathletics.org/records/competition-performance-rankings/ranking/590906
586,592248,"UK Women's League Division 1, Stevenage",GBR,06 JUL 2019,06 JUL 2019,5,706,67177,583,67182,https://worldathletics.org/records/competition-performance-rankings/ranking/592248
587,592583,"Serbian Cup, Novi Pazar",SRB,20 JUL 2019,21 JUL 2019,75,355,67103,586,67178,https://worldathletics.org/records/competition-performance-rankings/ranking/592583
588,591187,"Spanish Club Championships, Barcelona",ESP,01 JUN 2019,01 JUN 2019,30,507,67124,585,67154,https://worldathletics.org/records/competition-performance-rankings/ranking/591187
589,591939,"Memorial Luca Coscioni, Orvieto",ITA,23 JUN 2019,23 JUN 2019,30,507,67075,588,67105,https://worldathletics.org/records/competition-performance-rankings/ranking/591939
590,593136,"4th UAF Trials, Mandela National Stadium, Kampala",UGA,13 APR 2019,13 APR 2019,5,706,67080,587,67085,https://worldathletics.org/records/competition-performance-rankings/ranking/593136
591,592842,"Westinghouse Gurkspel, Västerås",SWE,03 AUG 2019,04 AUG 2019,25,533,67050,593,67075,https://worldathletics.org/records/competition-performance-rankings/ranking/592842
592,591751,"Dutch Club Championships, Breda",NED,16 JUN 2019,16 JUN 2019,45,437,67029,595,67074,https://worldathletics.org/records/competition-performance-rankings/ranking/591751
593,591724,"Regional Championships, Mont-de-Marsan",FRA,15 JUN 2019,16 JUN 2019,0,,67066,589,67066,https://worldathletics.org/records/competition-performance-rankings/ranking/591724
594,590849,"3éme Meeting Federal, Laayoune",MAR,07 APR 2019,07 APR 2019,0,,67062,590,67062,https://worldathletics.org/records/competition-performance-rankings/ranking/590849
595,589511,"Twilight Invitational, Clinton, MS",USA,05 APR 2019,05 APR 2019,0,,67061,591,67061,https://worldathletics.org/records/competition-performance-rankings/ranking/589511
596,599674,"Mt. Carmel Invitational, Mt. Carmel High School, San Diego, CA",USA,23 MAR 2019,23 MAR 2019,0,,67042,594,67042,https://worldathletics.org/records/competition-performance-rankings/ranking/599674
597,591248,"Swiss Club Championships, Zürich",SUI,02 JUN 2019,02 JUN 2019,0,,67009,596,67009,https://worldathletics.org/records/competition-performance-rankings/ranking/591248
598,590028,"Phil Esten Challenge, La Crosse, WI",USA,18 APR 2019,19 APR 2019,0,,67008,597,67008,https://worldathletics.org/records/competition-performance-rankings/ranking/590028
599,590544,"Spanish Club Championships, Soria",ESP,11 MAY 2019,11 MAY 2019,0,,67001,598,67001,https://worldathletics.org/records/competition-performance-rankings/ranking/590544
600,592689,"International Sprint & Relay Cup, Erzurum",TUR,24 JUL 2019,25 JUL 2019,95,313,66887,605,66982,https://worldathletics.org/records/competition-performance-rankings/ranking/592689
601,592748,"Memorial Emilio Villagrasa, Sagunto",ESP,01 AUG 2019,01 AUG 2019,70,372,66906,604,66976,https://worldathletics.org/records/competition-performance-rankings/ranking/592748
602,598481,"Aggie Iinvitational, Logan, UT",USA,12 APR 2019,13 APR 2019,0,,66939,599,66939,https://worldathletics.org/records/competition-performance-rankings/ranking/598481
603,594745,"Sky Is The Limit, Mölndal",SWE,03 AUG 2019,03 AUG 2019,10,658,66914,603,66924,https://worldathletics.org/records/competition-performance-rankings/ranking/594745
604,591179,"Spanish Club Championships, Valencia",ESP,01 JUN 2019,01 JUN 2019,5,706,66918,602,66923,https://worldathletics.org/records/competition-performance-rankings/ranking/591179
605,591358,"McNeese Spring Time Classic, Lake Charles, LA",USA,06 APR 2019,06 APR 2019,0,,66922,600,66922,https://worldathletics.org/records/competition-performance-rankings/ranking/591358
606,589493,"Tom Benich Invitational, Greeley, CO",USA,31 MAR 2019,31 MAR 2019,20,557,66846,607,66866,https://worldathletics.org/records/competition-performance-rankings/ranking/589493
607,589278,"High Velocity Meet, Melbourne",AUS,21 MAR 2019,21 MAR 2019,0,,66862,606,66862,https://worldathletics.org/records/competition-performance-rankings/ranking/589278
608,591307,"Clean Air Games, Oslo",NOR,04 JUN 2019,04 JUN 2019,375,145,66478,638,66853,https://worldathletics.org/records/competition-performance-rankings/ranking/591307
609,591644,"Jesse Bent Memorial, Coquitlam",CAN,08 JUN 2019,09 JUN 2019,25,533,66826,608,66851,https://worldathletics.org/records/competition-performance-rankings/ranking/591644
610,588759,"ACNW League 4, Potchefstroom",RSA,19 FEB 2019,19 FEB 2019,20,557,66822,609,66842,https://worldathletics.org/records/competition-performance-rankings/ranking/588759
611,590547,"Spanish Club Championships, San Sebastián",ESP,11 MAY 2019,11 MAY 2019,35,480,66796,611,66831,https://worldathletics.org/records/competition-performance-rankings/ranking/590547
612,589783,"All Comers Meet, Lusaka",ZAM,23 FEB 2019,23 FEB 2019,15,606,66814,610,66829,https://worldathletics.org/records/competition-performance-rankings/ranking/589783
613,590778,"French Club Championships, Compiégne",FRA,19 MAY 2019,19 MAY 2019,30,507,66791,614,66821,https://worldathletics.org/records/competition-performance-rankings/ranking/590778
614,590804,"Bayern top Meeting, Germering",GER,18 MAY 2019,18 MAY 2019,15,606,66788,615,66803,https://worldathletics.org/records/competition-performance-rankings/ranking/590804
614,591824,"Criterium Josep Campmany, Barcelona",ESP,19 JUN 2019,19 JUN 2019,10,658,66793,613,66803,https://worldathletics.org/records/competition-performance-rankings/ranking/591824
616,591262,"Navy Spring Invitational, Annapolis, MD",USA,30 MAR 2019,30 MAR 2019,5,706,66795,612,66800,https://worldathletics.org/records/competition-performance-rankings/ranking/591262
616,591492,"BORSIG-Meeting, Gladbeck",GER,08 JUN 2019,08 JUN 2019,30,507,66770,617,66800,https://worldathletics.org/records/competition-performance-rankings/ranking/591492
618,592974,"Miracle on the Vistula, Warszawa",POL,15 AUG 2019,15 AUG 2019,95,313,66693,621,66788,https://worldathletics.org/records/competition-performance-rankings/ranking/592974
619,592191,"Pražské memoriály, Praha",CZE,05 JUL 2019,05 JUL 2019,0,,66774,616,66774,https://worldathletics.org/records/competition-performance-rankings/ranking/592191
620,589288,"Bobby Lane Invitational, Arlington, TX",USA,22 MAR 2019,23 MAR 2019,15,606,66738,618,66753,https://worldathletics.org/records/competition-performance-rankings/ranking/589288
621,592759,"Finale Coupe du Trone, Sidi Kacem",MAR,30 JUN 2019,30 JUN 2019,70,372,66671,624,66741,https://worldathletics.org/records/competition-performance-rankings/ranking/592759
622,594052,"Whitsuntide Games, St. George's",GRN,08 JUN 2019,09 JUN 2019,20,557,66716,620,66736,https://worldathletics.org/records/competition-performance-rankings/ranking/594052
623,592255,"Paul Kaiser Classic, Shippensburg, PA",USA,27 APR 2019,27 APR 2019,0,,66725,619,66725,https://worldathletics.org/records/competition-performance-rankings/ranking/592255
624,592367,"Senior 8 Counties Inter County Match, Ashford",GBR,14 JUL 2019,14 JUL 2019,5,706,66677,622,66682,https://worldathletics.org/records/competition-performance-rankings/ranking/592367
625,591177,"Spanish Club Championships, Zaragoza",ESP,01 JUN 2019,01 JUN 2019,105,301,66572,630,66677,https://worldathletics.org/records/competition-performance-rankings/ranking/591177
626,592733,"Rider Invitational, Lawrence Township, NJ",USA,13 APR 2019,13 APR 2019,0,,66673,623,66673,https://worldathletics.org/records/competition-performance-rankings/ranking/592733
627,591340,"Northeast Ohio Quad Meet, Akron, OH",USA,05 APR 2019,06 APR 2019,20,557,66631,626,66651,https://worldathletics.org/records/competition-performance-rankings/ranking/591340
628,592226,"British Athletics League Division 1, Eton",GBR,06 JUL 2019,06 JUL 2019,15,606,66633,625,66648,https://worldathletics.org/records/competition-performance-rankings/ranking/592226
629,592576,"SIAB Schools International, Swansea",GBR,20 JUL 2019,20 JUL 2019,0,,66628,627,66628,https://worldathletics.org/records/competition-performance-rankings/ranking/592576
630,590105,"Trofeo Liberazione, Modena",ITA,25 APR 2019,25 APR 2019,0,,66580,628,66580,https://worldathletics.org/records/competition-performance-rankings/ranking/590105
631,588945,"Torneio Atletismo Paulista, São Paulo",BRA,02 MAR 2019,02 MAR 2019,220,213,66356,645,66576,https://worldathletics.org/records/competition-performance-rankings/ranking/588945
632,593652,"Rendez-Vous Sélect, Complexe Sportif Claude-Robillard, Montréal",CAN,25 MAY 2019,26 MAY 2019,0,,66574,629,66574,https://worldathletics.org/records/competition-performance-rankings/ranking/593652
633,594121,"Championnats Nationaux Interclubs, Dijon",FRA,20 OCT 2019,20 OCT 2019,30,507,66528,632,66558,https://worldathletics.org/records/competition-performance-rankings/ranking/594121
634,589289,"Cal Poly Invitational, San Luis Obispo, CA",USA,22 MAR 2019,23 MAR 2019,0,,66537,631,66537,https://worldathletics.org/records/competition-performance-rankings/ranking/589289
635,593374,"Czech Club Championships, Atletický stadion Slavia Praha, Praha",CZE,08 SEP 2019,08 SEP 2019,20,557,66515,634,66535,https://worldathletics.org/records/competition-performance-rankings/ranking/593374
636,590737,"Goran Subotic Memorial, Zagreb",CRO,18 MAY 2019,18 MAY 2019,125,275,66409,644,66534,https://worldathletics.org/records/competition-performance-rankings/ranking/590737
637,591337,"Arnie Robinson Invitational, San Diego, CA",USA,05 APR 2019,06 APR 2019,215,214,66306,652,66521,https://worldathletics.org/records/competition-performance-rankings/ranking/591337
638,591471,"Czech Club Championships, Opava",CZE,08 JUN 2019,08 JUN 2019,0,,66520,633,66520,https://worldathletics.org/records/competition-performance-rankings/ranking/591471
639,587360,"Treloar Shield, Sydney",AUS,19 JAN 2019,19 JAN 2019,10,658,66505,636,66515,https://worldathletics.org/records/competition-performance-rankings/ranking/587360
640,591889,"Czech Club Championships, Kolin",CZE,22 JUN 2019,22 JUN 2019,0,,66512,635,66512,https://worldathletics.org/records/competition-performance-rankings/ranking/591889
641,590187,"Kip Janvrin Open, Indianola, IA",USA,25 APR 2019,26 APR 2019,0,,66490,637,66490,https://worldathletics.org/records/competition-performance-rankings/ranking/590187
642,592872,"University of MA Minuteman Invitational, Amherst, MA",USA,06 APR 2019,06 APR 2019,0,,66452,639,66452,https://worldathletics.org/records/competition-performance-rankings/ranking/592872
643,590924,"Alumni Open, Ashland, OH",USA,19 APR 2019,20 APR 2019,5,706,66445,640,66450,https://worldathletics.org/records/competition-performance-rankings/ranking/590924
644,592151,"UCSB vs. Cal Poly, Santa Barbara, CA",USA,27 APR 2019,27 APR 2019,0,,66441,641,66441,https://worldathletics.org/records/competition-performance-rankings/ranking/592151
645,588371,"High Velocity Meet, Melbourne",AUS,16 FEB 2019,16 FEB 2019,0,,66437,642,66437,https://worldathletics.org/records/competition-performance-rankings/ranking/588371
646,590810,"Meeting Federal, Fes",MAR,10 FEB 2019,10 FEB 2019,5,706,66411,643,66416,https://worldathletics.org/records/competition-performance-rankings/ranking/590810
647,592391,"Kolpakova Memorial, Bishkek",KGZ,13 JUL 2019,14 JUL 2019,60,400,66326,650,66386,https://worldathletics.org/records/competition-performance-rankings/ranking/592391
648,592529,"Meeting Internazionale su Pista Regione FVG, Brugnera",ITA,20 JUL 2019,20 JUL 2019,65,386,66316,651,66381,https://worldathletics.org/records/competition-performance-rankings/ranking/592529
649,593361,"Senioren NK Teams - 1e Divisie Promotie/Degradatie, Leiden",NED,08 SEP 2019,08 SEP 2019,70,372,66296,653,66366,https://worldathletics.org/records/competition-performance-rankings/ranking/593361
650,590545,"Spanish Club Championships, Andújar",ESP,11 MAY 2019,11 MAY 2019,30,507,66332,648,66362,https://worldathletics.org/records/competition-performance-rankings/ranking/590545
651,591149,"Jim Settle Spring Break Invitational, Charleston, SC",USA,16 MAR 2019,16 MAR 2019,0,,66349,646,66349,https://worldathletics.org/records/competition-performance-rankings/ranking/591149
652,592206,"New Jersey International Track and Field Meet, Hightstown, NJ",USA,06 JUL 2019,06 JUL 2019,70,372,66278,654,66348,https://worldathletics.org/records/competition-performance-rankings/ranking/592206
653,590330,"Grand Prix Pedro Gálvez Velarde, Lima",PER,04 MAY 2019,04 MAY 2019,155,251,66183,666,66338,https://worldathletics.org/records/competition-performance-rankings/ranking/590330
654,589274,"Point Loma Invitational, San Diego, CA",USA,23 MAR 2019,23 MAR 2019,0,,66336,647,66336,https://worldathletics.org/records/competition-performance-rankings/ranking/589274
655,589365,"Team 4 Titus & Ely Invitational, Irvine, CA",USA,30 MAR 2019,30 MAR 2019,145,255,66189,664,66334,https://worldathletics.org/records/competition-performance-rankings/ranking/589365
656,591188,"Spanish Club Championships, Andújar",ESP,01 JUN 2019,01 JUN 2019,0,,66328,649,66328,https://worldathletics.org/records/competition-performance-rankings/ranking/591188
657,590415,"Regional Club Championships, Barcelona",ESP,05 MAY 2019,05 MAY 2019,60,400,66247,656,66307,https://worldathletics.org/records/competition-performance-rankings/ranking/590415
658,591537,"Slovak Club Championships, Dubnica nad Váhom",SVK,09 JUN 2019,09 JUN 2019,95,313,66204,660,66299,https://worldathletics.org/records/competition-performance-rankings/ranking/591537
659,589516,"Mountain West Challenge, Las Vegas, NV",USA,05 APR 2019,05 APR 2019,10,658,66267,655,66277,https://worldathletics.org/records/competition-performance-rankings/ranking/589516
660,593871,"HS Meeting, Boeun",KOR,08 AUG 2019,12 AUG 2019,0,,66231,657,66231,https://worldathletics.org/records/competition-performance-rankings/ranking/593871
661,589667,"Relevos TEC, Monterrey",MEX,16 MAR 2019,16 MAR 2019,125,275,66105,673,66230,https://worldathletics.org/records/competition-performance-rankings/ranking/589667
662,589639,"Ashton May Invitational, La Crosse, WI",USA,06 APR 2019,06 APR 2019,0,,66219,658,66219,https://worldathletics.org/records/competition-performance-rankings/ranking/589639
663,589264,"Blizzard Buster, Oxford, OH",USA,23 MAR 2019,23 MAR 2019,0,,66213,659,66213,https://worldathletics.org/records/competition-performance-rankings/ranking/589264
664,589426,"California Collegiate Open, San Diego, CA",USA,30 MAR 2019,30 MAR 2019,0,,66201,661,66201,https://worldathletics.org/records/competition-performance-rankings/ranking/589426
665,593528,"ARGE Alp, Innsbruck USI, Innsbruck",AUT,14 SEP 2019,15 SEP 2019,10,658,66189,664,66199,https://worldathletics.org/records/competition-performance-rankings/ranking/593528
666,595275,"The Berlin Meeting, Stadion Lichterfelde, Berlin",GER,08 JUN 2019,09 JUN 2019,0,,66197,662,66197,https://worldathletics.org/records/competition-performance-rankings/ranking/595275
667,591823,"Meeting du CSM Bonneuil, Bonneuil-sur-Marne",FRA,18 JUN 2019,18 JUN 2019,5,706,66191,663,66196,https://worldathletics.org/records/competition-performance-rankings/ranking/591823
668,590659,"Spring Challenge, Calgary",CAN,11 MAY 2019,12 MAY 2019,15,606,66178,667,66193,https://worldathletics.org/records/competition-performance-rankings/ranking/590659
669,587335,"Purewater/JC/R. Danny Williams Meet, Kingston",JAM,05 JAN 2019,05 JAN 2019,0,,66173,668,66173,https://worldathletics.org/records/competition-performance-rankings/ranking/587335
670,592474,"Sommerstevnet, Oslo",NOR,17 JUL 2019,17 JUL 2019,15,606,66157,670,66172,https://worldathletics.org/records/competition-performance-rankings/ranking/592474
671,588841,"RCC Invitational, Riverside, CA",USA,01 MAR 2019,01 MAR 2019,0,,66164,669,66164,https://worldathletics.org/records/competition-performance-rankings/ranking/588841
672,590768,"French Club Championships, Caen",FRA,19 MAY 2019,19 MAY 2019,15,606,66148,671,66163,https://worldathletics.org/records/competition-performance-rankings/ranking/590768
673,590548,"Spanish Club Championships, Valencia",ESP,11 MAY 2019,11 MAY 2019,100,307,66062,675,66162,https://worldathletics.org/records/competition-performance-rankings/ranking/590548
674,590728,"Czech Club Championships, Hradec Králové",CZE,18 MAY 2019,18 MAY 2019,0,,66119,672,66119,https://worldathletics.org/records/competition-performance-rankings/ranking/590728
675,588732,"Rossi Relays, Claremont, CA",USA,23 FEB 2019,23 FEB 2019,30,507,66080,674,66110,https://worldathletics.org/records/competition-performance-rankings/ranking/588732
676,591673,"Prueba de confrontacion 2019, La Habana",CUB,13 JUN 2019,14 JUN 2019,330,161,65707,699,66037,https://worldathletics.org/records/competition-performance-rankings/ranking/591673
677,589613,"PUMA School of Speed, Johannesburg",RSA,02 FEB 2019,02 FEB 2019,0,,66027,676,66027,https://worldathletics.org/records/competition-performance-rankings/ranking/589613
678,589323,"Jesuit-Sheaner Relays, Dallas, TX",USA,22 MAR 2019,23 MAR 2019,0,,66022,677,66022,https://worldathletics.org/records/competition-performance-rankings/ranking/589323
679,590542,"Spanish Club Championships, Madrid",ESP,11 MAY 2019,11 MAY 2019,95,313,65925,685,66020,https://worldathletics.org/records/competition-performance-rankings/ranking/590542
680,590789,"French Club Championships, Montélimar",FRA,19 MAY 2019,19 MAY 2019,10,658,66002,678,66012,https://worldathletics.org/records/competition-performance-rankings/ranking/590789
681,589796,"William Jewell Darryl Gourley Invite, Liberty, MO",USA,13 APR 2019,13 APR 2019,0,,65985,679,65985,https://worldathletics.org/records/competition-performance-rankings/ranking/589796
682,590695,"Loper Last Chance Twilight, Kearney, NE",USA,12 MAY 2019,12 MAY 2019,0,,65957,680,65957,https://worldathletics.org/records/competition-performance-rankings/ranking/590695
683,591466,"Czech Club Championships, Praha",CZE,08 JUN 2019,08 JUN 2019,0,,65954,681,65954,https://worldathletics.org/records/competition-performance-rankings/ranking/591466
684,589561,"Lenoir Rhyne Classic, Hickory, NC",USA,06 APR 2019,06 APR 2019,0,,65946,682,65946,https://worldathletics.org/records/competition-performance-rankings/ranking/589561
685,589546,"GSC / PBC Challenge, Huntsville, AL",USA,06 APR 2019,06 APR 2019,0,,65936,683,65936,https://worldathletics.org/records/competition-performance-rankings/ranking/589546
686,591380,"Samford Track Challenge, Birmingham, AL",USA,11 APR 2019,12 APR 2019,0,,65932,684,65932,https://worldathletics.org/records/competition-performance-rankings/ranking/591380
687,590370,"PURE Athletics Sprint Elite Meet, Clermont, FL",USA,05 MAY 2019,05 MAY 2019,250,192,65677,702,65927,https://worldathletics.org/records/competition-performance-rankings/ranking/590370
688,590655,"Meeting Vitor Tavares, Faro",POR,11 MAY 2019,11 MAY 2019,45,437,65873,688,65918,https://worldathletics.org/records/competition-performance-rankings/ranking/590655
689,592591,"Feestenmeeting, Gent",BEL,21 JUL 2019,21 JUL 2019,85,331,65827,691,65912,https://worldathletics.org/records/competition-performance-rankings/ranking/592591
690,590515,"Class AAAAA Qualifier, Columbia, SC",USA,04 MAY 2019,04 MAY 2019,0,,65898,686,65898,https://worldathletics.org/records/competition-performance-rankings/ranking/590515
691,591424,"International Open Meet, Gwangju",KOR,06 JUN 2019,07 JUN 2019,125,275,65769,695,65894,https://worldathletics.org/records/competition-performance-rankings/ranking/591424
692,591153,"Rhodes Invitational, Memphis, TN",USA,15 MAR 2019,16 MAR 2019,5,706,65877,687,65882,https://worldathletics.org/records/competition-performance-rankings/ranking/591153
693,590958,"Augustana Twilight, Rock Island, IL",USA,16 MAY 2019,16 MAY 2019,5,706,65868,689,65873,https://worldathletics.org/records/competition-performance-rankings/ranking/590958
694,591389,"Platteville Invitational, Platteville, WI",USA,13 APR 2019,13 APR 2019,0,,65837,690,65837,https://worldathletics.org/records/competition-performance-rankings/ranking/591389
695,590042,"ASU Red Wolves Open, Jonesboro, AR",USA,20 APR 2019,20 APR 2019,0,,65815,692,65815,https://worldathletics.org/records/competition-performance-rankings/ranking/590042
696,588484,"Pomona-Pitzer Collegiate All-Comers, Claremont, CA",USA,16 FEB 2019,16 FEB 2019,0,,65807,693,65807,https://worldathletics.org/records/competition-performance-rankings/ranking/588484
697,590293,"Weber State Twilight Meet, Ogden, UT",USA,01 MAY 2019,02 MAY 2019,0,,65775,694,65775,https://worldathletics.org/records/competition-performance-rankings/ranking/590293
698,592508,"Aliann Pompey Invitational, Georgetown",GUY,06 JUL 2019,06 JUL 2019,90,323,65681,701,65771,https://worldathletics.org/records/competition-performance-rankings/ranking/592508
699,591230,"Danish Club Championships, Odense",DEN,01 JUN 2019,01 JUN 2019,20,557,65749,696,65769,https://worldathletics.org/records/competition-performance-rankings/ranking/591230
700,589002,"Cowboy Relays Bob Hayes Louisiana Challenge, Lake Charles, LA",USA,09 MAR 2019,09 MAR 2019,0,,65723,697,65723,https://worldathletics.org/records/competition-performance-rankings/ranking/589002
701,591198,"VCU Rams Invitational, Richmond, VA",USA,22 MAR 2019,23 MAR 2019,0,,65717,698,65717,https://worldathletics.org/records/competition-performance-rankings/ranking/591198
702,589885,"McEachern Invitational, Powder Springs, GA",USA,13 APR 2019,13 APR 2019,0,,65705,700,65705,https://worldathletics.org/records/competition-performance-rankings/ranking/589885
703,592247,"Öresundsspelen, Helsingborg",SWE,05 JUL 2019,07 JUL 2019,85,331,65603,709,65688,https://worldathletics.org/records/competition-performance-rankings/ranking/592247
704,589636,"Battle of the Blues, Durham, NC",USA,06 APR 2019,06 APR 2019,10,658,65654,704,65664,https://worldathletics.org/records/competition-performance-rankings/ranking/589636
705,589092,"2nd UAF Trials, Mandela National Stadium, Kampala",UGA,16 MAR 2019,16 MAR 2019,0,,65663,703,65663,https://worldathletics.org/records/competition-performance-rankings/ranking/589092
706,589235,"Sam Adams / Combined Event Invite, Spokane, WA",USA,21 MAR 2019,22 MAR 2019,0,,65633,705,65633,https://worldathletics.org/records/competition-performance-rankings/ranking/589235
707,589332,"Alex Francis Classic, Hays, KS",USA,28 MAR 2019,28 MAR 2019,0,,65632,706,65632,https://worldathletics.org/records/competition-performance-rankings/ranking/589332
708,590641,"International U20 Match, Pitesti",ROU,11 MAY 2019,11 MAY 2019,20,557,65608,708,65628,https://worldathletics.org/records/competition-performance-rankings/ranking/590641
709,592475,"Holy Cross Invitational, Worcester, MA",USA,20 APR 2019,20 APR 2019,0,,65617,707,65617,https://worldathletics.org/records/competition-performance-rankings/ranking/592475
710,589720,"Chris Rinne Twilight, Riverside, CA",USA,12 APR 2019,12 APR 2019,130,264,65475,718,65605,https://worldathletics.org/records/competition-performance-rankings/ranking/589720
711,593135,"3rd UAF Trials, Mandela National Stadium, Kampala",UGA,30 MAR 2019,30 MAR 2019,20,557,65558,711,65578,https://worldathletics.org/records/competition-performance-rankings/ranking/593135
712,589416,"West Coast Relays, Clovis, CA",USA,30 MAR 2019,30 MAR 2019,0,,65568,710,65568,https://worldathletics.org/records/competition-performance-rankings/ranking/589416
713,590096,"UIL 6A - District 23-24 Area Meet, League City, TX",USA,19 APR 2019,19 APR 2019,0,,65547,712,65547,https://worldathletics.org/records/competition-performance-rankings/ranking/590096
714,589640,"Tiffelberg Open, Tiffin, OH",USA,06 APR 2019,06 APR 2019,0,,65540,713,65540,https://worldathletics.org/records/competition-performance-rankings/ranking/589640
715,592585,"Widener Invitational, Chester, PA",USA,20 APR 2019,20 APR 2019,0,,65537,714,65537,https://worldathletics.org/records/competition-performance-rankings/ranking/592585
716,589882,"Doug Max Invitational, Fort Collins, CO",USA,14 APR 2019,14 APR 2019,20,557,65508,715,65528,https://worldathletics.org/records/competition-performance-rankings/ranking/589882
717,590785,"French Club Championships, Montbéliard",FRA,19 MAY 2019,19 MAY 2019,130,264,65387,724,65517,https://worldathletics.org/records/competition-performance-rankings/ranking/590785
718,592209,"Balaton Championships, Veszprém",HUN,06 JUL 2019,06 JUL 2019,35,480,65472,719,65507,https://worldathletics.org/records/competition-performance-rankings/ranking/592209
719,592278,"WWU Ralph Vernacchia Invitational, Bellingham, WA",USA,27 APR 2019,27 APR 2019,5,706,65497,716,65502,https://worldathletics.org/records/competition-performance-rankings/ranking/592278
720,590271,"Athletic Classic Meeting, Herentals",BEL,01 MAY 2019,01 MAY 2019,15,606,65482,717,65497,https://worldathletics.org/records/competition-performance-rankings/ranking/590271
721,590054,"South Florida University Invitational, Tampa, FL",USA,19 APR 2019,20 APR 2019,15,606,65456,720,65471,https://worldathletics.org/records/competition-performance-rankings/ranking/590054
722,594925,"Austrian Club Championships, Bundessport- und Freizeitzentrum, Maria Enzersdorf",AUT,11 MAY 2019,11 MAY 2019,5,706,65449,721,65454,https://worldathletics.org/records/competition-performance-rankings/ranking/594925
723,591261,"Mondo Team Challenge, Sacramento, CA",USA,30 MAR 2019,30 MAR 2019,0,,65440,722,65440,https://worldathletics.org/records/competition-performance-rankings/ranking/591261
724,590802,"Harrison Dillard Twilight, Berea, OH",USA,10 MAY 2019,10 MAY 2019,5,706,65419,723,65424,https://worldathletics.org/records/competition-performance-rankings/ranking/590802
725,590611,"JAAA All Comers Meet, Kingston",JAM,11 MAY 2019,11 MAY 2019,120,283,65289,733,65409,https://worldathletics.org/records/competition-performance-rankings/ranking/590611
726,591360,"Don Kirby Tailwind Open, Albuquerque, NM",USA,06 APR 2019,06 APR 2019,20,557,65345,727,65365,https://worldathletics.org/records/competition-performance-rankings/ranking/591360
727,592571,"Rotterdam Atletiek 100 jaar jubileum, Rotterdam",NED,13 JUL 2019,13 JUL 2019,25,533,65336,728,65361,https://worldathletics.org/records/competition-performance-rankings/ranking/592571
728,588881,"Beach Opener, Long Beach, CA",USA,01 MAR 2019,02 MAR 2019,155,251,65202,740,65357,https://worldathletics.org/records/competition-performance-rankings/ranking/588881
728,591470,"Dewey Allgood Invitational, Rolla, MO",USA,19 APR 2019,20 APR 2019,0,,65357,725,65357,https://worldathletics.org/records/competition-performance-rankings/ranking/591470
730,589187,"IMG Academy Invitational, Bradenton, FL",USA,15 MAR 2019,16 MAR 2019,0,,65349,726,65349,https://worldathletics.org/records/competition-performance-rankings/ranking/589187
731,590702,"Rolf Watter Sportfest, Regensburg",GER,12 MAY 2019,12 MAY 2019,0,,65316,729,65316,https://worldathletics.org/records/competition-performance-rankings/ranking/590702
732,593207,"Pm-Kilpailut, Tampere",FIN,23 JUL 2019,23 JUL 2019,10,658,65303,731,65313,https://worldathletics.org/records/competition-performance-rankings/ranking/593207
733,591836,"MSU Twilight, Mankato, MN",USA,04 MAY 2019,04 MAY 2019,0,,65306,730,65306,https://worldathletics.org/records/competition-performance-rankings/ranking/591836
734,590368,"French Club Championships, Limoges",FRA,05 MAY 2019,05 MAY 2019,5,706,65290,732,65295,https://worldathletics.org/records/competition-performance-rankings/ranking/590368
735,593007,"Athletic League, Košice",SVK,17 AUG 2019,17 AUG 2019,70,372,65224,739,65294,https://worldathletics.org/records/competition-performance-rankings/ranking/593007
736,593275,"1st Kokushikan University Competition, Tama",JPN,06 APR 2019,07 APR 2019,50,425,65241,737,65291,https://worldathletics.org/records/competition-performance-rankings/ranking/593275
737,593227,"CIF San Diego Section Prelims, San Diego, CA",USA,11 MAY 2019,11 MAY 2019,0,,65287,734,65287,https://worldathletics.org/records/competition-performance-rankings/ranking/593227
738,591222,"Cactus Cup, Kingsville, TX",USA,22 MAR 2019,23 MAR 2019,20,557,65245,736,65265,https://worldathletics.org/records/competition-performance-rankings/ranking/591222
739,593081,"Region III 5A Meet, Humble, TX",USA,26 APR 2019,27 APR 2019,0,,65264,735,65264,https://worldathletics.org/records/competition-performance-rankings/ranking/593081
740,592719,"Memorial Jose Luis Hernandez, Pamplona",ESP,30 JUL 2019,30 JUL 2019,100,307,65161,744,65261,https://worldathletics.org/records/competition-performance-rankings/ranking/592719
741,591369,"Concordia Outdoor Invitational, Seward, NE",USA,05 APR 2019,06 APR 2019,0,,65232,738,65232,https://worldathletics.org/records/competition-performance-rankings/ranking/591369
742,591954,"Gran Premio, Vitoria",ESP,22 JUN 2019,22 JUN 2019,25,533,65198,742,65223,https://worldathletics.org/records/competition-performance-rankings/ranking/591954
743,591574,"British Athletics League Division 1, Leigh",GBR,09 JUN 2019,09 JUN 2019,5,706,65200,741,65205,https://worldathletics.org/records/competition-performance-rankings/ranking/591574
744,591382,"Catamount Classic, Cullowhee, NC",USA,12 APR 2019,13 APR 2019,0,,65178,743,65178,https://worldathletics.org/records/competition-performance-rankings/ranking/591382
745,592414,"CZE-HUN-SLO-SVK U18 Match, Trnava",SVK,13 JUL 2019,13 JUL 2019,5,706,65155,745,65160,https://worldathletics.org/records/competition-performance-rankings/ranking/592414
746,590108,"Trofeo Della Liberazione, Ostia",ITA,25 APR 2019,25 APR 2019,0,,65144,746,65144,https://worldathletics.org/records/competition-performance-rankings/ranking/590108
747,591577,"Beskidianathletic Meeting, Bielsko-Biala",POL,08 JUN 2019,08 JUN 2019,0,,65104,747,65104,https://worldathletics.org/records/competition-performance-rankings/ranking/591577
748,593084,"Southern Track Classic, Richmond, VA",USA,10 MAY 2019,10 MAY 2019,0,,65088,748,65088,https://worldathletics.org/records/competition-performance-rankings/ranking/593084
749,589004,"UCSB Tri Meet, Santa Barbara, CA",USA,09 MAR 2019,09 MAR 2019,0,,65065,749,65065,https://worldathletics.org/records/competition-performance-rankings/ranking/589004
750,591002,"Summer Spartakiade, Almaty",KAZ,24 MAY 2019,26 MAY 2019,265,182,64796,762,65061,https://worldathletics.org/records/competition-performance-rankings/ranking/591002
751,587818,"St. Elizabeth Invitational, Santa Cruz",JAM,26 JAN 2019,26 JAN 2019,0,,65006,750,65006,https://worldathletics.org/records/competition-performance-rankings/ranking/587818
752,589700,"WAR XII, Spokane, WA",USA,05 APR 2019,06 APR 2019,0,,64981,751,64981,https://worldathletics.org/records/competition-performance-rankings/ranking/589700
753,589413,"Monmouth Season Opener, West Long Branch, NJ",USA,29 MAR 2019,30 MAR 2019,0,,64980,752,64980,https://worldathletics.org/records/competition-performance-rankings/ranking/589413
754,594920,"Treloar Shield 6, SOPAC, Sydney",AUS,30 NOV 2019,30 NOV 2019,0,,64961,753,64961,https://worldathletics.org/records/competition-performance-rankings/ranking/594920
755,592955,"Meeting, Minsk",BLR,05 JUL 2019,05 JUL 2019,255,187,64703,773,64958,https://worldathletics.org/records/competition-performance-rankings/ranking/592955
756,598754,"Arizona Meet of Champions, Tempe, AZ",USA,11 MAY 2019,11 MAY 2019,0,,64951,754,64951,https://worldathletics.org/records/competition-performance-rankings/ranking/598754
757,592932,"Willamette Invitational, Salem, OR",USA,23 MAR 2019,23 MAR 2019,0,,64944,755,64944,https://worldathletics.org/records/competition-performance-rankings/ranking/592932
758,591016,"Warszawa U20 Championships, Warszawa",POL,25 MAY 2019,26 MAY 2019,35,480,64900,757,64935,https://worldathletics.org/records/competition-performance-rankings/ranking/591016
759,588853,"Chilla Porter Shield, Brisbane",AUS,02 MAR 2019,02 MAR 2019,55,415,64870,759,64925,https://worldathletics.org/records/competition-performance-rankings/ranking/588853
760,588991,"UNCW Seahawk Invitational, Wilmington, NC",USA,08 MAR 2019,09 MAR 2019,0,,64906,756,64906,https://worldathletics.org/records/competition-performance-rankings/ranking/588991
761,589718,"Austin Peay Governors Invitational, Clarksville, TN",USA,12 APR 2019,12 APR 2019,0,,64898,758,64898,https://worldathletics.org/records/competition-performance-rankings/ranking/589718
762,591185,"Memorial Vučko, Kranj",SLO,01 JUN 2019,01 JUN 2019,0,,64855,760,64855,https://worldathletics.org/records/competition-performance-rankings/ranking/591185
763,590692,"Willamette West Coast Invitational, Salem, OR",USA,11 MAY 2019,11 MAY 2019,5,706,64811,761,64816,https://worldathletics.org/records/competition-performance-rankings/ranking/590692
764,590872,"LA Meeting, Toruń",POL,18 MAY 2019,18 MAY 2019,45,437,64765,765,64810,https://worldathletics.org/records/competition-performance-rankings/ranking/590872
765,589680,"Twilight Invitational, Chico, CA",USA,05 APR 2019,06 APR 2019,0,,64786,763,64786,https://worldathletics.org/records/competition-performance-rankings/ranking/589680
765,592072,"Carnival, Jämsä",FIN,29 JUN 2019,29 JUN 2019,10,658,64776,764,64786,https://worldathletics.org/records/competition-performance-rankings/ranking/592072
767,591832,"Meeting Silver Lombardia, Bergamo",ITA,20 JUN 2019,20 JUN 2019,45,437,64717,770,64762,https://worldathletics.org/records/competition-performance-rankings/ranking/591832
768,590321,"Air Force Twilight, Air Force Academy",USA,03 MAY 2019,03 MAY 2019,10,658,64746,766,64756,https://worldathletics.org/records/competition-performance-rankings/ranking/590321
769,591808,"Int. Friendship Athletics Meeting, Kimchun",KOR,15 JUN 2019,15 JUN 2019,90,323,64660,780,64750,https://worldathletics.org/records/competition-performance-rankings/ranking/591808
770,592761,"Berry Field Day Invitational, Mount Berry, GA",USA,12 APR 2019,13 APR 2019,0,,64741,767,64741,https://worldathletics.org/records/competition-performance-rankings/ranking/592761
771,591879,"LOZLA Qualifying Meet, Lublin",POL,16 JUN 2019,16 JUN 2019,5,706,64716,771,64721,https://worldathletics.org/records/competition-performance-rankings/ranking/591879
772,589932,"Mid-Week Meet, Shippensburg, PA",USA,17 APR 2019,17 APR 2019,0,,64719,768,64719,https://worldathletics.org/records/competition-performance-rankings/ranking/589932
773,588875,"Kim Duyst Invitational, Turlock, CA",USA,01 MAR 2019,02 MAR 2019,0,,64718,769,64718,https://worldathletics.org/records/competition-performance-rankings/ranking/588875
774,591516,"Cat-Griz Dual Meet, Bozeman, MT",USA,27 APR 2019,27 APR 2019,0,,64713,772,64713,https://worldathletics.org/records/competition-performance-rankings/ranking/591516
775,592260,"NESCAC TF Outdoor Championships, Middlebury, VT",USA,27 APR 2019,27 APR 2019,0,,64702,774,64702,https://worldathletics.org/records/competition-performance-rankings/ranking/592260
776,591266,"Black & Gold Invitational, Smithfield, RI",USA,29 MAR 2019,30 MAR 2019,0,,64692,775,64692,https://worldathletics.org/records/competition-performance-rankings/ranking/591266
777,592237,"Irish U23 Championships, Tullamore",IRL,06 JUL 2019,06 JUL 2019,0,,64682,776,64682,https://worldathletics.org/records/competition-performance-rankings/ranking/592237
778,591362,"Illinois State Redbird Invitational, Normal, IL",USA,06 APR 2019,06 APR 2019,0,,64666,777,64666,https://worldathletics.org/records/competition-performance-rankings/ranking/591362
779,589891,"Cole-Lancon Twilight, Lafayette, LA",USA,13 APR 2019,13 APR 2019,0,,64665,778,64665,https://worldathletics.org/records/competition-performance-rankings/ranking/589891
780,590685,"Falcon Finale, Montevallo, AL",USA,11 MAY 2019,11 MAY 2019,0,,64661,779,64661,https://worldathletics.org/records/competition-performance-rankings/ranking/590685
781,594757,"Laxaspelen, Halmstad",SWE,15 JUN 2019,16 JUN 2019,15,606,64644,781,64659,https://worldathletics.org/records/competition-performance-rankings/ranking/594757
782,593123,"Czech Club Championships, Mlada Boleslav",CZE,24 AUG 2019,24 AUG 2019,30,507,64624,783,64654,https://worldathletics.org/records/competition-performance-rankings/ranking/593123
783,588994,"Coastal Carolina Invite, Myrtle Beach, SC",USA,08 MAR 2019,09 MAR 2019,0,,64628,782,64628,https://worldathletics.org/records/competition-performance-rankings/ranking/588994
784,590546,"Spanish Club Championships, L'Hospitalet",ESP,11 MAY 2019,11 MAY 2019,35,480,64565,785,64600,https://worldathletics.org/records/competition-performance-rankings/ranking/590546
785,591921,"Qualifying Meet, Bialogard",POL,22 JUN 2019,22 JUN 2019,0,,64591,784,64591,https://worldathletics.org/records/competition-performance-rankings/ranking/591921
786,590957,"Great Lakes Final Qualifying Meet, Delaware, OH",USA,16 MAY 2019,16 MAY 2019,0,,64563,786,64563,https://worldathletics.org/records/competition-performance-rankings/ranking/590957
787,590082,"Kenya Secondary Schools Championships, Mombasa",KEN,11 APR 2019,12 APR 2019,0,,64562,787,64562,https://worldathletics.org/records/competition-performance-rankings/ranking/590082
788,592225,"Boysen Memorial, Oslo",NOR,05 JUL 2019,05 JUL 2019,350,150,64208,819,64558,https://worldathletics.org/records/competition-performance-rankings/ranking/592225
789,588464,"Cathy Freeman Shield, Brisbane",AUS,16 FEB 2019,16 FEB 2019,40,461,64495,790,64535,https://worldathletics.org/records/competition-performance-rankings/ranking/588464
790,591439,"Meeting National, Poitiers",FRA,05 JUN 2019,05 JUN 2019,75,355,64457,795,64532,https://worldathletics.org/records/competition-performance-rankings/ranking/591439
791,591469,"Czech Club Championships, Nové Město nad Metují",CZE,08 JUN 2019,08 JUN 2019,0,,64526,788,64526,https://worldathletics.org/records/competition-performance-rankings/ranking/591469
792,590698,"SUNY Geneseo May Meet, Geneseo, NY",USA,11 MAY 2019,11 MAY 2019,10,658,64504,789,64514,https://worldathletics.org/records/competition-performance-rankings/ranking/590698
793,590265,"Città di Palmanova, Palmanova",ITA,01 MAY 2019,01 MAY 2019,45,437,64455,797,64500,https://worldathletics.org/records/competition-performance-rankings/ranking/590265
794,589144,"Doris Heritage Track Festival, Seattle, WA",USA,16 MAR 2019,16 MAR 2019,0,,64492,791,64492,https://worldathletics.org/records/competition-performance-rankings/ranking/589144
795,590086,"Tabor College Invitational, North Newton, KS",USA,20 APR 2019,20 APR 2019,0,,64490,792,64490,https://worldathletics.org/records/competition-performance-rankings/ranking/590086
796,594003,"Rheinland-Pfalz Aktive-U18, Saulheim",GER,02 JUN 2019,02 JUN 2019,0,,64476,793,64476,https://worldathletics.org/records/competition-performance-rankings/ranking/594003
796,598461,"USATF Region 12 Junior Olympic Ch. U19, Herman E. Clark Stadium, Fort Worth, TX",USA,12 JUL 2019,13 JUL 2019,0,,64476,793,64476,https://worldathletics.org/records/competition-performance-rankings/ranking/598461
798,590543,"Spanish Club Championships, Sabadell",ESP,11 MAY 2019,11 MAY 2019,50,425,64416,801,64466,https://worldathletics.org/records/competition-performance-rankings/ranking/590543
799,591542,"Estonian U20 Club Championships, Tallinn",EST,09 JUN 2019,09 JUN 2019,0,,64456,796,64456,https://worldathletics.org/records/competition-performance-rankings/ranking/591542
800,594473,"Memorial Alberto Pettinella, Stadio Colbachini, Padova",ITA,25 APR 2019,25 APR 2019,0,,64452,798,64452,https://worldathletics.org/records/competition-performance-rankings/ranking/594473
801,592303,"Lions Invitational Ewing, Trenton, NJ",USA,26 APR 2019,27 APR 2019,0,,64431,799,64431,https://worldathletics.org/records/competition-performance-rankings/ranking/592303
802,590870,"Tomas Babiak Memorial, Bratislava",SVK,19 MAY 2019,19 MAY 2019,15,606,64409,802,64424,https://worldathletics.org/records/competition-performance-rankings/ranking/590870
803,592525,"Bucknell Team Challenge, Lewisburg, PA",USA,20 APR 2019,20 APR 2019,0,,64419,800,64419,https://worldathletics.org/records/competition-performance-rankings/ranking/592525
804,592897,"Linfield Open, Mcminnville, OR",USA,04 MAY 2019,04 MAY 2019,0,,64408,803,64408,https://worldathletics.org/records/competition-performance-rankings/ranking/592897
805,592087,"MAC Outdoor Track & Field Championships, West Chester, PA",USA,02 MAY 2019,04 MAY 2019,0,,64395,804,64395,https://worldathletics.org/records/competition-performance-rankings/ranking/592087
806,591897,"Meet of The UnSaintly, St. Paul",USA,03 MAY 2019,04 MAY 2019,15,606,64332,807,64347,https://worldathletics.org/records/competition-performance-rankings/ranking/591897
807,591008,"Trofeo Ciudad de Fuenlabrada, Fuenlabrada",ESP,25 MAY 2019,25 MAY 2019,0,,64343,805,64343,https://worldathletics.org/records/competition-performance-rankings/ranking/591008
808,591316,"2nd Chukyo University Saturday Competition, Chukyo Univ. Stadium, Toyota",JPN,11 MAY 2019,11 MAY 2019,0,,64335,806,64335,https://worldathletics.org/records/competition-performance-rankings/ranking/591316
809,592326,"Northwest Conference Championships, Tacoma, WA",USA,26 APR 2019,27 APR 2019,0,,64327,808,64327,https://worldathletics.org/records/competition-performance-rankings/ranking/592326
810,590095,"Relays, New York, NY",USA,20 APR 2019,20 APR 2019,0,,64314,809,64314,https://worldathletics.org/records/competition-performance-rankings/ranking/590095
811,592892,"University of Mount Union John Homon Invite, Alliance, OH",USA,05 APR 2019,06 APR 2019,0,,64301,810,64301,https://worldathletics.org/records/competition-performance-rankings/ranking/592892
812,590642,"Serbian Cup, Sremska Mitrovica",SRB,11 MAY 2019,12 MAY 2019,55,415,64237,816,64292,https://worldathletics.org/records/competition-performance-rankings/ranking/590642
813,589418,"Danny Curran Invitational, Chester, PA",USA,29 MAR 2019,30 MAR 2019,0,,64289,811,64289,https://worldathletics.org/records/competition-performance-rankings/ranking/589418
814,589685,"Alex Francis Classic, Hays, KS",USA,28 MAR 2019,28 MAR 2019,0,,64284,812,64284,https://worldathletics.org/records/competition-performance-rankings/ranking/589685
815,595626,"České akademické hry, Brno",CZE,25 JUN 2019,26 JUN 2019,0,,64280,813,64280,https://worldathletics.org/records/competition-performance-rankings/ranking/595626
816,589444,"UBC Open, Vancouver",CAN,30 MAR 2019,31 MAR 2019,35,480,64241,815,64276,https://worldathletics.org/records/competition-performance-rankings/ranking/589444
817,591381,"74th National Games Kyoto Prefectural Qualification stage 1, Kyoto",JPN,11 MAY 2019,11 MAY 2019,0,,64275,814,64275,https://worldathletics.org/records/competition-performance-rankings/ranking/591381
818,591643,"Regional Championships, Jaraguá",BRA,08 JUN 2019,09 JUN 2019,45,437,64196,821,64241,https://worldathletics.org/records/competition-performance-rankings/ranking/591643
819,590391,"French Club Championships, St-Renan",FRA,05 MAY 2019,05 MAY 2019,0,,64237,816,64237,https://worldathletics.org/records/competition-performance-rankings/ranking/590391
820,590917,"Skechers Carl Kight Invitational, Nacogdoches, TX",USA,04 APR 2019,06 APR 2019,0,,64218,818,64218,https://worldathletics.org/records/competition-performance-rankings/ranking/590917
821,594332,"BVV VROUWEN - ERE VAL, Sint-Niklaas",BEL,18 MAY 2019,18 MAY 2019,20,557,64197,820,64217,https://worldathletics.org/records/competition-performance-rankings/ranking/594332
822,592609,"Track Classic, Sherwood Park",CAN,20 JUL 2019,21 JUL 2019,15,606,64171,822,64186,https://worldathletics.org/records/competition-performance-rankings/ranking/592609
823,589904,"FHSAA 3A District 16, Miami, FL",USA,16 APR 2019,16 APR 2019,0,,64168,823,64168,https://worldathletics.org/records/competition-performance-rankings/ranking/589904
824,592486,"Montana State Open, Bozeman, MT",USA,20 APR 2019,20 APR 2019,0,,64139,824,64139,https://worldathletics.org/records/competition-performance-rankings/ranking/592486
825,588194,"Prueba de confrontacion 2019, La Habana",CUB,08 FEB 2019,09 FEB 2019,350,150,63780,848,64130,https://worldathletics.org/records/competition-performance-rankings/ranking/588194
826,589901,"FHSAA 2A District 15, Fort Lauderdale, FL",USA,12 APR 2019,13 APR 2019,0,,64122,825,64122,https://worldathletics.org/records/competition-performance-rankings/ranking/589901
827,591151,"CSU Early Bird Invitational, Pueblo, CO",USA,16 MAR 2019,16 MAR 2019,0,,64111,826,64111,https://worldathletics.org/records/competition-performance-rankings/ranking/591151
828,593211,"Juhannuskisat, Keuruu",FIN,21 JUN 2019,21 JUN 2019,15,606,64085,827,64100,https://worldathletics.org/records/competition-performance-rankings/ranking/593211
829,593651,"League Meet, Stadion Zygmunta Szelesta, Warszawa",POL,23 JUN 2019,23 JUN 2019,10,658,64076,829,64086,https://worldathletics.org/records/competition-performance-rankings/ranking/593651
830,589371,"The Adidas Trojan Challenge, Mount Olive, NC",USA,29 MAR 2019,30 MAR 2019,0,,64079,828,64079,https://worldathletics.org/records/competition-performance-rankings/ranking/589371
831,593411,"UK Youth Development U17/U20 League Final, Manchester",GBR,08 SEP 2019,08 SEP 2019,0,,64065,830,64065,https://worldathletics.org/records/competition-performance-rankings/ranking/593411
832,589527,"BAAA CARIFTA Trials, Nassau",BAH,05 APR 2019,06 APR 2019,0,,64056,831,64056,https://worldathletics.org/records/competition-performance-rankings/ranking/589527
833,591150,"Doc Anderson Invitational, Troy, AL",USA,15 MAR 2019,16 MAR 2019,0,,64033,832,64033,https://worldathletics.org/records/competition-performance-rankings/ranking/591150
834,590568,"British Athletics League, Swansea",GBR,12 MAY 2019,12 MAY 2019,10,658,64019,834,64029,https://worldathletics.org/records/competition-performance-rankings/ranking/590568
835,589342,"UVU Invitational, Orem, UT",USA,29 MAR 2019,29 MAR 2019,0,,64027,833,64027,https://worldathletics.org/records/competition-performance-rankings/ranking/589342
836,589876,"Orange County Championships, Mission Viejo, CA",USA,13 APR 2019,13 APR 2019,0,,64004,835,64004,https://worldathletics.org/records/competition-performance-rankings/ranking/589876
837,599927,"Red Raider Open, Orange City, IA",USA,19 APR 2019,20 APR 2019,5,706,63928,838,63933,https://worldathletics.org/records/competition-performance-rankings/ranking/599927
838,589442,"Trabuco Hills Invitational, Mission Viejo, CA",USA,29 MAR 2019,30 MAR 2019,0,,63932,836,63932,https://worldathletics.org/records/competition-performance-rankings/ranking/589442
839,591940,"Liberty League Outdoor Track & Field Championships, Troy, NY",USA,03 MAY 2019,04 MAY 2019,0,,63930,837,63930,https://worldathletics.org/records/competition-performance-rankings/ranking/591940
840,588956,"Indian Grand Prix 4, Panchkula",IND,06 MAR 2019,06 MAR 2019,75,355,63848,842,63923,https://worldathletics.org/records/competition-performance-rankings/ranking/588956
841,590049,"Jim Dutcher Memorial, Crete, NE",USA,19 APR 2019,20 APR 2019,0,,63912,839,63912,https://worldathletics.org/records/competition-performance-rankings/ranking/590049
842,593792,"Ian Hume Invitational, Polyvalente de Thetford Mines, Thetford Mines",CAN,15 JUN 2019,16 JUN 2019,0,,63889,840,63889,https://worldathletics.org/records/competition-performance-rankings/ranking/593792
843,597807,"St. Vrain Invitational, Everly-Mongomery Field, Longmont HS, Longmont, CO",USA,11 MAY 2019,11 MAY 2019,90,323,63794,847,63884,https://worldathletics.org/records/competition-performance-rankings/ranking/597807
844,589663,"ACNW League 6, Potchefstroom",RSA,19 MAR 2019,19 MAR 2019,40,461,63836,843,63876,https://worldathletics.org/records/competition-performance-rankings/ranking/589663
845,592537,"Regional Championships, Pontevedra",ESP,20 JUL 2019,20 JUL 2019,0,,63856,841,63856,https://worldathletics.org/records/competition-performance-rankings/ranking/592537
846,592933,"National Meeting, Jamsil, Seoul",KOR,27 JUL 2019,29 JUL 2019,5,706,63831,844,63836,https://worldathletics.org/records/competition-performance-rankings/ranking/592933
847,589922,"UIL 6A - District 21-22 Area Meet, Deer Park, TX",USA,17 APR 2019,17 APR 2019,0,,63815,845,63815,https://worldathletics.org/records/competition-performance-rankings/ranking/589922
848,589662,"Dordt College Invitational, Sioux",USA,06 APR 2019,06 APR 2019,0,,63804,846,63804,https://worldathletics.org/records/competition-performance-rankings/ranking/589662
849,589748,"Silfen Invitational, New London, CT",USA,12 APR 2019,13 APR 2019,0,,63752,849,63752,https://worldathletics.org/records/competition-performance-rankings/ranking/589748
850,592345,"Trofeo Alfonso Posada, Vigo",ESP,13 JUL 2019,13 JUL 2019,25,533,63723,850,63748,https://worldathletics.org/records/competition-performance-rankings/ranking/592345
851,589310,"South Alabama Invitational, Mobile, AL",USA,22 MAR 2019,23 MAR 2019,0,,63708,851,63708,https://worldathletics.org/records/competition-performance-rankings/ranking/589310
852,590776,"Interclubs, Versailles",FRA,19 MAY 2019,19 MAY 2019,5,706,63698,852,63703,https://worldathletics.org/records/competition-performance-rankings/ranking/590776
853,590626,"Greek School Championships, Ioannina",GRE,08 MAY 2019,09 MAY 2019,0,,63694,853,63694,https://worldathletics.org/records/competition-performance-rankings/ranking/590626
854,589345,"Bellarmine Invitational, Louisville, KY",USA,29 MAR 2019,30 MAR 2019,0,,63684,854,63684,https://worldathletics.org/records/competition-performance-rankings/ranking/589345
855,591250,"Swiss Club Championships, Hochdorf",SUI,01 JUN 2019,01 JUN 2019,5,706,63668,855,63673,https://worldathletics.org/records/competition-performance-rankings/ranking/591250
856,591370,"TCNJ Invitational, Trenton, NJ",USA,06 APR 2019,06 APR 2019,20,557,63650,857,63670,https://worldathletics.org/records/competition-performance-rankings/ranking/591370
857,590729,"Czech Club Championships, Třinec",CZE,18 MAY 2019,18 MAY 2019,5,706,63656,856,63661,https://worldathletics.org/records/competition-performance-rankings/ranking/590729
858,593788,"Stadionfest, Mörfelden",GER,20 JUN 2019,20 JUN 2019,30,507,63624,863,63654,https://worldathletics.org/records/competition-performance-rankings/ranking/593788
859,591428,"Loper Invite, Kearney, NE",USA,14 APR 2019,14 APR 2019,0,,63647,858,63647,https://worldathletics.org/records/competition-performance-rankings/ranking/591428
860,587397,"Sally Pearson Shield, Brisbane",AUS,19 JAN 2019,19 JAN 2019,0,,63639,859,63639,https://worldathletics.org/records/competition-performance-rankings/ranking/587397
860,589790,"Greenville Select, Greenville, IL",USA,13 APR 2019,13 APR 2019,0,,63639,859,63639,https://worldathletics.org/records/competition-performance-rankings/ranking/589790
862,590726,"MIT Final Qualifier, Cambridge, MA",USA,16 MAY 2019,16 MAY 2019,0,,63631,861,63631,https://worldathletics.org/records/competition-performance-rankings/ranking/590726
863,589008,"Southern Invitational, Birmingham, AL",USA,08 MAR 2019,09 MAR 2019,0,,63626,862,63626,https://worldathletics.org/records/competition-performance-rankings/ranking/589008
864,589785,"Utah Spring Classic, Salt Lake City, UT",USA,13 APR 2019,13 APR 2019,0,,63609,864,63609,https://worldathletics.org/records/competition-performance-rankings/ranking/589785
865,587847,"Strive Program, Perth",AUS,01 FEB 2019,01 FEB 2019,10,658,63572,866,63582,https://worldathletics.org/records/competition-performance-rankings/ranking/587847
866,595214,"Nitro Schools Challenge, WA Athletics Stadium, Perth",AUS,09 DEC 2019,09 DEC 2019,0,,63580,865,63580,https://worldathletics.org/records/competition-performance-rankings/ranking/595214
867,589143,"William & Mary Triangular, Williamsburg, VA",USA,16 MAR 2019,16 MAR 2019,5,706,63564,867,63569,https://worldathletics.org/records/competition-performance-rankings/ranking/589143
868,592818,"Dartmouth Outdoor Invitational, Hanover, NH",USA,12 APR 2019,12 APR 2019,0,,63543,868,63543,https://worldathletics.org/records/competition-performance-rankings/ranking/592818
869,592903,"Dave Labor Invitational, Slippery Rock, PA",USA,06 APR 2019,06 APR 2019,0,,63502,869,63502,https://worldathletics.org/records/competition-performance-rankings/ranking/592903
870,587178,"Glynis Nunn Shield, Brisbane",AUS,12 JAN 2019,13 JAN 2019,20,557,63479,870,63499,https://worldathletics.org/records/competition-performance-rankings/ranking/587178
871,595634,"Lazio vs Princeton U23, Stadio Paolo Rosi, Roma",ITA,19 JUN 2019,19 JUN 2019,20,557,63450,871,63470,https://worldathletics.org/records/competition-performance-rankings/ranking/595634
872,593142,"Athletic League, Trnava",SVK,25 AUG 2019,25 AUG 2019,70,372,63373,876,63443,https://worldathletics.org/records/competition-performance-rankings/ranking/593142
873,588882,"Mississippi College Season Opener, Clinton, MS",USA,02 MAR 2019,02 MAR 2019,0,,63428,872,63428,https://worldathletics.org/records/competition-performance-rankings/ranking/588882
874,592412,"Stadionferienfest, Göttingen",GER,13 JUL 2019,13 JUL 2019,60,400,63361,878,63421,https://worldathletics.org/records/competition-performance-rankings/ranking/592412
875,589134,"Jerry Quiller Classic, Boulder, CO",USA,15 MAR 2019,16 MAR 2019,0,,63420,873,63420,https://worldathletics.org/records/competition-performance-rankings/ranking/589134
876,587898,"Bankstown All-comers, Sydney",AUS,02 FEB 2019,03 FEB 2019,0,,63398,874,63398,https://worldathletics.org/records/competition-performance-rankings/ranking/587898
877,592008,"University of Birmingham v Harvard & Yale Ivy League Match, Birmingham",GBR,26 JUN 2019,26 JUN 2019,0,,63374,875,63374,https://worldathletics.org/records/competition-performance-rankings/ranking/592008
878,595242,"NSW Club Championships, SOPAC, Sydney",AUS,14 DEC 2019,14 DEC 2019,0,,63364,877,63364,https://worldathletics.org/records/competition-performance-rankings/ranking/595242
879,590991,"New Balance Athletics Series #1, Calgary",CAN,26 MAY 2019,26 MAY 2019,10,658,63318,879,63328,https://worldathletics.org/records/competition-performance-rankings/ranking/590991
880,591390,"Hillsdale Invitational, Hillsdale, MI",USA,13 APR 2019,13 APR 2019,0,,63316,880,63316,https://worldathletics.org/records/competition-performance-rankings/ranking/591390
881,587349,"AACT All Comers, Canberra",AUS,12 JAN 2019,13 JAN 2019,10,658,63289,882,63299,https://worldathletics.org/records/competition-performance-rankings/ranking/587349
882,591356,"Inter-Province Match, Kraków",POL,01 JUN 2019,01 JUN 2019,5,706,63290,881,63295,https://worldathletics.org/records/competition-performance-rankings/ranking/591356
883,589406,"Spank Blasing Invitational, Pueblo, CO",USA,27 MAR 2019,27 MAR 2019,0,,63288,883,63288,https://worldathletics.org/records/competition-performance-rankings/ranking/589406
884,592186,"Stonehill Skyhawk Invitational, Easton, MA",USA,27 APR 2019,27 APR 2019,0,,63264,884,63264,https://worldathletics.org/records/competition-performance-rankings/ranking/592186
885,590801,"Slovenian U20 Club Championships, Ljubljana",SLO,18 MAY 2019,18 MAY 2019,0,,63255,885,63255,https://worldathletics.org/records/competition-performance-rankings/ranking/590801
886,592296,"Ron Masanz Classic, Moorhead, MN",USA,26 APR 2019,27 APR 2019,0,,63237,886,63237,https://worldathletics.org/records/competition-performance-rankings/ranking/592296
887,589000,"Aggie Open, Davis, CA",USA,08 MAR 2019,09 MAR 2019,0,,63214,887,63214,https://worldathletics.org/records/competition-performance-rankings/ranking/589000
887,592885,"Sommer-Meeting, Langenthal",SUI,07 AUG 2019,07 AUG 2019,0,,63214,887,63214,https://worldathletics.org/records/competition-performance-rankings/ranking/592885
889,592793,"Golden Grizzlies Invite, Rochester, MI",USA,12 APR 2019,13 APR 2019,0,,63172,889,63172,https://worldathletics.org/records/competition-performance-rankings/ranking/592793
890,590708,"Concordia Twilight, Seward, NE",USA,10 MAY 2019,10 MAY 2019,0,,63168,890,63168,https://worldathletics.org/records/competition-performance-rankings/ranking/590708
891,589670,"Irish University Championships, Athlone",IRL,05 APR 2019,06 APR 2019,20,557,63141,894,63161,https://worldathletics.org/records/competition-performance-rankings/ranking/589670
892,593185,"Meeting Madrid Open, Estadio Vallehermoso, Madrid",ESP,24 AUG 2019,24 AUG 2019,0,,63158,891,63158,https://worldathletics.org/records/competition-performance-rankings/ranking/593185
893,592549,"AAI National League, Santry",IRL,20 JUL 2019,20 JUL 2019,0,,63156,892,63156,https://worldathletics.org/records/competition-performance-rankings/ranking/592549
894,589330,"Washington University Mini Meet, Saint Louis, MO",USA,23 MAR 2019,23 MAR 2019,0,,63153,893,63153,https://worldathletics.org/records/competition-performance-rankings/ranking/589330
895,592769,"Sioux City Relays, Sioux",USA,13 APR 2019,13 APR 2019,5,706,63141,894,63146,https://worldathletics.org/records/competition-performance-rankings/ranking/592769
896,592858,"Taylor University - George Glass Invitational, Upland, IN",USA,06 APR 2019,06 APR 2019,35,480,63105,897,63140,https://worldathletics.org/records/competition-performance-rankings/ranking/592858
897,591698,"3er Meeting de Zone, Rabat",MAR,17 MAR 2019,17 MAR 2019,20,557,63118,896,63138,https://worldathletics.org/records/competition-performance-rankings/ranking/591698
898,592772,"Benedictine Relays and Invitational, Lisle, IL",USA,12 APR 2019,13 APR 2019,5,706,63096,898,63101,https://worldathletics.org/records/competition-performance-rankings/ranking/592772
899,592853,"Wheaton Invitational, Wheaton, IL",USA,06 APR 2019,06 APR 2019,5,706,63073,899,63078,https://worldathletics.org/records/competition-performance-rankings/ranking/592853
900,590213,"Brown Springtime Invitational, Providence, RI",USA,28 APR 2019,28 APR 2019,5,706,63030,900,63035,https://worldathletics.org/records/competition-performance-rankings/ranking/590213
901,590032,"Augustana Meet of Champions, Rock Island, IL",USA,19 APR 2019,20 APR 2019,0,,63001,901,63001,https://worldathletics.org/records/competition-performance-rankings/ranking/590032
902,591019,"Regional Championships, Sarcelles",FRA,25 MAY 2019,26 MAY 2019,0,,62997,902,62997,https://worldathletics.org/records/competition-performance-rankings/ranking/591019
903,595182,"CRO-CZE-HUN-SVK-SLO U16 Match, Ptuj",SLO,28 SEP 2019,28 SEP 2019,0,,62960,903,62960,https://worldathletics.org/records/competition-performance-rankings/ranking/595182
904,591866,"NJAC Outdoor Track & Field Championships, Pomona, NJ",USA,04 MAY 2019,05 MAY 2019,0,,62956,904,62956,https://worldathletics.org/records/competition-performance-rankings/ranking/591866
905,590346,"Dr. Tucker Open, Dubuque, IA",USA,03 MAY 2019,03 MAY 2019,0,,62888,905,62888,https://worldathletics.org/records/competition-performance-rankings/ranking/590346
906,594976,"Festival de Atletismo, Bragança Paulista",BRA,11 MAY 2019,11 MAY 2019,205,219,62681,919,62886,https://worldathletics.org/records/competition-performance-rankings/ranking/594976
907,590719,"International Meeting, Stadion Śląski, Chorzów",POL,12 MAY 2019,12 MAY 2019,0,,62849,906,62849,https://worldathletics.org/records/competition-performance-rankings/ranking/590719
908,591398,"F. Malanowski and C. Zabecki Memorial, Wrocław",POL,01 JUN 2019,01 JUN 2019,0,,62838,907,62838,https://worldathletics.org/records/competition-performance-rankings/ranking/591398
909,592522,"Davitzoglia, Kavala",GRE,17 JUL 2019,17 JUL 2019,45,437,62781,914,62826,https://worldathletics.org/records/competition-performance-rankings/ranking/592522
910,593806,"Czech U20 Club Championships, Plzeň",CZE,28 SEP 2019,28 SEP 2019,0,,62823,908,62823,https://worldathletics.org/records/competition-performance-rankings/ranking/593806
911,591035,"Nationales Nachwuchsmeeting, Bern",SUI,26 MAY 2019,26 MAY 2019,0,,62822,909,62822,https://worldathletics.org/records/competition-performance-rankings/ranking/591035
912,590078,"USD Twilight, Vermillion, SD",USA,23 APR 2019,23 APR 2019,0,,62807,910,62807,https://worldathletics.org/records/competition-performance-rankings/ranking/590078
913,589643,"Hamline Coed Invitational, St. Paul",USA,06 APR 2019,06 APR 2019,0,,62803,911,62803,https://worldathletics.org/records/competition-performance-rankings/ranking/589643
914,590057,"Classic Invitational, Cortland, NY",USA,19 APR 2019,20 APR 2019,5,706,62796,913,62801,https://worldathletics.org/records/competition-performance-rankings/ranking/590057
915,588941,"Savannah State Eyeopener, Savannah, GA",USA,02 MAR 2019,02 MAR 2019,0,,62797,912,62797,https://worldathletics.org/records/competition-performance-rankings/ranking/588941
916,594036,"GO Classic & WCSG Trials, University Stadium - U. of Manitoba, Winnipeg",CAN,05 JUL 2019,06 JUL 2019,0,,62729,915,62729,https://worldathletics.org/records/competition-performance-rankings/ranking/594036
917,592791,"Hopkins Loyola Invitational, Baltimore, MD",USA,12 APR 2019,12 APR 2019,0,,62719,916,62719,https://worldathletics.org/records/competition-performance-rankings/ranking/592791
918,592805,"UK Women's League Division 1, Wigan",GBR,04 AUG 2019,04 AUG 2019,0,,62716,917,62716,https://worldathletics.org/records/competition-performance-rankings/ranking/592805
919,595264,"Winter All-Comers Meet, Univ. of Arizona Roy P. Drachman Stadium, Tucson, AZ",USA,14 DEC 2019,14 DEC 2019,30,507,62667,920,62697,https://worldathletics.org/records/competition-performance-rankings/ranking/595264
920,589518,"Jack Shaw Classic, Kalamazoo, MI",USA,05 APR 2019,05 APR 2019,0,,62695,918,62695,https://worldathletics.org/records/competition-performance-rankings/ranking/589518
921,589517,"Grand Prix Ciudad de Concepción, Concepción",CHI,04 APR 2019,04 APR 2019,125,275,62538,928,62663,https://worldathletics.org/records/competition-performance-rankings/ranking/589517
922,592472,"Meeting Estival Lyon Athle, Vénissieux",FRA,17 JUL 2019,17 JUL 2019,15,606,62646,922,62661,https://worldathletics.org/records/competition-performance-rankings/ranking/592472
923,589490,"SCIAC #2, La Verne, CA",USA,30 MAR 2019,30 MAR 2019,0,,62648,921,62648,https://worldathletics.org/records/competition-performance-rankings/ranking/589490
924,592856,"McKendree Bearcat Classic, Lebanon, IL",USA,06 APR 2019,06 APR 2019,0,,62632,923,62632,https://worldathletics.org/records/competition-performance-rankings/ranking/592856
924,592729,"Eastern Shore Challenge, Salisbury, MD",USA,13 APR 2019,13 APR 2019,0,,62632,923,62632,https://worldathletics.org/records/competition-performance-rankings/ranking/592729
926,592014,"Encuentro Diputación de Cáceres, Cáceres",ESP,26 JUN 2019,26 JUN 2019,120,283,62496,929,62616,https://worldathletics.org/records/competition-performance-rankings/ranking/592014
927,589456,"Montreat College Invitational, Montreat, NC",USA,29 MAR 2019,30 MAR 2019,0,,62612,925,62612,https://worldathletics.org/records/competition-performance-rankings/ranking/589456
928,589559,"Billiken Invitational, Saint Louis, MO",USA,05 APR 2019,06 APR 2019,0,,62610,926,62610,https://worldathletics.org/records/competition-performance-rankings/ranking/589559
929,589498,"UMass Lowell Invitational, Lowell, MA",USA,30 MAR 2019,30 MAR 2019,0,,62596,927,62596,https://worldathletics.org/records/competition-performance-rankings/ranking/589498
930,590374,"French Club Championships, Antony",FRA,05 MAY 2019,05 MAY 2019,75,355,62451,931,62526,https://worldathletics.org/records/competition-performance-rankings/ranking/590374
931,593223,"Arzumanov Memorial, Tashkent",UZB,24 AUG 2019,25 AUG 2019,85,331,62432,934,62517,https://worldathletics.org/records/competition-performance-rankings/ranking/593223
932,589931,"Turkish Schools Championships, Mersin",TUR,09 APR 2019,10 APR 2019,0,,62475,930,62475,https://worldathletics.org/records/competition-performance-rankings/ranking/589931
933,592581,"Greyhound Invite, Bethlehem, PA",USA,20 APR 2019,20 APR 2019,0,,62445,932,62445,https://worldathletics.org/records/competition-performance-rankings/ranking/592581
934,589209,"L&C Spring Break Open, Oregon City, OR",USA,15 MAR 2019,16 MAR 2019,0,,62442,933,62442,https://worldathletics.org/records/competition-performance-rankings/ranking/589209
935,592339,"Prairie Wolf Invite, Lincoln, NE",USA,25 APR 2019,25 APR 2019,0,,62419,935,62419,https://worldathletics.org/records/competition-performance-rankings/ranking/592339
936,591484,"Marskin Kisat, Lappeenranta",FIN,08 JUN 2019,08 JUN 2019,45,437,62370,938,62415,https://worldathletics.org/records/competition-performance-rankings/ranking/591484
937,592200,"UNH Pre-Conference Invitational, Durham, NH",USA,27 APR 2019,27 APR 2019,0,,62409,936,62409,https://worldathletics.org/records/competition-performance-rankings/ranking/592200
938,592881,"Central Methodist Invite, Fayette, MO",USA,06 APR 2019,06 APR 2019,0,,62402,937,62402,https://worldathletics.org/records/competition-performance-rankings/ranking/592881
939,591884,"26. midsommar - Charlottenburger-Mittsommernacht, Mommsenstadion, Berlin",GER,21 JUN 2019,21 JUN 2019,30,507,62352,941,62382,https://worldathletics.org/records/competition-performance-rankings/ranking/591884
940,590743,"Match des 6 Cantons, Genève",SUI,18 MAY 2019,18 MAY 2019,0,,62364,939,62364,https://worldathletics.org/records/competition-performance-rankings/ranking/590743
941,592059,"Michigan Intercollegiate AA (MIAA) Outdoor Track and Field Championships, Holland, MI",USA,02 MAY 2019,03 MAY 2019,0,,62363,940,62363,https://worldathletics.org/records/competition-performance-rankings/ranking/592059
942,591478,"Cougar Invite, Pullman, WA",USA,27 APR 2019,27 APR 2019,115,296,62244,948,62359,https://worldathletics.org/records/competition-performance-rankings/ranking/591478
943,591641,"Warrior Last Chance Meet, Turlock, CA",USA,11 MAY 2019,11 MAY 2019,0,,62352,941,62352,https://worldathletics.org/records/competition-performance-rankings/ranking/591641
944,591506,"Border Clash, Nampa, ID",USA,26 APR 2019,27 APR 2019,0,,62310,943,62310,https://worldathletics.org/records/competition-performance-rankings/ranking/591506
945,589630,"Benedictine Invitational, Lisle, IL",USA,06 APR 2019,06 APR 2019,0,,62303,944,62303,https://worldathletics.org/records/competition-performance-rankings/ranking/589630
945,593070,"OHSAA Division 1 Region 3, Pickerington, OH",USA,22 MAY 2019,24 MAY 2019,0,,62303,944,62303,https://worldathletics.org/records/competition-performance-rankings/ranking/593070
947,592319,"Tofalia, Patra",GRE,10 JUL 2019,10 JUL 2019,40,461,62245,947,62285,https://worldathletics.org/records/competition-performance-rankings/ranking/592319
948,590412,"Colombian U20 Championships, Bogotá",COL,04 MAY 2019,05 MAY 2019,5,706,62277,946,62282,https://worldathletics.org/records/competition-performance-rankings/ranking/590412
949,591949,"Meeting di Primavera, Mondovi",ITA,23 JUN 2019,23 JUN 2019,40,461,62219,951,62259,https://worldathletics.org/records/competition-performance-rankings/ranking/591949
950,592896,"Millersville Metrics, Millersville, PA",USA,06 APR 2019,06 APR 2019,0,,62229,949,62229,https://worldathletics.org/records/competition-performance-rankings/ranking/592896
951,590302,"Mid-South Conference Championships, Williamsburg, KY",USA,26 APR 2019,27 APR 2019,0,,62226,950,62226,https://worldathletics.org/records/competition-performance-rankings/ranking/590302
952,589660,"WPA Open Meeting, Cape Town",RSA,16 FEB 2019,16 FEB 2019,75,355,62147,958,62222,https://worldathletics.org/records/competition-performance-rankings/ranking/589660
953,590822,"Trainers Memorial Meet, Kraków",POL,18 MAY 2019,18 MAY 2019,5,706,62197,952,62202,https://worldathletics.org/records/competition-performance-rankings/ranking/590822
954,589291,"Westmont Collegiate Classic, Santa Barbara, CA",USA,21 MAR 2019,23 MAR 2019,0,,62176,953,62176,https://worldathletics.org/records/competition-performance-rankings/ranking/589291
955,590191,"53rd Chiba Athletics Time Trials, Chiba",JPN,13 APR 2019,14 APR 2019,0,,62173,954,62173,https://worldathletics.org/records/competition-performance-rankings/ranking/590191
956,587193,"Illawarra Track Classic, Wollongong",AUS,12 JAN 2019,12 JAN 2019,15,606,62150,956,62165,https://worldathletics.org/records/competition-performance-rankings/ranking/587193
956,590367,"French Club Championships, Caen",FRA,05 MAY 2019,05 MAY 2019,0,,62165,955,62165,https://worldathletics.org/records/competition-performance-rankings/ranking/590367
958,591037,"IBL Einkampfmeisterschaften, Frauenfeld",SUI,26 MAY 2019,26 MAY 2019,10,658,62148,957,62158,https://worldathletics.org/records/competition-performance-rankings/ranking/591037
959,591629,"New Balance Series #3, Calgary",CAN,09 JUN 2019,09 JUN 2019,15,606,62126,959,62141,https://worldathletics.org/records/competition-performance-rankings/ranking/591629
960,588934,"WPA League 3, Parow, Cape Town",RSA,09 FEB 2019,09 FEB 2019,10,658,62114,960,62124,https://worldathletics.org/records/competition-performance-rankings/ranking/588934
961,592616,"ODAC Ch., Lynchburg, VA",USA,19 APR 2019,20 APR 2019,0,,62082,961,62082,https://worldathletics.org/records/competition-performance-rankings/ranking/592616
962,591890,"Czech Club Championships, Stará Boleslav",CZE,23 JUN 2019,23 JUN 2019,0,,62028,962,62028,https://worldathletics.org/records/competition-performance-rankings/ranking/591890
963,590357,"French Club Championships, Cholet",FRA,05 MAY 2019,05 MAY 2019,5,706,62017,963,62022,https://worldathletics.org/records/competition-performance-rankings/ranking/590357
964,591803,"Meeting ""Samarsko Zname"", Stara Zagora",BUL,15 JUN 2019,15 JUN 2019,20,557,61995,965,62015,https://worldathletics.org/records/competition-performance-rankings/ranking/591803
965,591148,"Lenoir-Rhyne Power & Fitness Invitational, Hickory, NC",USA,15 MAR 2019,16 MAR 2019,0,,62013,964,62013,https://worldathletics.org/records/competition-performance-rankings/ranking/591148
966,591614,"Meeting de la Réunion, L'etang sale",FRA,13 APR 2019,13 APR 2019,45,437,61961,968,62006,https://worldathletics.org/records/competition-performance-rankings/ranking/591614
966,591249,"New Balance Athletics Series #2, Calgary",CAN,02 JUN 2019,02 JUN 2019,15,606,61991,966,62006,https://worldathletics.org/records/competition-performance-rankings/ranking/591249
968,593662,"Pacific Invitational, Langley",CAN,14 JUN 2019,16 JUN 2019,0,,61968,967,61968,https://worldathletics.org/records/competition-performance-rankings/ranking/593662
969,594224,"Christi-Himmelfahrtssportfest, Köln",GER,30 MAY 2019,30 MAY 2019,0,,61958,969,61958,https://worldathletics.org/records/competition-performance-rankings/ranking/594224
970,593571,"Leiria ECCC U20 Group B, Estádio Dr. Magalhães Pessoa, Leiria",POR,21 SEP 2019,21 SEP 2019,0,,61942,970,61942,https://worldathletics.org/records/competition-performance-rankings/ranking/593571
971,592509,"Stony Brook University - Wolfie Invitational, Stony Brook, NY",USA,20 APR 2019,20 APR 2019,0,,61933,971,61933,https://worldathletics.org/records/competition-performance-rankings/ranking/592509
972,594376,"Treloar Shield 5, SOPAC, Sydney",AUS,09 NOV 2019,09 NOV 2019,30,507,61900,974,61930,https://worldathletics.org/records/competition-performance-rankings/ranking/594376
973,594378,"City Olympics Wroclaw, Stadion AWF, Wrocław",POL,11 MAY 2019,12 MAY 2019,0,,61929,972,61929,https://worldathletics.org/records/competition-performance-rankings/ranking/594378
974,588862,"Victor Icebreaker Duals, Rome, GA",USA,02 MAR 2019,02 MAR 2019,0,,61927,973,61927,https://worldathletics.org/records/competition-performance-rankings/ranking/588862
975,590087,"Invitational, Butler, PA",USA,18 APR 2019,18 APR 2019,0,,61885,975,61885,https://worldathletics.org/records/competition-performance-rankings/ranking/590087
976,589881,"Cumberlands Invite, Williamsburg, KY",USA,12 APR 2019,13 APR 2019,0,,61871,976,61871,https://worldathletics.org/records/competition-performance-rankings/ranking/589881
977,593202,"Memoriál Josefa Sečkáře, Brno",CZE,28 AUG 2019,28 AUG 2019,175,232,61691,986,61866,https://worldathletics.org/records/competition-performance-rankings/ranking/593202
978,592324,"Carol & John Covert Classic, Bethlehem, PA",USA,26 APR 2019,26 APR 2019,0,,61833,977,61833,https://worldathletics.org/records/competition-performance-rankings/ranking/592324
979,591373,"John Knight Twilight, Monmouth, OR",USA,05 APR 2019,05 APR 2019,0,,61822,978,61822,https://worldathletics.org/records/competition-performance-rankings/ranking/591373
980,592197,"NEWMAC Outdoor T&F Ch, Springfield, MA",USA,27 APR 2019,27 APR 2019,0,,61806,979,61806,https://worldathletics.org/records/competition-performance-rankings/ranking/592197
981,591908,"Meeting du Val de Marne, Nogent-sur-Marne",FRA,23 JUN 2019,23 JUN 2019,0,,61779,980,61779,https://worldathletics.org/records/competition-performance-rankings/ranking/591908
982,591022,"Regional Championships, Versailles",FRA,25 MAY 2019,26 MAY 2019,0,,61752,981,61752,https://worldathletics.org/records/competition-performance-rankings/ranking/591022
983,593158,"Hungarian U20 League Final, Lantos Mihály Sportközpont, Budapest",HUN,24 AUG 2019,25 AUG 2019,0,,61735,982,61735,https://worldathletics.org/records/competition-performance-rankings/ranking/593158
984,590031,"Jay Carisella Invitational, Boston, MA",USA,20 APR 2019,20 APR 2019,0,,61731,983,61731,https://worldathletics.org/records/competition-performance-rankings/ranking/590031
985,592567,"Dromia, Vari",GRE,20 JUL 2019,20 JUL 2019,40,461,61669,988,61709,https://worldathletics.org/records/competition-performance-rankings/ranking/592567
986,595826,"Regional Championships, Aulnay-sous-Bois",FRA,25 MAY 2019,25 MAY 2019,0,,61701,984,61701,https://worldathletics.org/records/competition-performance-rankings/ranking/595826
987,589184,"Maryland Invitational, Landover, MD",USA,16 MAR 2019,16 MAR 2019,20,557,61676,987,61696,https://worldathletics.org/records/competition-performance-rankings/ranking/589184
987,594421,"APS Combined Sports, Lakeside Stadium, Melbourne",AUS,16 OCT 2019,16 OCT 2019,0,,61696,985,61696,https://worldathletics.org/records/competition-performance-rankings/ranking/594421
989,593126,"Meeting Melinda, Cles",ITA,24 AUG 2019,24 AUG 2019,15,606,61650,990,61665,https://worldathletics.org/records/competition-performance-rankings/ranking/593126
990,591260,"Emporia State University Relays, Emporia, KS",USA,30 MAR 2019,30 MAR 2019,0,,61654,989,61654,https://worldathletics.org/records/competition-performance-rankings/ranking/591260
991,589941,"Don Church Twilight, Wheaton, IL",USA,16 APR 2019,17 APR 2019,0,,61636,991,61636,https://worldathletics.org/records/competition-performance-rankings/ranking/589941
992,591690,"Spanish Club Championships, Valladolid",ESP,15 JUN 2019,15 JUN 2019,0,,61628,992,61628,https://worldathletics.org/records/competition-performance-rankings/ranking/591690
993,590990,"Trofeo Bracco, Cinisello Balsamo",ITA,25 MAY 2019,25 MAY 2019,15,606,61595,995,61610,https://worldathletics.org/records/competition-performance-rankings/ranking/590990
994,588758,"ACNW League 1, Potchefstroom",RSA,29 JAN 2019,29 JAN 2019,20,557,61581,996,61601,https://worldathletics.org/records/competition-performance-rankings/ranking/588758
995,590193,"53rd Chiba Athletics Time Trials, Chiba",JPN,20 APR 2019,21 APR 2019,0,,61600,993,61600,https://worldathletics.org/records/competition-performance-rankings/ranking/590193
996,591119,"UK Youth Development U17/U20 League Division South Premier, Crawley",GBR,26 MAY 2019,26 MAY 2019,0,,61596,994,61596,https://worldathletics.org/records/competition-performance-rankings/ranking/591119
997,591158,"Sławomir Rosłon Memorial, Piaseczno",POL,31 MAY 2019,31 MAY 2019,25,533,61562,1000,61587,https://worldathletics.org/records/competition-performance-rankings/ranking/591158
998,593363,"Senioren 1e - 2e Divisie Promotie/Degradatie, Hilversum",NED,08 SEP 2019,08 SEP 2019,10,658,61576,998,61586,https://worldathletics.org/records/competition-performance-rankings/ranking/593363
999,591029,"Regional U20 Championships, Kraków",POL,25 MAY 2019,25 MAY 2019,0,,61578,997,61578,https://worldathletics.org/records/competition-performance-rankings/ranking/591029
1000,592034,"Regional Championships, Toruń",POL,22 JUN 2019,22 JUN 2019,0,,61572,999,61572,https://worldathletics.org/records/competition-performance-rankings/ranking/592034
1001,588880,"Cal State LA Invitational, Los Angeles, CA",USA,02 MAR 2019,02 MAR 2019,0,,61530,1001,61530,https://worldathletics.org/records/competition-performance-rankings/ranking/588880
1002,592156,"Sun Conference Track & Field Championships, Savannah, GA",USA,27 APR 2019,28 APR 2019,0,,61517,1002,61517,https://worldathletics.org/records/competition-performance-rankings/ranking/592156
1003,591674,"Al Manuel Invitational, Missoula, MT",USA,29 MAR 2019,30 MAR 2019,0,,61486,1003,61486,https://worldathletics.org/records/competition-performance-rankings/ranking/591674
1004,595280,"UIL 5A Region II, UTA Maverick Stadium, Arlington, TX",USA,26 APR 2019,27 APR 2019,0,,61483,1004,61483,https://worldathletics.org/records/competition-performance-rankings/ranking/595280
1005,590375,"French Club Championships, Longjumeau",FRA,05 MAY 2019,05 MAY 2019,10,658,61442,1005,61452,https://worldathletics.org/records/competition-performance-rankings/ranking/590375
1006,589055,"National Meeting, Santiago de Chile",CHI,09 MAR 2019,10 MAR 2019,40,461,61411,1007,61451,https://worldathletics.org/records/competition-performance-rankings/ranking/589055
1007,592166,"UK Youth Development U17/U20 League Division South Premier, Hendon",GBR,30 JUN 2019,30 JUN 2019,0,,61427,1006,61427,https://worldathletics.org/records/competition-performance-rankings/ranking/592166
1008,589314,"Sugar Bowl Classic, New Orleans, LA",USA,22 MAR 2019,23 MAR 2019,0,,61395,1008,61395,https://worldathletics.org/records/competition-performance-rankings/ranking/589314
1009,589808,"Saint Martin's Jay Hammer Invitational, Lacey, WA",USA,13 APR 2019,13 APR 2019,0,,61390,1009,61390,https://worldathletics.org/records/competition-performance-rankings/ranking/589808
1010,591324,"Tufts Snowflake Classic, Medford, MA",USA,30 MAR 2019,30 MAR 2019,0,,61369,1010,61369,https://worldathletics.org/records/competition-performance-rankings/ranking/591324
1011,591321,"Bloomsburg-ESU-Kutztown-WCU Quad Meet, West Chester, PA",USA,30 MAR 2019,30 MAR 2019,0,,61366,1011,61366,https://worldathletics.org/records/competition-performance-rankings/ranking/591321
1012,591543,"IMC, Leixlip",IRL,08 JUN 2019,08 JUN 2019,5,706,61341,1012,61346,https://worldathletics.org/records/competition-performance-rankings/ranking/591543
1013,594478,"Go for 2&5, WA Athletics Stadium, Perth",AUS,15 NOV 2019,15 NOV 2019,5,706,61328,1013,61333,https://worldathletics.org/records/competition-performance-rankings/ranking/594478
1014,590413,"Regional U20 Championships, Sao Bernardo do Campo",BRA,04 MAY 2019,05 MAY 2019,0,,61318,1014,61318,https://worldathletics.org/records/competition-performance-rankings/ranking/590413
1015,592803,"British Athletics League Division 1, Wigan",GBR,04 AUG 2019,04 AUG 2019,0,,61304,1015,61304,https://worldathletics.org/records/competition-performance-rankings/ranking/592803
1016,593242,"Jubilee Meeting, Stadion MOSiR, Ruda Slaska",POL,31 AUG 2019,31 AUG 2019,85,331,61216,1018,61301,https://worldathletics.org/records/competition-performance-rankings/ranking/593242
1017,588810,"Indian Grand Prix 2, New Delhi",IND,27 FEB 2019,27 FEB 2019,80,344,61190,1019,61270,https://worldathletics.org/records/competition-performance-rankings/ranking/588810
1018,589905,"FHSAA 4A District 13, Miramar, FL",USA,16 APR 2019,16 APR 2019,0,,61251,1016,61251,https://worldathletics.org/records/competition-performance-rankings/ranking/589905
1019,589789,"East Bay Invitational, Hayward, CA",USA,12 APR 2019,13 APR 2019,0,,61226,1017,61226,https://worldathletics.org/records/competition-performance-rankings/ranking/589789
1020,590508,"Turkish U20 Club Championships, Kütahya",TUR,04 MAY 2019,04 MAY 2019,5,706,61168,1020,61173,https://worldathletics.org/records/competition-performance-rankings/ranking/590508
1021,592230,"UK Women's League Division 2, Sheffield",GBR,06 JUL 2019,06 JUL 2019,10,658,61152,1021,61162,https://worldathletics.org/records/competition-performance-rankings/ranking/592230
1022,589899,"Army Volunteer Force Ch., Colombo",SRI,03 APR 2019,05 APR 2019,70,372,61081,1022,61151,https://worldathletics.org/records/competition-performance-rankings/ranking/589899
1023,594904,"Jogos Regionais, Sao Bernardo do Campo",BRA,19 JUL 2019,21 JUL 2019,50,425,61080,1023,61130,https://worldathletics.org/records/competition-performance-rankings/ranking/594904
1024,591024,"Interclubs, Alphen aan den Rijn",NED,26 MAY 2019,26 MAY 2019,25,533,61073,1025,61098,https://worldathletics.org/records/competition-performance-rankings/ranking/591024
1025,592760,"4éme Meeting Federal, Sidi Kacem",MAR,23 JUN 2019,23 JUN 2019,0,,61076,1024,61076,https://worldathletics.org/records/competition-performance-rankings/ranking/592760
1026,594158,"Go for 2&5, WA Athletics Stadium, Perth",AUS,25 OCT 2019,25 OCT 2019,0,,61065,1026,61065,https://worldathletics.org/records/competition-performance-rankings/ranking/594158
1027,591610,"Pfingstsportfest, Siegburg",GER,10 JUN 2019,10 JUN 2019,0,,61045,1027,61045,https://worldathletics.org/records/competition-performance-rankings/ranking/591610
1028,591123,"EIU Big Blue Classic, Charleston, IL",USA,29 MAR 2019,30 MAR 2019,0,,61044,1028,61044,https://worldathletics.org/records/competition-performance-rankings/ranking/591123
1029,591997,"Czech Club Championships, Uherské Hradiste",CZE,22 JUN 2019,22 JUN 2019,5,706,61025,1029,61030,https://worldathletics.org/records/competition-performance-rankings/ranking/591997
1030,592848,"Westminster Invitational, New Wilmington, PA",USA,12 APR 2019,13 APR 2019,0,,61024,1030,61024,https://worldathletics.org/records/competition-performance-rankings/ranking/592848
1031,589686,"ACNW League 5, Potchefstroom",RSA,05 MAR 2019,05 MAR 2019,30,507,60987,1033,61017,https://worldathletics.org/records/competition-performance-rankings/ranking/589686
1032,591985,"LHU Qualifier, Lock Haven, PA",USA,03 MAY 2019,04 MAY 2019,0,,60994,1031,60994,https://worldathletics.org/records/competition-performance-rankings/ranking/591985
1033,593418,"Trofeo Gino Zanon, Stadio Comunale della Padania Toni Zen, Rosá",ITA,05 SEP 2019,08 SEP 2019,0,,60989,1032,60989,https://worldathletics.org/records/competition-performance-rankings/ranking/593418
1034,589318,"Harding Invitational, Searcy, AR",USA,23 MAR 2019,23 MAR 2019,0,,60952,1034,60952,https://worldathletics.org/records/competition-performance-rankings/ranking/589318
1035,591654,"UKS Achilles Meeting, Leszno",POL,08 JUN 2019,08 JUN 2019,20,557,60921,1036,60941,https://worldathletics.org/records/competition-performance-rankings/ranking/591654
1036,590392,"Tom Gage Classic, Bozeman, MT",USA,03 MAY 2019,03 MAY 2019,0,,60940,1035,60940,https://worldathletics.org/records/competition-performance-rankings/ranking/590392
1037,590064,"NIKE Eason Invitational, Snohomish, WA",USA,20 APR 2019,20 APR 2019,0,,60902,1037,60902,https://worldathletics.org/records/competition-performance-rankings/ranking/590064
1038,592628,"SCIAC Multi Dual 3, Los Angeles, CA",USA,13 APR 2019,13 APR 2019,0,,60888,1038,60888,https://worldathletics.org/records/competition-performance-rankings/ranking/592628
1039,589237,"Grand Prix Estrella Puente, Montevideo",URU,23 MAR 2019,23 MAR 2019,45,437,60827,1044,60872,https://worldathletics.org/records/competition-performance-rankings/ranking/589237
1039,596365,"Championnats de France UNSS des Lycées, Toulouse",FRA,02 JUN 2019,02 JUN 2019,0,,60872,1039,60872,https://worldathletics.org/records/competition-performance-rankings/ranking/596365
1039,594023,"Treloar Shield 1, SOPAC, Sydney",AUS,12 OCT 2019,12 OCT 2019,0,,60872,1039,60872,https://worldathletics.org/records/competition-performance-rankings/ranking/594023
1042,592400,"Meeting de Strasbourg, Strasbourg",FRA,26 JUN 2019,26 JUN 2019,120,283,60749,1047,60869,https://worldathletics.org/records/competition-performance-rankings/ranking/592400
1043,594476,"Qualification Meeting, Stadion MOSiR, Ruda Slaska",POL,15 JUN 2019,15 JUN 2019,0,,60868,1041,60868,https://worldathletics.org/records/competition-performance-rankings/ranking/594476
1044,589484,"Jim Taylor Invite, Selinsgrove, PA",USA,30 MAR 2019,30 MAR 2019,0,,60853,1042,60853,https://worldathletics.org/records/competition-performance-rankings/ranking/589484
1045,593159,"Hungarian U18 League Final, Lantos Mihály Sportközpont, Budapest",HUN,24 AUG 2019,25 AUG 2019,0,,60851,1043,60851,https://worldathletics.org/records/competition-performance-rankings/ranking/593159
1046,591489,"Regional Championships, Grenoble",FRA,08 JUN 2019,08 JUN 2019,0,,60822,1045,60822,https://worldathletics.org/records/competition-performance-rankings/ranking/591489
1047,589387,"Drury Hotels Joey Haines Invitational, Cape Girardeau, MO",USA,29 MAR 2019,30 MAR 2019,0,,60810,1046,60810,https://worldathletics.org/records/competition-performance-rankings/ranking/589387
1048,592182,"Southwestern Relays, Winfield, KS",USA,27 APR 2019,27 APR 2019,0,,60749,1047,60749,https://worldathletics.org/records/competition-performance-rankings/ranking/592182
1049,591440,"Regional Club Championships, Kyiv",UKR,21 MAY 2019,22 MAY 2019,60,400,60645,1053,60705,https://worldathletics.org/records/competition-performance-rankings/ranking/591440
1050,589221,"Southeastern Louisiana & Southern University Dual Lion & Jaguars, Hammond, LA",USA,22 MAR 2019,22 MAR 2019,15,606,60662,1049,60677,https://worldathletics.org/records/competition-performance-rankings/ranking/589221
1051,591202,"Wayne State - Wildcat Classic, Wayne, NE",USA,22 MAR 2019,23 MAR 2019,0,,60659,1050,60659,https://worldathletics.org/records/competition-performance-rankings/ranking/591202
1051,595624,"Senioren 1e Divisie Poule 2 Wedstrijd 1, Stadspark, Groningen",NED,14 APR 2019,14 APR 2019,0,,60659,1050,60659,https://worldathletics.org/records/competition-performance-rankings/ranking/595624
1053,592558,"Lady Bear Twilight, St. Paul",USA,19 APR 2019,19 APR 2019,0,,60652,1052,60652,https://worldathletics.org/records/competition-performance-rankings/ranking/592558
1054,595410,"Challenge International d’Athlétisme, Batna",ALG,08 JUN 2019,09 JUN 2019,0,,60635,1054,60635,https://worldathletics.org/records/competition-performance-rankings/ranking/595410
1055,591088,"Garden State Twilight, New Jersey",USA,25 MAY 2019,25 MAY 2019,30,507,60556,1058,60586,https://worldathletics.org/records/competition-performance-rankings/ranking/591088
1056,593059,"Budapest Open U20/U18 Championships, Budapest",HUN,17 AUG 2019,17 AUG 2019,80,344,60500,1061,60580,https://worldathletics.org/records/competition-performance-rankings/ranking/593059
1057,590727,"Czech Club Championships, Trebic",CZE,18 MAY 2019,18 MAY 2019,0,,60565,1055,60565,https://worldathletics.org/records/competition-performance-rankings/ranking/590727
1058,598364,"UK Youth Development League Division South Premier, Palmer Park Stadium, Reading",GBR,05 MAY 2019,05 MAY 2019,0,,60562,1056,60562,https://worldathletics.org/records/competition-performance-rankings/ranking/598364
1059,589733,"WPA League, Cape Town",RSA,02 MAR 2019,02 MAR 2019,0,,60561,1057,60561,https://worldathletics.org/records/competition-performance-rankings/ranking/589733
1059,591801,"Olimpik Deneme Yarışmaları, Ankara",TUR,14 JUN 2019,14 JUN 2019,10,658,60551,1059,60561,https://worldathletics.org/records/competition-performance-rankings/ranking/591801
1061,590110,"Grand Prix Julia Iriarte, Cochabamba",BOL,26 APR 2019,26 APR 2019,130,264,60395,1068,60525,https://worldathletics.org/records/competition-performance-rankings/ranking/590110
1062,593412,"ACNW Meeting, McArthur Stadium, Potchefstroom",RSA,04 MAY 2019,04 MAY 2019,100,307,60415,1067,60515,https://worldathletics.org/records/competition-performance-rankings/ranking/593412
1063,590514,"Games, Tårnby",DEN,04 MAY 2019,05 MAY 2019,30,507,60471,1062,60501,https://worldathletics.org/records/competition-performance-rankings/ranking/590514
1063,592187,"Critèrium Josep Campmany, Barcelona",ESP,03 JUL 2019,03 JUL 2019,0,,60501,1060,60501,https://worldathletics.org/records/competition-performance-rankings/ranking/592187
1065,594017,"Oberbayerische Meisterschaften, Stadion Savoyer Au, Freising",GER,01 JUN 2019,01 JUN 2019,0,,60463,1063,60463,https://worldathletics.org/records/competition-performance-rankings/ranking/594017
1066,590243,"Yale Springtime Invitational, New Haven, CT",USA,28 APR 2019,28 APR 2019,0,,60462,1064,60462,https://worldathletics.org/records/competition-performance-rankings/ranking/590243
1067,591113,"GVSU Now Tuesday Last Chance, Allendale, MI",USA,07 MAY 2019,07 MAY 2019,0,,60461,1065,60461,https://worldathletics.org/records/competition-performance-rankings/ranking/591113
1068,591659,"ECAC DIII Outdoor Track & Field Championships, New Haven, CT",USA,15 MAY 2019,16 MAY 2019,0,,60437,1066,60437,https://worldathletics.org/records/competition-performance-rankings/ranking/591659
1069,592806,"Classique de Québec, Québec",CAN,02 AUG 2019,02 AUG 2019,55,415,60369,1069,60424,https://worldathletics.org/records/competition-performance-rankings/ranking/592806
1070,591579,"UK Women's League Division 2, Chelmsford",GBR,09 JUN 2019,09 JUN 2019,10,658,60366,1070,60376,https://worldathletics.org/records/competition-performance-rankings/ranking/591579
1071,590627,"City Championships, Praha",CZE,11 MAY 2019,12 MAY 2019,5,706,60353,1072,60358,https://worldathletics.org/records/competition-performance-rankings/ranking/590627
1072,591604,"Qualifikationstage, Heidelberg",GER,09 JUN 2019,10 JUN 2019,0,,60356,1071,60356,https://worldathletics.org/records/competition-performance-rankings/ranking/591604
1073,596873,"South West Counties Schools Championships, Exeter",GBR,15 JUN 2019,15 JUN 2019,0,,60341,1073,60341,https://worldathletics.org/records/competition-performance-rankings/ranking/596873
1074,593654,"Karkonoski Meeting, Stadion Miejski, Jelenia Góra",POL,15 JUN 2019,15 JUN 2019,0,,60340,1074,60340,https://worldathletics.org/records/competition-performance-rankings/ranking/593654
1075,592238,"Irish U20 Championships, Tullamore",IRL,06 JUL 2019,06 JUL 2019,15,606,60301,1075,60316,https://worldathletics.org/records/competition-performance-rankings/ranking/592238
1076,587351,"Strive Program, Perth",AUS,18 JAN 2019,18 JAN 2019,75,355,60212,1082,60287,https://worldathletics.org/records/competition-performance-rankings/ranking/587351
1077,592219,"Meeting de l'US Ivry, Ivry-sur-Seine",FRA,06 JUL 2019,06 JUL 2019,15,606,60263,1077,60278,https://worldathletics.org/records/competition-performance-rankings/ranking/592219
1078,594270,"School Holiday All Comers Meet #1, UQ Athletic Centre, St Lucia, Brisbane",AUS,28 SEP 2019,28 SEP 2019,0,,60267,1076,60267,https://worldathletics.org/records/competition-performance-rankings/ranking/594270
1079,589208,"Central Methodist Open, Fayette, MO",USA,16 MAR 2019,16 MAR 2019,0,,60263,1077,60263,https://worldathletics.org/records/competition-performance-rankings/ranking/589208
1080,589892,"Mountain Brooks Invitational, Mountain Brooks, AL",USA,13 APR 2019,14 APR 2019,0,,60245,1079,60245,https://worldathletics.org/records/competition-performance-rankings/ranking/589892
1081,592928,"Scottish Athletics National U13 / U15 / U20 Championships, Grangemouth",GBR,10 AUG 2019,11 AUG 2019,0,,60227,1080,60227,https://worldathletics.org/records/competition-performance-rankings/ranking/592928
1082,589809,"SNHU Penmen Relays, Manchester, NH",USA,13 APR 2019,13 APR 2019,0,,60217,1081,60217,https://worldathletics.org/records/competition-performance-rankings/ranking/589809
1083,591688,"Spanish Club Championships, Hueska",ESP,15 JUN 2019,15 JUN 2019,0,,60203,1083,60203,https://worldathletics.org/records/competition-performance-rankings/ranking/591688
1084,591114,"Regional U20 Championships, Pila",POL,25 MAY 2019,26 MAY 2019,0,,60202,1084,60202,https://worldathletics.org/records/competition-performance-rankings/ranking/591114
1085,592423,"Prefectural Corporate Teams Competition, Niigata",JPN,26 MAY 2019,26 MAY 2019,5,706,60195,1085,60200,https://worldathletics.org/records/competition-performance-rankings/ranking/592423
1086,591901,"Paulinyi Jenő Memorial, Budapest",HUN,22 JUN 2019,22 JUN 2019,20,557,60175,1088,60195,https://worldathletics.org/records/competition-performance-rankings/ranking/591901
1087,592989,"Indian Grand Prix 5, Patiala",IND,16 AUG 2019,16 AUG 2019,65,386,60121,1092,60186,https://worldathletics.org/records/competition-performance-rankings/ranking/592989
1088,589824,"Weber State Spring Classic, Ogden, UT",USA,12 APR 2019,12 APR 2019,0,,60178,1086,60178,https://worldathletics.org/records/competition-performance-rankings/ranking/589824
1089,592338,"Saint Mary's Open, Winona, MN",USA,25 APR 2019,25 APR 2019,0,,60176,1087,60176,https://worldathletics.org/records/competition-performance-rankings/ranking/592338
1090,592211,"Timanttikisat, Sastamala",FIN,06 JUL 2019,06 JUL 2019,10,658,60159,1089,60169,https://worldathletics.org/records/competition-performance-rankings/ranking/592211
1091,590793,"Athletics League, Warszawa",POL,18 MAY 2019,18 MAY 2019,10,658,60144,1091,60154,https://worldathletics.org/records/competition-performance-rankings/ranking/590793
1092,589696,"WWU Team Invitational, Bellingham, WA",USA,05 APR 2019,05 APR 2019,0,,60152,1090,60152,https://worldathletics.org/records/competition-performance-rankings/ranking/589696
1093,589948,"Whitworth Twilight, Spokane, WA",USA,18 APR 2019,18 APR 2019,0,,60090,1093,60090,https://worldathletics.org/records/competition-performance-rankings/ranking/589948
1094,593266,"Podblanická tretra, Vlašim",CZE,30 AUG 2019,30 AUG 2019,225,209,59856,1103,60081,https://worldathletics.org/records/competition-performance-rankings/ranking/593266
1095,592417,"Cobber Twilight, Moorhead, MN",USA,23 APR 2019,23 APR 2019,5,706,60064,1094,60069,https://worldathletics.org/records/competition-performance-rankings/ranking/592417
1096,592386,"Meeting Robert Bobin, Cerizay",FRA,13 JUL 2019,13 JUL 2019,0,,60057,1095,60057,https://worldathletics.org/records/competition-performance-rankings/ranking/592386
1097,590646,"LA Meeting, Toruń",POL,12 MAY 2019,12 MAY 2019,20,557,60024,1096,60044,https://worldathletics.org/records/competition-performance-rankings/ranking/590646
1098,593019,"Rieter atletický mítink, Ustí Nad Orlicí",CZE,17 AUG 2019,17 AUG 2019,450,120,59549,1127,59999,https://worldathletics.org/records/competition-performance-rankings/ranking/593019
1099,591672,"Pm-Kilpailut, Tampere",FIN,13 JUN 2019,13 JUN 2019,25,533,59939,1098,59964,https://worldathletics.org/records/competition-performance-rankings/ranking/591672
1100,596676,"Open Meet, Grangemouth",GBR,11 MAY 2019,12 MAY 2019,0,,59951,1097,59951,https://worldathletics.org/records/competition-performance-rankings/ranking/596676
1101,591733,"JAAA All Comers Meet, Kingston",JAM,15 JUN 2019,15 JUN 2019,80,344,59837,1105,59917,https://worldathletics.org/records/competition-performance-rankings/ranking/591733
1102,594986,"Torneo Guillermo Garcia Huidobro, Santiago de Chile",CHI,05 OCT 2019,06 OCT 2019,45,437,59855,1104,59900,https://worldathletics.org/records/competition-performance-rankings/ranking/594986
1103,591853,"Juhannuskisat, Somero",FIN,21 JUN 2019,21 JUN 2019,25,533,59871,1100,59896,https://worldathletics.org/records/competition-performance-rankings/ranking/591853
1104,594128,"AAU Region 08 Qualifier, Hopkins, SC",USA,27 JUN 2019,30 JUN 2019,0,,59891,1099,59891,https://worldathletics.org/records/competition-performance-rankings/ranking/594128
1105,590905,"9th Juntendo University Competition, Juntendo University Stadium, Inzai",JPN,23 MAR 2019,23 MAR 2019,0,,59866,1101,59866,https://worldathletics.org/records/competition-performance-rankings/ranking/590905
1106,593918,"South of England U15 / U20 Inter County Championships, Horspath",GBR,07 SEP 2019,07 SEP 2019,0,,59861,1102,59861,https://worldathletics.org/records/competition-performance-rankings/ranking/593918
1107,590994,"Portuguese University Championships, Leiria",POR,18 MAY 2019,19 MAY 2019,40,461,59813,1107,59853,https://worldathletics.org/records/competition-performance-rankings/ranking/590994
1108,595752,"Outdoor Meeting, Łomża",POL,05 JUN 2019,05 JUN 2019,20,557,59830,1106,59850,https://worldathletics.org/records/competition-performance-rankings/ranking/595752
1109,591888,"Olympic Youth Days, Grodno",BLR,18 JUN 2019,19 JUN 2019,0,,59793,1108,59793,https://worldathletics.org/records/competition-performance-rankings/ranking/591888
1110,589211,"George Fox Rich Allen Classic, Newberg, OR",USA,16 MAR 2019,16 MAR 2019,0,,59787,1109,59787,https://worldathletics.org/records/competition-performance-rankings/ranking/589211
1111,589672,"South Texas Showdown, Edinburg, TX",USA,06 APR 2019,06 APR 2019,0,,59785,1110,59785,https://worldathletics.org/records/competition-performance-rankings/ranking/589672
1112,591322,"Rider 5-Way, Lawrence Township, NJ",USA,30 MAR 2019,30 MAR 2019,0,,59766,1111,59766,https://worldathletics.org/records/competition-performance-rankings/ranking/591322
1113,592312,"League Meet, Warszawa",POL,29 JUN 2019,29 JUN 2019,10,658,59720,1112,59730,https://worldathletics.org/records/competition-performance-rankings/ranking/592312
1114,590083,"New Captains Classic and Multis, Newport News, VA",USA,20 APR 2019,21 APR 2019,0,,59674,1113,59674,https://worldathletics.org/records/competition-performance-rankings/ranking/590083
1114,592782,"LaLigaSports Cup, Barcelona",ESP,03 AUG 2019,03 AUG 2019,125,275,59549,1127,59674,https://worldathletics.org/records/competition-performance-rankings/ranking/592782
1116,592902,"Lafayette College vs. Lehigh University, Easton, PA",USA,06 APR 2019,06 APR 2019,0,,59668,1114,59668,https://worldathletics.org/records/competition-performance-rankings/ranking/592902
1117,588765,"AGN League 2, Pretoria",RSA,26 JAN 2019,26 JAN 2019,80,344,59581,1123,59661,https://worldathletics.org/records/competition-performance-rankings/ranking/588765
1118,595127,"Copa Nacional, Lima",PER,29 NOV 2019,01 DEC 2019,20,557,59627,1115,59647,https://worldathletics.org/records/competition-performance-rankings/ranking/595127
1119,592613,"Big Athletics Weekend, Ottawa",CAN,05 JUL 2019,07 JUL 2019,15,606,59615,1117,59630,https://worldathletics.org/records/competition-performance-rankings/ranking/592613
1120,591523,"Gateway Classic, Edwardsville, IL",USA,03 MAY 2019,03 MAY 2019,0,,59626,1116,59626,https://worldathletics.org/records/competition-performance-rankings/ranking/591523
1121,592724,"Bellarmine Classic, Louisville, KY",USA,12 APR 2019,13 APR 2019,0,,59615,1117,59615,https://worldathletics.org/records/competition-performance-rankings/ranking/592724
1121,591576,"League Meet, Warszawa",POL,08 JUN 2019,08 JUN 2019,5,706,59610,1119,59615,https://worldathletics.org/records/competition-performance-rankings/ranking/591576
1123,590916,"Korean University Championships, Yecheon",KOR,24 APR 2019,26 APR 2019,0,,59609,1120,59609,https://worldathletics.org/records/competition-performance-rankings/ranking/590916
1124,593232,"Memorial Grzegorz Duneckie, Toruń",POL,31 AUG 2019,31 AUG 2019,30,507,59577,1124,59607,https://worldathletics.org/records/competition-performance-rankings/ranking/593232
1125,592328,"UW-Whitewater Drake Alternative Meet, Whitewater, WI",USA,26 APR 2019,26 APR 2019,0,,59602,1121,59602,https://worldathletics.org/records/competition-performance-rankings/ranking/592328
1126,595187,"48° Meeting di Atletica Leggera, Stadio Giuseppe Grezar, Trieste",ITA,29 JUN 2019,29 JUN 2019,35,480,59563,1125,59598,https://worldathletics.org/records/competition-performance-rankings/ranking/595187
1127,593087,"Meeting estival, Boudewijnstadion, Bruxelles",BEL,10 AUG 2019,10 AUG 2019,75,355,59521,1131,59596,https://worldathletics.org/records/competition-performance-rankings/ranking/593087
1128,592492,"Tilastopajacup, Turku",FIN,16 JUL 2019,16 JUL 2019,0,,59592,1122,59592,https://worldathletics.org/records/competition-performance-rankings/ranking/592492
1129,590864,"Regional Championships, Bad Neuenahr",GER,18 MAY 2019,18 MAY 2019,25,533,59548,1129,59573,https://worldathletics.org/records/competition-performance-rankings/ranking/590864
1130,590287,"Minnesota Men's Twilight, Minneapolis, MN",USA,01 MAY 2019,01 MAY 2019,0,,59559,1126,59559,https://worldathletics.org/records/competition-performance-rankings/ranking/590287
1131,591468,"Bobbi Palma Spring Classic, Albany, NY",USA,18 APR 2019,20 APR 2019,0,,59540,1130,59540,https://worldathletics.org/records/competition-performance-rankings/ranking/591468
1132,587659,"Norma Croker Shield, Brisbane",AUS,26 JAN 2019,26 JAN 2019,35,480,59495,1133,59530,https://worldathletics.org/records/competition-performance-rankings/ranking/587659
1133,589705,"Emilie Mondor Invitational, Burnaby",CAN,07 APR 2019,07 APR 2019,5,706,59510,1132,59515,https://worldathletics.org/records/competition-performance-rankings/ranking/589705
1134,589243,"Amy Adams Memorial Invitational, New Concord, OH",USA,22 MAR 2019,23 MAR 2019,0,,59484,1134,59484,https://worldathletics.org/records/competition-performance-rankings/ranking/589243
1135,604006,"Memoriálu Jana Mazance, Domažlice",CZE,01 SEP 2019,01 SEP 2019,400,136,59069,1159,59469,https://worldathletics.org/records/competition-performance-rankings/ranking/604006
1136,591232,"Croatian U20 Club Championships, Zagreb",CRO,01 JUN 2019,02 JUN 2019,5,706,59460,1135,59465,https://worldathletics.org/records/competition-performance-rankings/ranking/591232
1137,595597,"SSAA Scottish Secondary Schools Championships, Grangemouth Sports Stadium, Grangemouth",GBR,07 JUN 2019,08 JUN 2019,0,,59456,1136,59456,https://worldathletics.org/records/competition-performance-rankings/ranking/595597
1138,597805,"MPSSAA 4A Outdoor State Championships, Hughes Stadium, Morgan St. Univ., Baltimore, MD",USA,25 MAY 2019,25 MAY 2019,0,,59451,1137,59451,https://worldathletics.org/records/competition-performance-rankings/ranking/597805
1139,590125,"UIL 6A - District 9-10 Area Meet, Garland, TX",USA,19 APR 2019,20 APR 2019,0,,59438,1138,59438,https://worldathletics.org/records/competition-performance-rankings/ranking/590125
1140,593472,"Czech U20 Club Championships, Kolin",CZE,15 SEP 2019,15 SEP 2019,0,,59418,1139,59418,https://worldathletics.org/records/competition-performance-rankings/ranking/593472
1141,591090,"Kindler Wildcat Open, Baldwin City, KS",USA,27 APR 2019,27 APR 2019,30,507,59361,1143,59391,https://worldathletics.org/records/competition-performance-rankings/ranking/591090
1142,588985,"Jet Relays, Fort Worth, TX",USA,09 MAR 2019,09 MAR 2019,15,606,59368,1142,59383,https://worldathletics.org/records/competition-performance-rankings/ranking/588985
1143,589452,"Bronco Invite, Hastings, NE",USA,31 MAR 2019,31 MAR 2019,0,,59382,1140,59382,https://worldathletics.org/records/competition-performance-rankings/ranking/589452
1144,588622,"Garry Brown Shield, Brisbane",AUS,23 FEB 2019,23 FEB 2019,0,,59371,1141,59371,https://worldathletics.org/records/competition-performance-rankings/ranking/588622
1145,589307,"El Camino Invitational, Torrance, CA",USA,22 MAR 2019,22 MAR 2019,10,658,59353,1144,59363,https://worldathletics.org/records/competition-performance-rankings/ranking/589307
1146,591393,"Lag-SM kval A, Huddinge",SWE,02 JUN 2019,02 JUN 2019,40,461,59319,1147,59359,https://worldathletics.org/records/competition-performance-rankings/ranking/591393
1147,592891,"Hamilton College Continental Invitational, Clinton, NY",USA,06 APR 2019,06 APR 2019,0,,59335,1145,59335,https://worldathletics.org/records/competition-performance-rankings/ranking/592891
1148,590648,"Regional Championships, Slupsk",POL,11 MAY 2019,11 MAY 2019,20,557,59312,1149,59332,https://worldathletics.org/records/competition-performance-rankings/ranking/590648
1149,590711,"Williams Final Qualifier Meet, Williamstown, MA",USA,15 MAY 2019,15 MAY 2019,0,,59329,1146,59329,https://worldathletics.org/records/competition-performance-rankings/ranking/590711
1150,599673,"CIF North Coast Section Meet of Champions, Diablo Valley College, Pleasant Hill, CA",USA,17 MAY 2019,18 MAY 2019,0,,59317,1148,59317,https://worldathletics.org/records/competition-performance-rankings/ranking/599673
1151,597759,"KHSAA Class 3A State Track Meet, Un. of Kentucky Outdoor Track Facility, Lexington, KY",USA,01 JUN 2019,01 JUN 2019,0,,59302,1150,59302,https://worldathletics.org/records/competition-performance-rankings/ranking/597759
1152,589164,"UTEP Springtime, El Paso, TX",USA,15 MAR 2019,16 MAR 2019,20,557,59253,1152,59273,https://worldathletics.org/records/competition-performance-rankings/ranking/589164
1153,595749,"Qualification Meeting, Gdansk",POL,15 JUN 2019,15 JUN 2019,5,706,59267,1151,59272,https://worldathletics.org/records/competition-performance-rankings/ranking/595749
1154,591311,"Rice All Comers Meet, Houston, TX",USA,30 MAY 2019,30 MAY 2019,50,425,59203,1153,59253,https://worldathletics.org/records/competition-performance-rankings/ranking/591311
1155,592167,"Illinois College True Blue Open, Jacksonville, IL",USA,27 APR 2019,27 APR 2019,0,,59201,1154,59201,https://worldathletics.org/records/competition-performance-rankings/ranking/592167
1156,592157,"Cosma Cup, Vilnius",LTU,03 JUL 2019,03 JUL 2019,205,219,58981,1163,59186,https://worldathletics.org/records/competition-performance-rankings/ranking/592157
1157,592958,"Sommerabendmeeting, Riehen",SUI,14 AUG 2019,14 AUG 2019,15,606,59169,1155,59184,https://worldathletics.org/records/competition-performance-rankings/ranking/592958
1158,589489,"Otterbein April Fools Invite, Westerville, OH",USA,30 MAR 2019,30 MAR 2019,0,,59134,1156,59134,https://worldathletics.org/records/competition-performance-rankings/ranking/589489
1159,588515,"Louie Bing Memorial Classic, Miami, FL",USA,15 FEB 2019,16 FEB 2019,0,,59129,1157,59129,https://worldathletics.org/records/competition-performance-rankings/ranking/588515
1160,589305,"GMAC Ch., Miami, FL",USA,22 MAR 2019,22 MAR 2019,0,,59102,1158,59102,https://worldathletics.org/records/competition-performance-rankings/ranking/589305
1161,589070,"Redlands Invitational, Redlands, CA",USA,15 MAR 2019,15 MAR 2019,15,606,59049,1160,59064,https://worldathletics.org/records/competition-performance-rankings/ranking/589070
1162,594001,"Torneo Carlos Strutz, Santiago de Chile",CHI,12 OCT 2019,12 OCT 2019,20,557,59009,1162,59029,https://worldathletics.org/records/competition-performance-rankings/ranking/594001
1163,595060,"Jogos Escolares Juventude, Timbó",BRA,22 NOV 2019,25 NOV 2019,0,,59028,1161,59028,https://worldathletics.org/records/competition-performance-rankings/ranking/595060
1164,591528,"Regional Meeting, Montpellier",FRA,08 JUN 2019,09 JUN 2019,0,,58968,1164,58968,https://worldathletics.org/records/competition-performance-rankings/ranking/591528
1165,589938,"Loras Easter Mid-Week, Dubuque, IA",USA,16 APR 2019,16 APR 2019,0,,58948,1165,58948,https://worldathletics.org/records/competition-performance-rankings/ranking/589938
1165,592564,"Blue Hawk Games, Dickinson, ND",USA,19 APR 2019,19 APR 2019,0,,58948,1165,58948,https://worldathletics.org/records/competition-performance-rankings/ranking/592564
1167,588864,"Southeastern Louisiana Strawberry Relays, Hammond, LA",USA,02 MAR 2019,02 MAR 2019,15,606,58928,1167,58943,https://worldathletics.org/records/competition-performance-rankings/ranking/588864
1168,590674,"Opening Meet, Warszawa",POL,11 MAY 2019,12 MAY 2019,10,658,58908,1168,58918,https://worldathletics.org/records/competition-performance-rankings/ranking/590674
1169,591378,"39th Alexandria Greek Grand Prix, Edessa",GRE,29 MAY 2019,29 MAY 2019,20,557,58858,1169,58878,https://worldathletics.org/records/competition-performance-rankings/ranking/591378
1169,594346,"SEA Games Test Event, New Clark City",PHI,26 OCT 2019,27 OCT 2019,45,437,58833,1172,58878,https://worldathletics.org/records/competition-performance-rankings/ranking/594346
1171,591401,"League Meet, Warszawa",POL,02 JUN 2019,02 JUN 2019,10,658,58858,1169,58868,https://worldathletics.org/records/competition-performance-rankings/ranking/591401
1172,593313,"Eugeniusz Lokajski Meeting, Stadion Zygmunta Szelesta, Warszawa",POL,01 SEP 2019,01 SEP 2019,15,606,58840,1171,58855,https://worldathletics.org/records/competition-performance-rankings/ranking/593313
1173,588851,"Trinity Open, San Antonio, TX",USA,02 MAR 2019,02 MAR 2019,20,557,58820,1173,58840,https://worldathletics.org/records/competition-performance-rankings/ranking/588851
1174,592403,"Lewis Twilight, Romeoville, IL",USA,23 APR 2019,23 APR 2019,0,,58807,1174,58807,https://worldathletics.org/records/competition-performance-rankings/ranking/592403
1175,592020,"Spokane Memorial, Spokane, WA",USA,03 MAY 2019,04 MAY 2019,0,,58790,1175,58790,https://worldathletics.org/records/competition-performance-rankings/ranking/592020
1176,591036,"District U20 Championships, Slupsk",POL,25 MAY 2019,25 MAY 2019,5,706,58755,1176,58760,https://worldathletics.org/records/competition-performance-rankings/ranking/591036
1177,592035,"Criterium Josep Campmany, Barcelona",ESP,26 JUN 2019,26 JUN 2019,10,658,58731,1178,58741,https://worldathletics.org/records/competition-performance-rankings/ranking/592035
1178,589688,"Susan Rouse Invite, Central, SC",USA,05 APR 2019,06 APR 2019,0,,58739,1177,58739,https://worldathletics.org/records/competition-performance-rankings/ranking/589688
1179,592001,"LOZLA Qualifying Meet, Łódź",POL,22 JUN 2019,22 JUN 2019,0,,58722,1179,58722,https://worldathletics.org/records/competition-performance-rankings/ranking/592001
1180,589712,"Rhodes 7-Way Meet, Memphis, TN",USA,06 APR 2019,06 APR 2019,0,,58708,1180,58708,https://worldathletics.org/records/competition-performance-rankings/ranking/589712
1181,589265,"CIU Invitational, Columbia, SC",USA,23 MAR 2019,23 MAR 2019,0,,58699,1181,58699,https://worldathletics.org/records/competition-performance-rankings/ranking/589265
1182,591504,"Battke Road Twilight Series 4, Waltham, MA",USA,08 JUN 2019,08 JUN 2019,0,,58669,1182,58669,https://worldathletics.org/records/competition-performance-rankings/ranking/591504
1183,594264,"Victoria State Secondary Schools Ch, Lakeside Stadium, Melbourne",AUS,18 OCT 2019,18 OCT 2019,0,,58659,1183,58659,https://worldathletics.org/records/competition-performance-rankings/ranking/594264
1184,591933,"Oceania Invitational, Townsville",AUS,21 JUN 2019,21 JUN 2019,240,196,58402,1195,58642,https://worldathletics.org/records/competition-performance-rankings/ranking/591933
1185,592524,"Cougar Open, Oregon City, OR",USA,20 APR 2019,20 APR 2019,15,606,58623,1185,58638,https://worldathletics.org/records/competition-performance-rankings/ranking/592524
1186,592517,"Titan 30th Ave. Twilight, Eugene, OR",USA,20 APR 2019,20 APR 2019,0,,58635,1184,58635,https://worldathletics.org/records/competition-performance-rankings/ranking/592517
1187,589415,"Augustana Viking Olympics, Rock Island, IL",USA,30 MAR 2019,30 MAR 2019,50,425,58572,1187,58622,https://worldathletics.org/records/competition-performance-rankings/ranking/589415
1188,592215,"Meeting Internacional, Guarda",POR,05 JUL 2019,05 JUL 2019,295,175,58324,1198,58619,https://worldathletics.org/records/competition-performance-rankings/ranking/592215
1189,592917,"M K Joseph Memorial, Thiruvanthapuram",IND,07 AUG 2019,09 AUG 2019,0,,58610,1186,58610,https://worldathletics.org/records/competition-performance-rankings/ranking/592917
1190,589012,"PLU Open, Tacoma, WA",USA,09 MAR 2019,09 MAR 2019,0,,58567,1188,58567,https://worldathletics.org/records/competition-performance-rankings/ranking/589012
1191,593077,"Spartan Invitational, Miami, FL",USA,23 FEB 2019,23 FEB 2019,5,706,58547,1189,58552,https://worldathletics.org/records/competition-performance-rankings/ranking/593077
1192,589486,"Cedarville University Yellow Jacket Collegiate Outdoor Open, Cedarville, OH",USA,30 MAR 2019,30 MAR 2019,0,,58541,1190,58541,https://worldathletics.org/records/competition-performance-rankings/ranking/589486
1193,589704,"OWU Marv Frye Invitational, Delaware, OH",USA,05 APR 2019,06 APR 2019,0,,58484,1191,58484,https://worldathletics.org/records/competition-performance-rankings/ranking/589704
1194,596627,"Westmont College On Your Marks, Santa Barbara, CA",USA,26 JAN 2019,26 JAN 2019,0,,58446,1192,58446,https://worldathletics.org/records/competition-performance-rankings/ranking/596627
1195,590540,"BYU Cougar Invitational, Provo, UT",USA,10 MAY 2019,11 MAY 2019,5,706,58421,1193,58426,https://worldathletics.org/records/competition-performance-rankings/ranking/590540
1196,591127,"Spanish U20 Club Championships, Zaragoza",ESP,25 MAY 2019,25 MAY 2019,0,,58404,1194,58404,https://worldathletics.org/records/competition-performance-rankings/ranking/591127
1197,593151,"BAA Athletics Competition, National Stadium, Gaborone",BOT,16 JUN 2019,16 JUN 2019,10,658,58388,1196,58398,https://worldathletics.org/records/competition-performance-rankings/ranking/593151
1198,591817,"City Cup, Tashkent",UZB,11 JUN 2019,12 JUN 2019,45,437,58345,1197,58390,https://worldathletics.org/records/competition-performance-rankings/ranking/591817
1199,589230,"East Texas Quad, Commerce, TX",USA,21 MAR 2019,22 MAR 2019,0,,58324,1198,58324,https://worldathletics.org/records/competition-performance-rankings/ranking/589230
1200,595827,"UK Women's League Division 2, Scotstoun Stadium, Glasgow",GBR,03 AUG 2019,03 AUG 2019,0,,58299,1200,58299,https://worldathletics.org/records/competition-performance-rankings/ranking/595827
1201,590251,"Miami Dade Youth Fair Invite, Miami, FL",USA,06 APR 2019,06 APR 2019,0,,58282,1201,58282,https://worldathletics.org/records/competition-performance-rankings/ranking/590251
1202,594274,"Leinster Schools', Santry",IRL,18 MAY 2019,18 MAY 2019,0,,58265,1202,58265,https://worldathletics.org/records/competition-performance-rankings/ranking/594274
1203,588746,"ACNW League 3, Potchefstroom",RSA,12 FEB 2019,12 FEB 2019,40,461,58219,1207,58259,https://worldathletics.org/records/competition-performance-rankings/ranking/588746
1204,592029,"Sportland Cup, Jelgava",LAT,26 JUN 2019,26 JUN 2019,15,606,58241,1204,58256,https://worldathletics.org/records/competition-performance-rankings/ranking/592029
1205,589627,"PUMA School of Speed, Potchefstroom",RSA,13 MAR 2019,13 MAR 2019,0,,58252,1203,58252,https://worldathletics.org/records/competition-performance-rankings/ranking/589627
1206,590526,"7th Osaka University of Health and Sport Sciences Competition, Kumatori",JPN,16 MAR 2019,16 MAR 2019,40,461,58210,1208,58250,https://worldathletics.org/records/competition-performance-rankings/ranking/590526
1207,588153,"Denise Boyd Shield, Brisbane",AUS,09 FEB 2019,09 FEB 2019,15,606,58221,1206,58236,https://worldathletics.org/records/competition-performance-rankings/ranking/588153
1208,594273,"Treloar Shield 4, Blacktown Athletics Track, Sydney",AUS,02 NOV 2019,02 NOV 2019,0,,58229,1205,58229,https://worldathletics.org/records/competition-performance-rankings/ranking/594273
1209,590307,"1st Shiga Prefectural Highschool Time Trials, Otsu",JPN,06 APR 2019,06 APR 2019,0,,58197,1209,58197,https://worldathletics.org/records/competition-performance-rankings/ranking/590307
1210,592899,"Regional Meeting, Bialogard",POL,19 JUL 2019,19 JUL 2019,20,557,58162,1210,58182,https://worldathletics.org/records/competition-performance-rankings/ranking/592899
1211,592448,"Sean Collier Invitational, Cambridge, MA",USA,20 APR 2019,20 APR 2019,0,,58131,1211,58131,https://worldathletics.org/records/competition-performance-rankings/ranking/592448
1212,590938,"Regional U18 Championships, Saronno",ITA,18 MAY 2019,19 MAY 2019,0,,58119,1212,58119,https://worldathletics.org/records/competition-performance-rankings/ranking/590938
1213,593039,"South of England AA U13 / U15 / U17 Championships, Ashford",GBR,17 AUG 2019,18 AUG 2019,0,,58117,1213,58117,https://worldathletics.org/records/competition-performance-rankings/ranking/593039
1214,589834,"Raider Open, Ashland, OH",USA,12 APR 2019,13 APR 2019,0,,58115,1214,58115,https://worldathletics.org/records/competition-performance-rankings/ranking/589834
1215,589494,"Delaware Classic, Newark, DE",USA,30 MAR 2019,30 MAR 2019,5,706,58109,1215,58114,https://worldathletics.org/records/competition-performance-rankings/ranking/589494
1216,589707,"Wartburg Outdoor Select, Waverly, IA",USA,05 APR 2019,06 APR 2019,0,,58077,1216,58077,https://worldathletics.org/records/competition-performance-rankings/ranking/589707
1217,593419,"Trofeo Crotti-Ruggeri, Campo Comunale, Modena",ITA,08 SEP 2019,08 SEP 2019,0,,58073,1217,58073,https://worldathletics.org/records/competition-performance-rankings/ranking/593419
1218,589091,"Florida A & M (FAMU) Relays & Multi, Tallahassee, FL",USA,15 MAR 2019,16 MAR 2019,15,606,58029,1219,58044,https://worldathletics.org/records/competition-performance-rankings/ranking/589091
1219,590889,"North Star AA Outdoor Track & Field Championships, Dickinson, ND",USA,09 MAY 2019,10 MAY 2019,0,,58035,1218,58035,https://worldathletics.org/records/competition-performance-rankings/ranking/590889
1220,590679,"West Texas A&M Last Chance, Amarillo, TX",USA,12 MAY 2019,12 MAY 2019,0,,58014,1220,58014,https://worldathletics.org/records/competition-performance-rankings/ranking/590679
1221,589665,"April Open, Lee Valley",GBR,06 APR 2019,06 APR 2019,0,,57983,1221,57983,https://worldathletics.org/records/competition-performance-rankings/ranking/589665
1222,592606,"Tomcat Twilight, St. Paul",USA,18 APR 2019,18 APR 2019,0,,57965,1222,57965,https://worldathletics.org/records/competition-performance-rankings/ranking/592606
1223,593675,"Soirée Sélect #2, Piste Ben Leduc, Montréal",CAN,01 JUN 2019,01 JUN 2019,0,,57957,1223,57957,https://worldathletics.org/records/competition-performance-rankings/ranking/593675
1224,592682,"NNU Open, Nampa, ID",USA,13 APR 2019,13 APR 2019,0,,57943,1224,57943,https://worldathletics.org/records/competition-performance-rankings/ranking/592682
1225,592205,"Riunione Regionale, Gavardo",ITA,04 JUL 2019,04 JUL 2019,0,,57919,1225,57919,https://worldathletics.org/records/competition-performance-rankings/ranking/592205
1226,590320,"Wichita State Shocker Open, Wichita, KS",USA,03 MAY 2019,03 MAY 2019,0,,57913,1226,57913,https://worldathletics.org/records/competition-performance-rankings/ranking/590320
1227,595477,"Thunderbird Classic, Concordia, KS",USA,24 APR 2019,24 APR 2019,0,,57867,1227,57867,https://worldathletics.org/records/competition-performance-rankings/ranking/595477
1228,594472,"Regional U18 Championships, Vicenza",ITA,18 MAY 2019,19 MAY 2019,0,,57842,1228,57842,https://worldathletics.org/records/competition-performance-rankings/ranking/594472
1229,590195,"Quad Meet, Cambridge, MA",USA,06 APR 2019,06 APR 2019,0,,57839,1229,57839,https://worldathletics.org/records/competition-performance-rankings/ranking/590195
1230,588503,"UCSB Gaucho Round Up, Santa Barbara, CA",USA,16 FEB 2019,16 FEB 2019,0,,57809,1230,57809,https://worldathletics.org/records/competition-performance-rankings/ranking/588503
1231,592291,"Davenport University Tune Up, Grand Rapids, MI",USA,26 APR 2019,27 APR 2019,0,,57807,1231,57807,https://worldathletics.org/records/competition-performance-rankings/ranking/592291
1232,589201,"W&L Track & Field Carnival, Lexington, VA",USA,15 MAR 2019,16 MAR 2019,0,,57769,1232,57769,https://worldathletics.org/records/competition-performance-rankings/ranking/589201
1233,591861,"Northern Ireland & Ulster Senior Championships, Belfast",GBR,08 JUN 2019,08 JUN 2019,10,658,57743,1234,57753,https://worldathletics.org/records/competition-performance-rankings/ranking/591861
1234,591585,"Sävedalsspelen, Göteborg",SWE,08 JUN 2019,09 JUN 2019,0,,57751,1233,57751,https://worldathletics.org/records/competition-performance-rankings/ranking/591585
1235,591330,"Lag-SM kval B, Norrköping",SWE,02 JUN 2019,02 JUN 2019,15,606,57705,1236,57720,https://worldathletics.org/records/competition-performance-rankings/ranking/591330
1236,592487,"Athletics Festival, Kyiv",UKR,16 JUL 2019,16 JUL 2019,5,706,57713,1235,57718,https://worldathletics.org/records/competition-performance-rankings/ranking/592487
1237,589202,"UNCW Invitational, Wilmington, NC",USA,15 MAR 2019,16 MAR 2019,0,,57630,1237,57630,https://worldathletics.org/records/competition-performance-rankings/ranking/589202
1238,589317,"Snow Flake Spring Opener, Stony Brook, NY",USA,23 MAR 2019,23 MAR 2019,0,,57601,1238,57601,https://worldathletics.org/records/competition-performance-rankings/ranking/589317
