place,competitionId,competition,country,startDate,endDate,partScore,participationScorePlace,resultScore,resultScorePlace,competitionScore,competitionUrl
1,614376,"Weltklasse Zürich, Letzigrund, Zürich",SUI,07 SEP 2022,08 SEP 2022,8570,1,88357,1,96927,https://worldathletics.org/records/competition-performance-rankings/ranking/614376
2,612228,"Prefontaine Classic, Hayward Field, Eugene, OR",USA,27 MAY 2022,28 MAY 2022,7585,2,87617,2,95202,https://worldathletics.org/records/competition-performance-rankings/ranking/612228
3,614185,"Athletissima Lausanne, Stade Olympique de la Pontaise, Lausanne",SUI,25 AUG 2022,26 AUG 2022,7530,3,87571,3,95101,https://worldathletics.org/records/competition-performance-rankings/ranking/614185
4,614287,"Memorial van Damme, Boudewijnstadion, Bruxelles",BEL,01 SEP 2022,02 SEP 2022,6965,5,87339,4,94304,https://worldathletics.org/records/competition-performance-rankings/ranking/614287
5,613961,"Herculis Meeting International d’Athlétisme EBS, Stade Louis II, Monaco",MON,10 AUG 2022,10 AUG 2022,6900,6,87309,5,94209,https://worldathletics.org/records/competition-performance-rankings/ranking/613961
6,613977,"Silesia Kamila Skolimowska Memorial, Stadion Śląski, Chorzów",POL,06 AUG 2022,06 AUG 2022,7410,4,86375,7,93785,https://worldathletics.org/records/competition-performance-rankings/ranking/613977
7,613365,"BAUHAUS-Galan, Olympiastadion, Stockholm",SWE,30 JUN 2022,30 JUN 2022,6545,9,86437,6,92982,https://worldathletics.org/records/competition-performance-rankings/ranking/613365
8,612673,"Golden Gala Pietro Mennea, Stadio Olimpico, Roma",ITA,09 JUN 2022,09 JUN 2022,6730,8,86058,9,92788,https://worldathletics.org/records/competition-performance-rankings/ranking/612673
9,612979,"Meeting de Paris, Stade Charléty, Paris",FRA,18 JUN 2022,18 JUN 2022,5730,12,86212,8,91942,https://worldathletics.org/records/competition-performance-rankings/ranking/612979
10,611697,"Ooredoo Doha Meeting, Suhaim bin Hamad Stadium, Doha",QAT,13 MAY 2022,14 MAY 2022,6750,7,84695,17,91445,https://worldathletics.org/records/competition-performance-rankings/ranking/611697
11,612920,"Oslo Bislett Games, Bislett Stadion, Oslo",NOR,16 JUN 2022,16 JUN 2022,5445,14,85657,10,91102,https://worldathletics.org/records/competition-performance-rankings/ranking/612920
12,613935,"Gyulai István Memorial - Hungarian Athletics Grand Prix, Bregyó Athletic Center, Székesfehérvár",HUN,08 AUG 2022,08 AUG 2022,5755,10,85328,12,91083,https://worldathletics.org/records/competition-performance-rankings/ranking/613935
13,612481,"Meeting International Mohammed VI d'Athletisme de Rabat, Complexe Sportif Prince Moulay Abdellah, Rabat",MAR,05 JUN 2022,05 JUN 2022,5750,11,84774,15,90524,https://worldathletics.org/records/competition-performance-rankings/ranking/612481
14,612011,"Diamond League Meeting, Alexander Stadium, Birmingham",GBR,21 MAY 2022,21 MAY 2022,5635,13,84038,23,89673,https://worldathletics.org/records/competition-performance-rankings/ranking/612011
15,610808,"USATF Golden Games, Hilmer Lodge Stadium, Walnut, CA",USA,16 APR 2022,16 APR 2022,3855,17,85444,11,89299,https://worldathletics.org/records/competition-performance-rankings/ranking/610808
16,614425,"Memorial Borisa Hanžekovića, Sports Park Mladost, Zagreb",CRO,09 SEP 2022,11 SEP 2022,4210,15,84171,21,88381,https://worldathletics.org/records/competition-performance-rankings/ranking/614425
17,612521,"FBK Games, FBK Stadium, Hengelo",NED,06 JUN 2022,06 JUN 2022,3890,16,84490,19,88380,https://worldathletics.org/records/competition-performance-rankings/ranking/612521
18,612346,"61st Golden Spike, Mestský Stadion, Ostrava",CZE,31 MAY 2022,31 MAY 2022,3485,21,84671,18,88156,https://worldathletics.org/records/competition-performance-rankings/ranking/612346
19,612843,"Paavo Nurmi Games, Paavo Nurmen Stadion, Turku",FIN,14 JUN 2022,14 JUN 2022,3760,18,84120,22,87880,https://worldathletics.org/records/competition-performance-rankings/ranking/612843
20,614470,"Gala dei Castelli, Stadio Comunale, Bellinzona",SUI,12 SEP 2022,12 SEP 2022,3535,20,84015,24,87550,https://worldathletics.org/records/competition-performance-rankings/ranking/614470
21,612472,"68° ORLEN Janusz Kusociński Memorial, Stadion Śląski, Chorzów",POL,05 JUN 2022,05 JUN 2022,3230,22,84279,20,87509,https://worldathletics.org/records/competition-performance-rankings/ranking/612472
22,611663,"Puerto Rico International Athletics Classic, Estadio Francisco Montaner, Ponce",PUR,12 MAY 2022,12 MAY 2022,3125,24,83944,25,87069,https://worldathletics.org/records/competition-performance-rankings/ranking/611663
23,611422,"Kip Keino Classic, Moi International Sports Centre, Kasarani, Nairobi",KEN,07 MAY 2022,07 MAY 2022,3070,26,83904,26,86974,https://worldathletics.org/records/competition-performance-rankings/ranking/611422
24,614309,"ISTAF 2022, Olympiastadion, Berlin",GER,04 SEP 2022,04 SEP 2022,3215,23,83663,30,86878,https://worldathletics.org/records/competition-performance-rankings/ranking/614309
25,612416,"4th Irena Szewinska Memorial, Zdzisław Krzyszkowiak Stadium, Bydgoszcz",POL,03 JUN 2022,03 JUN 2022,3105,25,83767,29,86872,https://worldathletics.org/records/competition-performance-rankings/ranking/612416
26,610820,"Tom Jones Memorial Invitational, Percy Beard Track, Gainesville, FL",USA,15 APR 2022,16 APR 2022,1590,39,84983,13,86573,https://worldathletics.org/records/competition-performance-rankings/ranking/610820
27,613886,"Murphey Classic, Billy J. Murphy Track and Field Complex, Memphis, TN",USA,29 JUL 2022,30 JUL 2022,1810,35,84701,16,86511,https://worldathletics.org/records/competition-performance-rankings/ranking/613886
28,614254,"Spitzen Leichtathletik, Stadion Allmend, Luzern",SUI,30 AUG 2022,30 AUG 2022,3685,19,82672,38,86357,https://worldathletics.org/records/competition-performance-rankings/ranking/614254
29,610381,"Texas Relays, Mike A. Myers Stadium, Austin, TX",USA,23 MAR 2022,26 MAR 2022,1360,47,84956,14,86316,https://worldathletics.org/records/competition-performance-rankings/ranking/610381
30,612780,"New York Grand Prix, Icahn Stadium, New York, NY",USA,12 JUN 2022,12 JUN 2022,2260,30,83871,28,86131,https://worldathletics.org/records/competition-performance-rankings/ranking/612780
31,614314,"XXXV Meeting Città di Padova, Stadio Colbachini, Padova",ITA,04 SEP 2022,04 SEP 2022,2520,29,83317,31,85837,https://worldathletics.org/records/competition-performance-rankings/ranking/614314
32,612553,"Music City Track Carnival Festival, Vanderbilt Track, Nashville, TN",USA,03 JUN 2022,05 JUN 2022,1655,38,83893,27,85548,https://worldathletics.org/records/competition-performance-rankings/ranking/612553
33,613205,"Kenyan Trials for World Championships and Commonwealth Games 2022, Moi International Sports Centre, Kasarani, Nairobi",KEN,24 JUN 2022,25 JUN 2022,2635,27,82630,39,85265,https://worldathletics.org/records/competition-performance-rankings/ranking/613205
34,614255,"58. Palio Città della Quercia, Stadio Quercia, Rovereto",ITA,30 AUG 2022,30 AUG 2022,2125,32,82990,34,85115,https://worldathletics.org/records/competition-performance-rankings/ranking/614255
35,612400,"Montreuil International Meeting, Stade des Grands Pêchers, Montreuil",FRA,02 JUN 2022,02 JUN 2022,2195,31,82863,36,85058,https://worldathletics.org/records/competition-performance-rankings/ranking/612400
36,612894,"ATLETICAGENEVE - EAP, Centre sportif Bout-du-Monde, Genève",SUI,11 JUN 2022,11 JUN 2022,1375,44,83202,33,84577,https://worldathletics.org/records/competition-performance-rankings/ranking/612894
37,611241,"LSU Invitational, LSU Bernie Moore Stadium, Baton Rouge, LA",USA,30 APR 2022,30 APR 2022,1110,58,83280,32,84390,https://worldathletics.org/records/competition-performance-rankings/ranking/611241
38,612986,"Meeting Madrid, Estadio Vallehermoso, Madrid",ESP,18 JUN 2022,18 JUN 2022,1490,41,82339,40,83829,https://worldathletics.org/records/competition-performance-rankings/ranking/612986
39,613416,"Résisprint International, Stade de La Charrière, La Chaux-de-Fonds",SUI,03 JUL 2022,03 JUL 2022,840,77,82966,35,83806,https://worldathletics.org/records/competition-performance-rankings/ranking/613416
40,611183,"Mt. SAC Relays, Hilmer Lodge Stadium, Walnut, CA",USA,13 APR 2022,16 APR 2022,1020,62,82723,37,83743,https://worldathletics.org/records/competition-performance-rankings/ranking/611183
41,611257,"Drake Relays, Drake Stadium, Des Moines, IA",USA,27 APR 2022,30 APR 2022,2535,28,80992,50,83527,https://worldathletics.org/records/competition-performance-rankings/ranking/611257
42,611447,"Seiko Golden Grand Prix, National Stadium, Tokyo",JPN,08 MAY 2022,08 MAY 2022,1805,36,81300,49,83105,https://worldathletics.org/records/competition-performance-rankings/ranking/611447
43,611928,"11° Meeting International Citta' Di Savona, Centro Sportivo Fontanassa, Savona",ITA,18 MAY 2022,18 MAY 2022,1280,49,81600,43,82880,https://worldathletics.org/records/competition-performance-rankings/ranking/611928
44,613413,"Stars and Stripes Classic, Marietta, GA",USA,02 JUL 2022,02 JUL 2022,1195,51,81555,44,82750,https://worldathletics.org/records/competition-performance-rankings/ranking/613413
45,612866,"The Penn Relays Carnival, Franklin Field, Philadelphia, PA",USA,28 APR 2022,30 APR 2022,990,64,81756,41,82746,https://worldathletics.org/records/competition-performance-rankings/ranking/612866
46,610981,"Michael Johnson Invitational, Clyde Hart Track & Field Stadium, Waco, TX",USA,22 APR 2022,23 APR 2022,885,70,81617,42,82502,https://worldathletics.org/records/competition-performance-rankings/ranking/610981
47,611245,"UNF Invitational, University of North Florda Jax Track at Hodges Stadium, Jacksonville, FL",USA,29 APR 2022,30 APR 2022,1070,60,81307,48,82377,https://worldathletics.org/records/competition-performance-rankings/ranking/611245
48,612185,"Meeting Iberoamericano, Estadio Iberoamericano, Huelva",ESP,25 MAY 2022,25 MAY 2022,780,80,81335,47,82115,https://worldathletics.org/records/competition-performance-rankings/ranking/612185
49,612349,"Castiglione International Meeting, Stadio Zecchini, Grosseto",ITA,22 MAY 2022,22 MAY 2022,1155,55,80943,51,82098,https://worldathletics.org/records/competition-performance-rankings/ranking/612349
50,612278,"IFAM Oordegem, Putbosstadion, Oordegem",BEL,28 MAY 2022,28 MAY 2022,695,90,81392,46,82087,https://worldathletics.org/records/competition-performance-rankings/ranking/612278
51,612844,"CITIUS Meeting, Stadion Wankdorf, Bern",SUI,14 JUN 2022,14 JUN 2022,1135,56,80828,52,81963,https://worldathletics.org/records/competition-performance-rankings/ranking/612844
52,613159,"Kuortane Games, Kuortaneen keskusurheilukenttä, Kuortane",FIN,18 JUN 2022,18 JUN 2022,1700,37,80159,66,81859,https://worldathletics.org/records/competition-performance-rankings/ranking/613159
53,614203,"#True Athletes Classics, Stadion Manfort, Leverkusen",GER,28 AUG 2022,28 AUG 2022,1305,48,80498,60,81803,https://worldathletics.org/records/competition-performance-rankings/ranking/614203
54,612562,"Memorial Josef Odložila, Stadion Juliska, Praha",CZE,06 JUN 2022,06 JUN 2022,1275,50,80510,59,81785,https://worldathletics.org/records/competition-performance-rankings/ranking/612562
55,612664,"P-T-S meeting 2022, x-bionic sphere, Šamorín",SVK,08 JUN 2022,09 JUN 2022,1190,52,80573,58,81763,https://worldathletics.org/records/competition-performance-rankings/ranking/612664
56,611749,"ACC Ch., Morris Williams T&F Stadium, Durham, NC",USA,12 MAY 2022,14 MAY 2022,300,171,81406,45,81706,https://worldathletics.org/records/competition-performance-rankings/ranking/611749
57,611271,"Grande Premio Internacional Brasil Loterias Caixa de Atletismo, COTP Stadium, São Paulo",BRA,01 MAY 2022,01 MAY 2022,1135,56,80381,62,81516,https://worldathletics.org/records/competition-performance-rankings/ranking/611271
58,610994,"LSU Alumni Gold, LSU Bernie Moore Stadium, Baton Rouge, LA",USA,23 APR 2022,23 APR 2022,745,86,80716,56,81461,https://worldathletics.org/records/competition-performance-rankings/ranking/610994
59,613462,"Meeting International de Sotteville 2022, Stade Sottevillais 76, Sotteville-lès-Rouen",FRA,04 JUL 2022,04 JUL 2022,1435,43,79986,69,81421,https://worldathletics.org/records/competition-performance-rankings/ranking/613462
60,612842,"Kladno hází a Kladenské Memoriály 2022, Mestský Stadion Sletište, Kladno",CZE,14 JUN 2022,14 JUN 2022,1370,45,79969,70,81339,https://worldathletics.org/records/competition-performance-rankings/ranking/612842
61,610501,"Florida Relays, Percy Beard Track, Gainesville, FL",USA,01 APR 2022,02 APR 2022,595,104,80728,55,81323,https://worldathletics.org/records/competition-performance-rankings/ranking/610501
62,610657,"USATF Bermuda Games, Flora Duffy Stadium, Devonshire",BER,09 APR 2022,09 APR 2022,1990,34,79322,80,81312,https://worldathletics.org/records/competition-performance-rankings/ranking/610657
63,612766,"Sollentuna GP, Sollentunavallen, Sollentuna",SWE,12 JUN 2022,12 JUN 2022,1470,42,79777,73,81247,https://worldathletics.org/records/competition-performance-rankings/ranking/612766
64,613422,"IX GP Diputación de Castellón – VI Memorial JA Cansino, Castellón",ESP,16 JUN 2022,16 JUN 2022,655,93,80589,57,81244,https://worldathletics.org/records/competition-performance-rankings/ranking/613422
65,613485,"Russian Cup, Stadium Desna, Bryansk",RUS,01 JUL 2022,02 JUL 2022,845,75,80396,61,81241,https://worldathletics.org/records/competition-performance-rankings/ranking/613485
66,612177,"24. Internationales Leichtathletik Meeting ""Anhalt 2022"", Paul-Greifzu-Stadion, Dessau",GER,25 MAY 2022,25 MAY 2022,1170,54,80010,68,81180,https://worldathletics.org/records/competition-performance-rankings/ranking/612177
67,612418,"BoXX United Manchester World Athletics Continental Tour, Manchester Regional Arena, Manchester",GBR,03 JUN 2022,03 JUN 2022,950,66,80213,65,81163,https://worldathletics.org/records/competition-performance-rankings/ranking/612418
68,610712,"Joe May Invitational, LSU Bernie Moore Stadium, Baton Rouge, LA",USA,09 APR 2022,09 APR 2022,310,165,80815,53,81125,https://worldathletics.org/records/competition-performance-rankings/ranking/610712
69,611795,"Big Ten Ch., University of Minnesota T&F Stadium, Minneapolis, MN",USA,13 MAY 2022,15 MAY 2022,260,186,80787,54,81047,https://worldathletics.org/records/competition-performance-rankings/ranking/611795
70,612752,"Portland Track Festival, Griswold Stadium, Portland, OR",USA,10 JUN 2022,11 JUN 2022,770,83,80234,64,81004,https://worldathletics.org/records/competition-performance-rankings/ranking/612752
71,611154,"International Meeting, São Paulo",BRA,27 APR 2022,27 APR 2022,1175,53,79734,74,80909,https://worldathletics.org/records/competition-performance-rankings/ranking/611154
72,611054,"South Carolina Open, Cregger Track, Columbia, SC",USA,23 APR 2022,23 APR 2022,365,150,80239,63,80604,https://worldathletics.org/records/competition-performance-rankings/ranking/611054
73,614282,"Hungarian GP Series - Budapest, Lantos Mihály Sportközpont, Budapest",HUN,02 SEP 2022,02 SEP 2022,925,67,79658,75,80583,https://worldathletics.org/records/competition-performance-rankings/ranking/614282
74,614356,"Hungarian GP Series - Pápa, Sportcentrum, Pápa",HUN,06 SEP 2022,06 SEP 2022,870,71,79607,76,80477,https://worldathletics.org/records/competition-performance-rankings/ranking/614356
75,613543,"Night of Athletics, Stadion De Veen, Heusden-Zolder",BEL,02 JUL 2022,02 JUL 2022,565,109,79851,72,80416,https://worldathletics.org/records/competition-performance-rankings/ranking/613543
76,610812,"Bryan Clay Invitational, Cougar Athletic Stadium, Azusa, CA",USA,13 APR 2022,15 APR 2022,165,242,80070,67,80235,https://worldathletics.org/records/competition-performance-rankings/ranking/610812
77,613681,"Flanders Cup VITA, Stedelijke Atletiekpiste, Ninove",BEL,16 JUL 2022,16 JUL 2022,310,165,79884,71,80194,https://worldathletics.org/records/competition-performance-rankings/ranking/613681
78,611247,"Kinami Michitaka Memorial Meet, Yanmar Stadium Nagai, Osaka",JPN,30 APR 2022,01 MAY 2022,755,85,79428,77,80183,https://worldathletics.org/records/competition-performance-rankings/ranking/611247
79,613393,"Meeting Stanislas Nancy, Stade Raymond Petit, Tomblaine",FRA,02 JUL 2022,02 JUL 2022,730,87,79399,78,80129,https://worldathletics.org/records/competition-performance-rankings/ranking/613393
80,612886,"Meeting International de Marseille, Stade Delort, Marseille",FRA,15 JUN 2022,15 JUN 2022,845,75,79149,85,79994,https://worldathletics.org/records/competition-performance-rankings/ranking/612886
81,612206,"Poznań Athletics Grand Prix, Golęcin Stadion, Poznan",POL,27 MAY 2022,27 MAY 2022,1005,63,78880,92,79885,https://worldathletics.org/records/competition-performance-rankings/ranking/612206
82,613363,"Meeting International d'Athlétisme de la Province de Liège, Stade Naimette-Xhovémont, Liège",BEL,29 JUN 2022,29 JUN 2022,670,91,79176,84,79846,https://worldathletics.org/records/competition-performance-rankings/ranking/613363
83,611255,"Desert Heat Classic, Univ. of Arizona Roy P. Drachman Stadium, Tucson, AZ",USA,30 APR 2022,30 APR 2022,475,120,79271,82,79746,https://worldathletics.org/records/competition-performance-rankings/ranking/611255
84,613510,"Cork City Sports, Munster Technological University Track, Cork",IRL,05 JUL 2022,05 JUL 2022,500,116,79241,83,79741,https://worldathletics.org/records/competition-performance-rankings/ranking/613510
85,612492,"57. Internationales Pfingstsportfest, Bungertstadion, Rehlingen",GER,05 JUN 2022,05 JUN 2022,1050,61,78640,101,79690,https://worldathletics.org/records/competition-performance-rankings/ranking/612492
86,610236,"Baldy Castillo Invitational, Sun Angel Stadium, Tempe, AZ",USA,18 MAR 2022,19 MAR 2022,320,163,79352,79,79672,https://worldathletics.org/records/competition-performance-rankings/ranking/610236
87,613544,"Guldensporenmeeting, Sportcentrum Wembley, Kortrijk",BEL,09 JUL 2022,09 JUL 2022,335,157,79304,81,79639,https://worldathletics.org/records/competition-performance-rankings/ranking/613544
88,614835,"Athletics Challenge, Denka Big Swan Stadium, Niigata",JPN,01 OCT 2022,02 OCT 2022,625,99,79012,88,79637,https://worldathletics.org/records/competition-performance-rankings/ranking/614835
89,610624,"ASA Athletics Grand Prix 3, McArthur Stadium, Potchefstroom",RSA,06 APR 2022,06 APR 2022,415,132,79067,86,79482,https://worldathletics.org/records/competition-performance-rankings/ranking/610624
90,611278,"Alumni Muster, Cushing Stadium, College Station, TX",USA,30 APR 2022,30 APR 2022,400,138,79062,87,79462,https://worldathletics.org/records/competition-performance-rankings/ranking/611278
91,612604,"Znamenskiy Memorial, Luzhniki North Arena, Moskva",RUS,07 JUN 2022,07 JUN 2022,625,99,78828,93,79453,https://worldathletics.org/records/competition-performance-rankings/ranking/612604
92,611766,"36eme Meeting International Athletisme Montgeron-Essonne, Montgeron",FRA,15 MAY 2022,15 MAY 2022,660,92,78712,97,79372,https://worldathletics.org/records/competition-performance-rankings/ranking/611766
93,612453,"Meeting Jaen Paraiso Interior, Polideportivo Municipal, Andújar",ESP,04 JUN 2022,04 JUN 2022,715,88,78644,100,79359,https://worldathletics.org/records/competition-performance-rankings/ranking/612453
94,610650,"Brisbane Track Classic, QSAC State Athletics Facility, Nathan, Brisbane",AUS,09 APR 2022,09 APR 2022,630,97,78697,99,79327,https://worldathletics.org/records/competition-performance-rankings/ranking/610650
95,614316,"Finnkampen, Olympiastadion, Helsinki",FIN,03 SEP 2022,04 SEP 2022,1370,45,77946,115,79316,https://worldathletics.org/records/competition-performance-rankings/ranking/614316
96,610272,"Melbourne Track Classic, Lakeside Stadium, Melbourne",AUS,19 MAR 2022,19 MAR 2022,395,139,78797,94,79192,https://worldathletics.org/records/competition-performance-rankings/ranking/610272
97,610535,"Stanford Invitational, Cobb Track and Angell Field, Palo Alto, CA",USA,01 APR 2022,02 APR 2022,220,208,78924,91,79144,https://worldathletics.org/records/competition-performance-rankings/ranking/610535
98,611640,"Big South Conference Championships, Dick Vert Stadium, High Point, NC",USA,09 MAY 2022,11 MAY 2022,135,271,78939,89,79074,https://worldathletics.org/records/competition-performance-rankings/ranking/611640
99,611315,"Shizuoka International Athletics Meet, Prefectural Shizuoka Stadium, Fukuroi",JPN,03 MAY 2022,03 MAY 2022,410,135,78630,102,79040,https://worldathletics.org/records/competition-performance-rankings/ranking/611315
100,611817,"American Athletic Conference Championships, Cessna Stadium, Wichita, KS",USA,13 MAY 2022,15 MAY 2022,95,311,78939,89,79034,https://worldathletics.org/records/competition-performance-rankings/ranking/611817
101,610990,"Virginia Challenge, UVA Lanningan Field, Charlottesville, VA",USA,21 APR 2022,23 APR 2022,150,257,78756,96,78906,https://worldathletics.org/records/competition-performance-rankings/ranking/610990
102,610385,"Raleigh Relays, Paul Derr TF Facility, Raleigh, NC",USA,24 MAR 2022,26 MAR 2022,120,282,78775,95,78895,https://worldathletics.org/records/competition-performance-rankings/ranking/610385
103,610879,"Gamecock Invitational, Cregger Track, Columbia, SC",USA,16 APR 2022,16 APR 2022,145,262,78702,98,78847,https://worldathletics.org/records/competition-performance-rankings/ranking/610879
104,613499,"Vancouver Sun Harry Jerome International Track Classic, Swangard Stadium, Burnaby",CAN,13 JUN 2022,14 JUN 2022,800,79,78025,112,78825,https://worldathletics.org/records/competition-performance-rankings/ranking/613499
105,612619,"Trond Mohn Games, Fana Stadion, Bergen",NOR,08 JUN 2022,08 JUN 2022,780,80,78038,111,78818,https://worldathletics.org/records/competition-performance-rankings/ranking/612619
106,610489,"Texas A&M vs Texas Dual, Cushing Stadium, College Station, TX",USA,02 APR 2022,02 APR 2022,265,183,78512,104,78777,https://worldathletics.org/records/competition-performance-rankings/ranking/610489
107,610678,"Sun Angel Track Classic & Combined Events, Sun Angel Stadium, Tempe, AZ",USA,07 APR 2022,09 APR 2022,435,129,78293,106,78728,https://worldathletics.org/records/competition-performance-rankings/ranking/610678
108,613558,"French U23 Championships, Stadium Municipal, Albi",FRA,09 JUL 2022,10 JUL 2022,170,239,78542,103,78712,https://worldathletics.org/records/competition-performance-rankings/ranking/613558
109,613192,"Czech Championships, Stadion U Červených domků, Hodonín",CZE,24 JUN 2022,25 JUN 2022,775,82,77913,116,78688,https://worldathletics.org/records/competition-performance-rankings/ranking/613192
110,612383,"Sydney Track Classic, SOPAC, Sydney",AUS,12 MAR 2022,12 MAR 2022,445,126,78224,107,78669,https://worldathletics.org/records/competition-performance-rankings/ranking/612383
111,613894,"XXV Meeting Internazionale Città di Nembro, Centro Sportivo Saletti, Nembro",ITA,02 AUG 2022,02 AUG 2022,375,147,78212,108,78587,https://worldathletics.org/records/competition-performance-rankings/ranking/613894
112,612922,"Copenhagen Athletics Games, Østerbro Stadion, København",DEN,16 JUN 2022,16 JUN 2022,415,132,78129,110,78544,https://worldathletics.org/records/competition-performance-rankings/ranking/612922
113,613789,"Open de France, Parc de La Colombiere, Epinal",FRA,23 JUL 2022,24 JUL 2022,305,168,78173,109,78478,https://worldathletics.org/records/competition-performance-rankings/ranking/613789
114,610534,"Baylor Invitational, Clyde Hart Track & Field Stadium, Waco, TX",USA,02 APR 2022,02 APR 2022,470,122,78006,113,78476,https://worldathletics.org/records/competition-performance-rankings/ranking/610534
115,612734,"Liga Iberdrola de Clubes, Estadi Olímpic Camilo Cano, La Nucia",ESP,11 JUN 2022,11 JUN 2022,840,77,77602,119,78442,https://worldathletics.org/records/competition-performance-rankings/ranking/612734
116,612450,"Sparkassen Gala, Universitätsstadion Am Biopark, Regensburg",GER,03 JUN 2022,04 JUN 2022,105,297,78306,105,78411,https://worldathletics.org/records/competition-performance-rankings/ranking/612450
117,618600,"USATF Throws Fest, Univ. of Arizona Roy P. Drachman Stadium, Tucson, AZ",USA,21 MAY 2022,21 MAY 2022,2045,33,76232,172,78277,https://worldathletics.org/records/competition-performance-rankings/ranking/618600
118,611089,"Oregon Relays, Hayward Field, Eugene, OR",USA,22 APR 2022,23 APR 2022,300,171,77975,114,78275,https://worldathletics.org/records/competition-performance-rankings/ranking/611089
119,610989,"Crimson Tide Invitational, Sam Bailey Track Stadium, Tuscaloosa, AL",USA,22 APR 2022,23 APR 2022,270,179,77665,118,77935,https://worldathletics.org/records/competition-performance-rankings/ranking/610989
120,617829,"Austrian Open, Leichtathletikarena, Eisenstadt",AUT,02 JUN 2022,02 JUN 2022,605,103,77289,127,77894,https://worldathletics.org/records/competition-performance-rankings/ranking/617829
121,611197,"Mikio Oda Memorial Athletics Meet, Municipal Stadium, Hiroshima",JPN,29 APR 2022,29 APR 2022,440,127,77408,124,77848,https://worldathletics.org/records/competition-performance-rankings/ranking/611197
122,612089,"Loughborough International, Loughborough University Track, Loughborough",GBR,22 MAY 2022,22 MAY 2022,245,198,77541,120,77786,https://worldathletics.org/records/competition-performance-rankings/ranking/612089
123,611321,"Gaborone International Meet, National Stadium, Gaborone",BOT,30 APR 2022,30 APR 2022,550,110,77213,130,77763,https://worldathletics.org/records/competition-performance-rankings/ranking/611321
124,613853,"National Athletics Grand Prix Series, Huangshi",CHN,13 JUL 2022,16 JUL 2022,5,753,77711,117,77716,https://worldathletics.org/records/competition-performance-rankings/ranking/613853
125,610774,"ASA Athletics Grand Prix 4, Germiston Stadium, Johannesburg",RSA,13 APR 2022,13 APR 2022,580,106,77100,134,77680,https://worldathletics.org/records/competition-performance-rankings/ranking/610774
126,613855,"Motonet GP, Harjun stadion, Jyväskylä",FIN,26 JUL 2022,26 JUL 2022,350,154,77317,126,77667,https://worldathletics.org/records/competition-performance-rankings/ranking/613855
127,610697,"Jim Click Shootout & Multis, Univ. of Arizona Roy P. Drachman Stadium, Tucson, AZ",USA,07 APR 2022,09 APR 2022,150,257,77509,122,77659,https://worldathletics.org/records/competition-performance-rankings/ranking/610697
128,610660,"Duke Invitational, Morris Williams T&F Stadium, Durham, NC",USA,07 APR 2022,09 APR 2022,145,262,77511,121,77656,https://worldathletics.org/records/competition-performance-rankings/ranking/610660
129,615157,"19th Tajima Naoto Memorial, Ishin Me-Life Stadium, Yamaguchi",JPN,15 OCT 2022,16 OCT 2022,250,191,77363,125,77613,https://worldathletics.org/records/competition-performance-rankings/ranking/615157
130,613925,"Flanders Cup DCLA, AtletiekArena Gaston Roelants Kessel-Lo / Hal 5, Leuven",BEL,05 AUG 2022,06 AUG 2022,380,144,77232,128,77612,https://worldathletics.org/records/competition-performance-rankings/ranking/613925
131,613517,"Miting Internacional d’Atletisme Ciutat de Barcelona, Estadi Joan Serrahima, Barcelona",ESP,05 JUL 2022,05 JUL 2022,410,135,77170,131,77580,https://worldathletics.org/records/competition-performance-rankings/ranking/613517
132,612670,"Espoo Motonet GP, Leppävaaran Stadion, Espoo",FIN,08 JUN 2022,08 JUN 2022,410,135,77166,132,77576,https://worldathletics.org/records/competition-performance-rankings/ranking/612670
133,611820,"Conference USA Outdoor Track & Field Championships, Park West Ath. Complex, San Antonio, TX",USA,12 MAY 2022,15 MAY 2022,45,440,77508,123,77553,https://worldathletics.org/records/competition-performance-rankings/ranking/611820
134,614055,"Kuts Memorial, Znamenskikh Stadion, Moskva",RUS,18 AUG 2022,18 AUG 2022,630,97,76909,140,77539,https://worldathletics.org/records/competition-performance-rankings/ranking/614055
135,612239,"Meeting Internazionale Citta' di Lucca, Campo Scuola Moreno Martini, Lucca",ITA,28 MAY 2022,28 MAY 2022,440,127,77089,135,77529,https://worldathletics.org/records/competition-performance-rankings/ranking/612239
136,610982,"MVP Velocity Fest 11, National Stadium, Kingston",JAM,23 APR 2022,23 APR 2022,980,65,76537,152,77517,https://worldathletics.org/records/competition-performance-rankings/ranking/610982
137,613417,"Karlstad GP, Tingvalla IP, Karlstad",SWE,03 JUL 2022,03 JUL 2022,850,73,76579,148,77429,https://worldathletics.org/records/competition-performance-rankings/ranking/613417
138,617770,"XXXII Qosanov Memorial, Central Stadium, Almaty",KAZ,25 JUN 2022,26 JUN 2022,335,157,76986,137,77321,https://worldathletics.org/records/competition-performance-rankings/ranking/617770
139,610983,"Jesse Owens Classic, Jesse Owens Stadium, Columbus, OH",USA,22 APR 2022,23 APR 2022,70,366,77228,129,77298,https://worldathletics.org/records/competition-performance-rankings/ranking/610983
140,612031,"Duval County Challenge, University of North Florda Jax Track at Hodges Stadium, Jacksonville, FL",USA,21 MAY 2022,21 MAY 2022,1585,40,75681,193,77266,https://worldathletics.org/records/competition-performance-rankings/ranking/612031
141,613774,"BMW Louyet Flanders Cup OEH, Provincial domain Huizingen, Huizingen",BEL,23 JUL 2022,23 JUL 2022,140,266,77101,133,77241,https://worldathletics.org/records/competition-performance-rankings/ranking/613774
142,610664,"Hurricane Alumni Invitational, UMiami Cobb Stadium, Coral Gables, FL",USA,08 APR 2022,09 APR 2022,535,112,76604,147,77139,https://worldathletics.org/records/competition-performance-rankings/ranking/610664
143,611032,"Georgia Tech Invitational, Geroge C. Griffin Track, Atlanta, GA",USA,22 APR 2022,23 APR 2022,115,288,77004,136,77119,https://worldathletics.org/records/competition-performance-rankings/ranking/611032
144,610988,"Aggie Classic, Marcus T. Johnson Track, Greensboro, NC",USA,22 APR 2022,23 APR 2022,140,266,76969,139,77109,https://worldathletics.org/records/competition-performance-rankings/ranking/610988
145,613073,"Memorial Barrientos, Estadio Panamericano, La Habana",CUB,18 JUN 2022,19 JUN 2022,635,95,76468,158,77103,https://worldathletics.org/records/competition-performance-rankings/ranking/613073
146,613432,"Morton Games, Morton Stadium, Santry, Dublin",IRL,02 JUL 2022,02 JUL 2022,285,177,76808,141,77093,https://worldathletics.org/records/competition-performance-rankings/ranking/613432
147,612231,"B&S Kurpfalz Gala, Sepp-Herberger-Stadion, Weinheim",GER,28 MAY 2022,28 MAY 2022,425,131,76646,146,77071,https://worldathletics.org/records/competition-performance-rankings/ranking/612231
148,613893,"Moscow Region Grand Prix, Podolye, Yerino",RUS,14 JUL 2022,15 JUL 2022,495,117,76533,153,77028,https://worldathletics.org/records/competition-performance-rankings/ranking/613893
149,613521,"Kenyan Trials For World Under 20 Championships, Nyayo National Stadium, Nairobi",KEN,01 JUL 2022,02 JUL 2022,35,477,76986,137,77021,https://worldathletics.org/records/competition-performance-rankings/ranking/613521
150,610991,"Kentucky Invitational, Un. of Kentucky Outdoor Track Facility, Lexington, KY",USA,22 APR 2022,23 APR 2022,230,203,76763,142,76993,https://worldathletics.org/records/competition-performance-rankings/ranking/610991
151,612254,"Meeting international de Forbach, Stade Omnisports Schlossberg, Forbach",FRA,29 MAY 2022,29 MAY 2022,850,73,76130,176,76980,https://worldathletics.org/records/competition-performance-rankings/ranking/612254
152,611975,"70th Hyogo Relay Carnival, Universiade Commemorative Stadium, Kobe",JPN,23 APR 2022,24 APR 2022,230,203,76720,143,76950,https://worldathletics.org/records/competition-performance-rankings/ranking/611975
153,611406,"Arkansas Twilight, John McDonnell Field, Fayetteville, AR",USA,06 MAY 2022,06 MAY 2022,360,152,76549,151,76909,https://worldathletics.org/records/competition-performance-rankings/ranking/611406
154,617566,"Necheukhin Memorial, Yelena Yelesina Stadium, Chelyabinsk",RUS,23 JUN 2022,24 JUN 2022,310,165,76561,150,76871,https://worldathletics.org/records/competition-performance-rankings/ranking/617566
155,610821,"Beach Invitational, Jack Rose Track, Long Beach, CA",USA,15 APR 2022,16 APR 2022,215,213,76650,145,76865,https://worldathletics.org/records/competition-performance-rankings/ranking/610821
156,612255,"Venizelia - Chania International Meeting, Elena Venizelou National Stadium, Chania",GRE,29 MAY 2022,29 MAY 2022,475,120,76301,165,76776,https://worldathletics.org/records/competition-performance-rankings/ranking/612255
157,613848,"Folksam GP Söderhamn, Hällåsens IP, Söderhamn",SWE,26 JUL 2022,26 JUL 2022,505,115,76261,169,76766,https://worldathletics.org/records/competition-performance-rankings/ranking/613848
158,613883,"England Athletics Senior Championships, Bedford Athletic Stadium, Bedford",GBR,30 JUL 2022,31 JUL 2022,220,208,76520,154,76740,https://worldathletics.org/records/competition-performance-rankings/ranking/613883
159,611277,"Fresno State Invitational, Fresno, CA",USA,29 APR 2022,30 APR 2022,45,440,76679,144,76724,https://worldathletics.org/records/competition-performance-rankings/ranking/611277
160,612176,"Motonet GP, Lahti",FIN,25 MAY 2022,25 MAY 2022,270,179,76446,159,76716,https://worldathletics.org/records/competition-performance-rankings/ranking/612176
161,616181,"Boysen Memorial, Bislett Stadion, Oslo",NOR,30 JUN 2022,30 JUN 2022,415,132,76260,170,76675,https://worldathletics.org/records/competition-performance-rankings/ranking/616181
162,610819,"War Eagle Invite, Hutsell-Rosen Track, Auburn, AL",USA,15 APR 2022,16 APR 2022,100,304,76571,149,76671,https://worldathletics.org/records/competition-performance-rankings/ranking/610819
163,611767,"1. kolo extraligy, Mestský Stadion, Ostrava",CZE,15 MAY 2022,15 MAY 2022,305,168,76342,163,76647,https://worldathletics.org/records/competition-performance-rankings/ranking/611767
164,610662,"44 Farms Team Invitational, Cushing Stadium, College Station, TX",USA,08 APR 2022,09 APR 2022,165,242,76476,156,76641,https://worldathletics.org/records/competition-performance-rankings/ranking/610662
165,611014,"Indiana Invitational, Billy Hayes T& F Complex, Bloomington, IN",USA,22 APR 2022,23 APR 2022,55,398,76493,155,76548,https://worldathletics.org/records/competition-performance-rankings/ranking/611014
166,610993,"ASU Twilight Invite, Sun Angel Stadium, Tempe, AZ",USA,22 APR 2022,23 APR 2022,260,186,76285,168,76545,https://worldathletics.org/records/competition-performance-rankings/ranking/610993
167,610728,"Joe Walker Invitational, Ole Miss T&F Complex, Oxford, MS",USA,08 APR 2022,09 APR 2022,240,199,76298,166,76538,https://worldathletics.org/records/competition-performance-rankings/ranking/610728
168,612473,"FC Putbos Memorial Buyle, Putbosstadion, Oordegem",BEL,04 JUN 2022,04 JUN 2022,40,460,76473,157,76513,https://worldathletics.org/records/competition-performance-rankings/ranking/612473
169,610314,"Black & Gold Invitational, UCF Soccer and Track Complex, Orlando, FL",USA,18 MAR 2022,19 MAR 2022,45,440,76420,160,76465,https://worldathletics.org/records/competition-performance-rankings/ranking/610314
170,612216,"NAIA Ch., Mickey Miller Blackwell Stadium, Gulf Shores, AL",USA,25 MAY 2022,27 MAY 2022,25,537,76401,161,76426,https://worldathletics.org/records/competition-performance-rankings/ranking/612216
171,614337,"62nd JITA-IUAUJ Classic Match, Lemon Gas Stadium, Hiratsuka",JPN,06 AUG 2022,06 AUG 2022,250,191,76160,173,76410,https://worldathletics.org/records/competition-performance-rankings/ranking/614337
172,613431,"BAUHAUS Junioren Gala, Michael-Hoffmann-Stadion, Mannheim",GER,02 JUL 2022,03 JUL 2022,40,460,76344,162,76384,https://worldathletics.org/records/competition-performance-rankings/ranking/613431
173,610713,"Triton Invitational, Triton Stadium, San Diego, CA",USA,08 APR 2022,09 APR 2022,920,68,75446,207,76366,https://worldathletics.org/records/competition-performance-rankings/ranking/610713
174,611249,"Torrin Lawrence Memorial, Spec Towns Track, Athens, GA",USA,29 APR 2022,30 APR 2022,220,208,76136,174,76356,https://worldathletics.org/records/competition-performance-rankings/ranking/611249
175,612638,"Meeting Elite de Cergy-Pontoise, Stade des Maradas, Cergy-Pontoise",FRA,08 JUN 2022,08 JUN 2022,55,398,76287,167,76342,https://worldathletics.org/records/competition-performance-rankings/ranking/612638
176,612114,"Championnat de France des clubs, Stade Bachelard, Grenoble",FRA,22 MAY 2022,22 MAY 2022,330,160,76001,179,76331,https://worldathletics.org/records/competition-performance-rankings/ranking/612114
177,612022,"NJCAA Division I Ch., Gowans Stadium, Hutchinson, KS",USA,19 MAY 2022,21 MAY 2022,25,537,76302,164,76327,https://worldathletics.org/records/competition-performance-rankings/ranking/612022
178,611259,"Texas Tech Corky/Crofoot Shootout, Terry & Linda Fuller T&F Complex, Lubbock, TX",USA,29 APR 2022,30 APR 2022,165,242,76131,175,76296,https://worldathletics.org/records/competition-performance-rankings/ranking/611259
179,612474,"Meeting National de Troyes, Troyes",FRA,04 JUN 2022,04 JUN 2022,30,500,76237,171,76267,https://worldathletics.org/records/competition-performance-rankings/ranking/612474
180,612019,"Papaflessia Athletics Meeting 2022, Ethnikou Stadiou, Kalamata",GRE,21 MAY 2022,21 MAY 2022,715,88,75539,204,76254,https://worldathletics.org/records/competition-performance-rankings/ranking/612019
181,612776,"Liga Joma de Clubes, Estadi Olímpic Camilo Cano, La Nucia",ESP,12 JUN 2022,12 JUN 2022,460,124,75749,187,76209,https://worldathletics.org/records/competition-performance-rankings/ranking/612776
182,612475,"Memorial Carlos Gil Pérez, Salamanca",ESP,04 JUN 2022,04 JUN 2022,305,168,75862,183,76167,https://worldathletics.org/records/competition-performance-rankings/ranking/612475
183,613706,"England Athletics U20 & U23 Ch. World Junior Trials, Bedford Athletic Stadium, Bedford",GBR,16 JUL 2022,17 JUL 2022,95,311,76064,177,76159,https://worldathletics.org/records/competition-performance-rankings/ranking/613706
184,610622,"Battle on the Bayou, LSU Bernie Moore Stadium, Baton Rouge, LA",USA,02 APR 2022,02 APR 2022,105,297,76053,178,76158,https://worldathletics.org/records/competition-performance-rankings/ranking/610622
185,611684,"Limassol International, Tsirio Stadium, Limassol",CYP,10 MAY 2022,10 MAY 2022,520,114,75620,198,76140,https://worldathletics.org/records/competition-performance-rankings/ranking/611684
186,614161,"Lappeenranta Games, Kimpisen yleisurheilukenttä, Lappeenranta",FIN,24 AUG 2022,24 AUG 2022,385,143,75739,190,76124,https://worldathletics.org/records/competition-performance-rankings/ranking/614161
187,613037,"Grand Prix Gliwic, Arena Lekkoatletyczna, Gliwice",POL,19 JUN 2022,19 JUN 2022,155,254,75959,180,76114,https://worldathletics.org/records/competition-performance-rankings/ranking/613037
188,613190,"Athletics Meeting ""We Are Together"", RTSOP, Minsk",BLR,09 JUN 2022,10 JUN 2022,585,105,75515,205,76100,https://worldathletics.org/records/competition-performance-rankings/ranking/613190
189,613868,"Gothenburg Athletics GP, Slottsskogsvallen, Göteborg",SWE,30 JUL 2022,30 JUL 2022,625,99,75474,206,76099,https://worldathletics.org/records/competition-performance-rankings/ranking/613868
190,612657,"Royal City Inferno Track & Field Festival, Alumni Stadium, Guelph",CAN,08 JUN 2022,08 JUN 2022,165,242,75912,181,76077,https://worldathletics.org/records/competition-performance-rankings/ranking/612657
191,612763,"2. kolo extraligy, Atletický stadion města Plzně, Plzeň",CZE,11 JUN 2022,12 JUN 2022,235,201,75837,185,76072,https://worldathletics.org/records/competition-performance-rankings/ranking/612763
192,610696,"Tennessee Relays, Tom Black Track at LaPorte Stadium, Knoxville, TN",USA,07 APR 2022,09 APR 2022,295,174,75744,188,76039,https://worldathletics.org/records/competition-performance-rankings/ranking/610696
193,609390,"Adelaide Track Classic, SA Athletic Stadium, Adelaide",AUS,12 FEB 2022,12 FEB 2022,270,179,75697,192,75967,https://worldathletics.org/records/competition-performance-rankings/ranking/609390
194,612788,"Gouden Spike, Sportcomplex De Leidse Hout, Leiden",NED,11 JUN 2022,11 JUN 2022,295,174,75652,194,75947,https://worldathletics.org/records/competition-performance-rankings/ranking/612788
195,613152,"New Balance Nationals, Franklin Field, Philadelphia, PA",USA,16 JUN 2022,19 JUN 2022,0,,75895,182,75895,https://worldathletics.org/records/competition-performance-rankings/ranking/613152
196,610388,"Arizona State Invitational, Sun Angel Stadium, Tempe, AZ",USA,25 MAR 2022,26 MAR 2022,95,311,75792,186,75887,https://worldathletics.org/records/competition-performance-rankings/ranking/610388
196,611741,"APU Last Chance, Cougar Athletic Stadium, Azusa, CA",USA,13 MAY 2022,14 MAY 2022,45,440,75842,184,75887,https://worldathletics.org/records/competition-performance-rankings/ranking/611741
198,611407,"Tom Tellez Invitational, Tom Tellez Track, Houston, TX",USA,06 MAY 2022,06 MAY 2022,215,213,75645,196,75860,https://worldathletics.org/records/competition-performance-rankings/ranking/611407
199,613955,"Lohrheide-Meeting, Lohrheidestadion, Wattenscheid, Bochum",GER,06 AUG 2022,06 AUG 2022,270,179,75586,199,75856,https://worldathletics.org/records/competition-performance-rankings/ranking/613955
200,610545,"Masked Rider Open, Terry & Linda Fuller T&F Complex, Lubbock, TX",USA,01 APR 2022,02 APR 2022,195,224,75646,195,75841,https://worldathletics.org/records/competition-performance-rankings/ranking/610545
201,612427,"Dromia International Sprint and Relays Meeting, Konstantinos Baglatzis Municipal Stadium, Vari",GRE,02 JUN 2022,02 JUN 2022,115,288,75711,191,75826,https://worldathletics.org/records/competition-performance-rankings/ranking/612427
202,613668,"UIL State Track & Field Meet 6A, Mike A. Myers Stadium, Austin, TX",USA,14 MAY 2022,14 MAY 2022,0,,75740,189,75740,https://worldathletics.org/records/competition-performance-rankings/ranking/613668
203,614315,"Czech Team Championships, Cheb",CZE,04 SEP 2022,04 SEP 2022,450,125,75287,211,75737,https://worldathletics.org/records/competition-performance-rankings/ranking/614315
204,613874,"RTSOP Prizes, RTSOP, Minsk",BLR,28 JUL 2022,29 JUL 2022,395,139,75333,208,75728,https://worldathletics.org/records/competition-performance-rankings/ranking/613874
205,611500,"Ivy League Championships, Yale Dewitt Cuyler Field, New Haven, CT",USA,07 MAY 2022,08 MAY 2022,75,350,75640,197,75715,https://worldathletics.org/records/competition-performance-rankings/ranking/611500
206,613870,"33° Meeting Internazionale Sport e Solidarieta, Stadio G. Teghil, Lignano Sabbiadoro",ITA,30 JUL 2022,30 JUL 2022,490,118,75189,213,75679,https://worldathletics.org/records/competition-performance-rankings/ranking/613870
207,612308,"John Jacobs Invitational, John Jacobs Track Complex, Norman, OK",USA,22 APR 2022,23 APR 2022,80,336,75562,200,75642,https://worldathletics.org/records/competition-performance-rankings/ranking/612308
208,610859,"Larry Ellis Invitational, Princeton, NJ",USA,15 APR 2022,16 APR 2022,60,388,75545,202,75605,https://worldathletics.org/records/competition-performance-rankings/ranking/610859
209,612517,"Italian Challenge, Stadio Luigi Ridolfi, Firenze",ITA,04 JUN 2022,05 JUN 2022,35,477,75541,203,75576,https://worldathletics.org/records/competition-performance-rankings/ranking/612517
210,610268,"TCU Invitational, TCU-Lowdon T&F Complex, Fort Worth, TX",USA,18 MAR 2022,19 MAR 2022,10,688,75550,201,75560,https://worldathletics.org/records/competition-performance-rankings/ranking/610268
211,612830,"Memorial Moniz Pereira, Estadio Universitario, Lisboa",POR,10 JUN 2022,10 JUN 2022,355,153,75175,214,75530,https://worldathletics.org/records/competition-performance-rankings/ranking/612830
212,612754,"Meeting National de Carquefou, Stade Du Moulin Boisseau, Carquefou",FRA,11 JUN 2022,11 JUN 2022,105,297,75314,209,75419,https://worldathletics.org/records/competition-performance-rankings/ranking/612754
213,611712,"Princeton Elite Invitational, Weaver Stadium, Princeton, NJ",USA,14 MAY 2022,14 MAY 2022,85,329,75294,210,75379,https://worldathletics.org/records/competition-performance-rankings/ranking/611712
214,616522,"Memorial Mikhail Zhelobovsky, Dinamo National Olympic Stadium, Minsk",BLR,23 JUN 2022,24 JUN 2022,615,102,74735,224,75350,https://worldathletics.org/records/competition-performance-rankings/ranking/616522
215,611751,"Mid American Conference Championships, Western Michigan University, Kalamazoo, MI",USA,12 MAY 2022,14 MAY 2022,20,571,75283,212,75303,https://worldathletics.org/records/competition-performance-rankings/ranking/611751
216,613133,"Nike Outdoor Nationals, Hayward Field, Eugene, OR",USA,16 JUN 2022,19 JUN 2022,25,537,75168,215,75193,https://worldathletics.org/records/competition-performance-rankings/ranking/613133
217,613494,"Campeonato de España de Federaciones Autonómicas, Granollers",ESP,02 JUL 2022,02 JUL 2022,290,176,74819,219,75109,https://worldathletics.org/records/competition-performance-rankings/ranking/613494
218,613189,"Nesterenko Memorial, Regional Sport Complex, Brest",BLR,16 JUN 2022,17 JUN 2022,635,95,74446,235,75081,https://worldathletics.org/records/competition-performance-rankings/ranking/613189
219,613852,"Meeting Maia Cidade do Desporto, Estádio José Vieira de Carvalho, Maia",POR,23 JUL 2022,23 JUL 2022,330,160,74730,225,75060,https://worldathletics.org/records/competition-performance-rankings/ranking/613852
220,613875,"CAS Meeting International, Stade Jean Jacoby, Schifflange",LUX,31 JUL 2022,31 JUL 2022,335,157,74719,226,75054,https://worldathletics.org/records/competition-performance-rankings/ranking/613875
221,610490,"Hayward Premiere, Hayward Field, Eugene, OR",USA,01 APR 2022,02 APR 2022,65,379,74958,216,75023,https://worldathletics.org/records/competition-performance-rankings/ranking/610490
222,610373,"Texas State Bobcat Invitational, Bobcat Track and Field Complex, San Marcos, TX",USA,24 MAR 2022,26 MAR 2022,80,336,74908,217,74988,https://worldathletics.org/records/competition-performance-rankings/ranking/610373
223,610270,"Hurricane Invitational, UMiami Cobb Stadium, Coral Gables, FL",USA,18 MAR 2022,19 MAR 2022,170,239,74764,221,74934,https://worldathletics.org/records/competition-performance-rankings/ranking/610270
224,610395,"ASA Athletics Grand Prix 1, Mangaung Athletics Stadium, Bloemfontein",RSA,16 MAR 2022,16 MAR 2022,140,266,74774,220,74914,https://worldathletics.org/records/competition-performance-rankings/ranking/610395
225,611203,"Payton Jordan Invitational, Cobb Track and Angell Field, Palo Alto, CA",USA,29 APR 2022,29 APR 2022,195,224,74691,228,74886,https://worldathletics.org/records/competition-performance-rankings/ranking/611203
225,612805,"JAAA All-Comers Meet, National Stadium, Kingston",JAM,11 JUN 2022,11 JUN 2022,150,257,74736,223,74886,https://worldathletics.org/records/competition-performance-rankings/ranking/612805
227,614303,"Fuji Hokuroku World Trials, Prefectural Stadium, Fujiyoshida",JPN,27 AUG 2022,27 AUG 2022,60,388,74820,218,74880,https://worldathletics.org/records/competition-performance-rankings/ranking/614303
228,612379,"Tampere Games, Tampere",FIN,01 JUN 2022,01 JUN 2022,220,208,74598,231,74818,https://worldathletics.org/records/competition-performance-rankings/ranking/612379
229,611758,"Lee University Last Chance, Lee’s Multi-Sport Complex, Cleveland, TN",USA,14 MAY 2022,14 MAY 2022,40,460,74747,222,74787,https://worldathletics.org/records/competition-performance-rankings/ranking/611758
230,611258,"Maroon and White Invite, Mike Sanders Track & Field Complex, Starkville, MS",USA,29 APR 2022,30 APR 2022,35,477,74715,227,74750,https://worldathletics.org/records/competition-performance-rankings/ranking/611258
231,613164,"Ignatyev Memorial, Olympic Stadium, Cheboksary",RUS,18 JUN 2022,18 JUN 2022,485,119,74261,239,74746,https://worldathletics.org/records/competition-performance-rankings/ranking/613164
232,613869,"Alibo Flanders Cup LYRA, Netestadion, Lier",BEL,30 JUL 2022,30 JUL 2022,110,292,74622,230,74732,https://worldathletics.org/records/competition-performance-rankings/ranking/613869
233,610382,"Aztec Invitational, Aztrack Sports Deck, San Diego, CA",USA,24 MAR 2022,26 MAR 2022,35,477,74667,229,74702,https://worldathletics.org/records/competition-performance-rankings/ranking/610382
234,610383,"John Wolmer Speed Fest, National Stadium, Kingston",JAM,26 MAR 2022,26 MAR 2022,640,94,74059,253,74699,https://worldathletics.org/records/competition-performance-rankings/ranking/610383
235,610631,"Houston Alumni Invitational, Tom Tellez Track, Houston, TX",USA,02 APR 2022,02 APR 2022,165,242,74474,234,74639,https://worldathletics.org/records/competition-performance-rankings/ranking/610631
236,610360,"Hurricane Collegiate Invitational, UMiami Cobb Stadium, Coral Gables, FL",USA,26 MAR 2022,26 MAR 2022,195,224,74431,237,74626,https://worldathletics.org/records/competition-performance-rankings/ranking/610360
237,610424,"Weems Baskin Invitational, Cregger Track, Columbia, SC",USA,25 MAR 2022,26 MAR 2022,50,419,74564,232,74614,https://worldathletics.org/records/competition-performance-rankings/ranking/610424
238,610745,"Jo Meaker Classic and Multi, West Texas A&M University Track & Soccer Complex, Canyon, TX",USA,08 APR 2022,09 APR 2022,60,388,74513,233,74573,https://worldathletics.org/records/competition-performance-rankings/ranking/610745
239,613187,"Romuald Klim Memorial, RTSOP, Minsk",BLR,30 MAY 2022,31 MAY 2022,470,122,74034,254,74504,https://worldathletics.org/records/competition-performance-rankings/ranking/613187
240,612082,"Championnat de France des clubs, Stade des Maradas, Cergy-Pontoise",FRA,22 MAY 2022,22 MAY 2022,340,155,74113,250,74453,https://worldathletics.org/records/competition-performance-rankings/ranking/612082
241,610881,"High Point Meet of Champions, Dick Vert Stadium, High Point, NC",USA,16 APR 2022,16 APR 2022,35,477,74412,238,74447,https://worldathletics.org/records/competition-performance-rankings/ranking/610881
242,611270,"Clark Wood Invitational, Cardinal Park, Louisville, KY",USA,29 APR 2022,30 APR 2022,5,753,74435,236,74440,https://worldathletics.org/records/competition-performance-rankings/ranking/611270
243,612498,"La Classique d’Athlétisme de Montréal, Complexe Sportif Claude-Robillard, Montréal",CAN,05 JUN 2022,05 JUN 2022,155,254,74225,241,74380,https://worldathletics.org/records/competition-performance-rankings/ranking/612498
244,609745,"1st Weekend Meeting, Nyayo National Stadium, Nairobi",KEN,04 FEB 2022,05 FEB 2022,155,254,74204,243,74359,https://worldathletics.org/records/competition-performance-rankings/ranking/609745
245,614405,"Inter-Services Athletics Championships, Jalahalli",IND,06 SEP 2022,09 SEP 2022,130,272,74206,242,74336,https://worldathletics.org/records/competition-performance-rankings/ranking/614405
246,610457,"AGN League 4, Bestmed Tuks Stadium, Pretoria",RSA,02 MAR 2022,02 MAR 2022,15,620,74228,240,74243,https://worldathletics.org/records/competition-performance-rankings/ranking/610457
247,611106,"Wichita State KT Woodman Classic, Cessna Stadium, Wichita, KS",USA,06 APR 2022,09 APR 2022,30,500,74183,244,74213,https://worldathletics.org/records/competition-performance-rankings/ranking/611106
248,611250,"Steve Scott Invitational, Anteater Stadium, Irvine, CA",USA,29 APR 2022,30 APR 2022,95,311,74090,251,74185,https://worldathletics.org/records/competition-performance-rankings/ranking/611250
249,610931,"Sooner Invitational, John Jacobs Track Complex, Norman, OK",USA,15 APR 2022,16 APR 2022,35,477,74143,246,74178,https://worldathletics.org/records/competition-performance-rankings/ranking/610931
250,611518,"NJCAA Region VI Ch., Garden City CC Broncbuster Stadium, Garden City, KS",USA,05 MAY 2022,07 MAY 2022,15,620,74149,245,74164,https://worldathletics.org/records/competition-performance-rankings/ranking/611518
251,613986,"Twilight Games, Keio Univ. Hiyoshi Athletics Field, Yokohama",JPN,07 AUG 2022,07 AUG 2022,40,460,74120,249,74160,https://worldathletics.org/records/competition-performance-rankings/ranking/613986
252,610883,"Arcadia Invitational, Arcadia HS Track, Arcadia, CA",USA,08 APR 2022,09 APR 2022,20,571,74134,247,74154,https://worldathletics.org/records/competition-performance-rankings/ranking/610883
253,613165,"C4A-ECAC Ch., Zable Stadium - College of William & Mary, Williamsburg, VA",USA,13 MAY 2022,15 MAY 2022,5,753,74126,248,74131,https://worldathletics.org/records/competition-performance-rankings/ranking/613165
254,614322,"All India Inter-Railway Athletics Ch, Raebareli",IND,29 AUG 2022,31 AUG 2022,50,419,74066,252,74116,https://worldathletics.org/records/competition-performance-rankings/ranking/614322
255,612337,"Bob Vigars Classic, Alumni Stadium, London",CAN,29 MAY 2022,29 MAY 2022,100,304,73977,258,74077,https://worldathletics.org/records/competition-performance-rankings/ranking/612337
256,611449,"Lone Star Conference, Javelina Stadium, Kingsville, TX",USA,05 MAY 2022,07 MAY 2022,70,366,73995,256,74065,https://worldathletics.org/records/competition-performance-rankings/ranking/611449
257,610940,"Aggie Invitational, Greensboro, NC",USA,09 APR 2022,09 APR 2022,35,477,73995,256,74030,https://worldathletics.org/records/competition-performance-rankings/ranking/610940
258,613969,"Athletics Division Invitational Competition, Sichuan Xipu Training Base, Chengdu",CHN,05 AUG 2022,06 AUG 2022,0,,74002,255,74002,https://worldathletics.org/records/competition-performance-rankings/ranking/613969
259,613773,"Grand Prix Nové Město nad Metují, General Klapálek ́s stadium, Nové Město nad Metují",CZE,23 JUL 2022,23 JUL 2022,150,257,73844,260,73994,https://worldathletics.org/records/competition-performance-rankings/ranking/613773
260,613130,"JAAA/SDF Jubilee Series 2.3, Jamaica College Ashenheim Stadium, Kingston",JAM,08 JUN 2022,08 JUN 2022,195,224,73792,262,73987,https://worldathletics.org/records/competition-performance-rankings/ranking/613130
261,611246,"Music City Challenge, Vanderbilt Track, Nashville, TN",USA,29 APR 2022,30 APR 2022,365,150,73600,273,73965,https://worldathletics.org/records/competition-performance-rankings/ranking/611246
262,610507,"VertKlasse Meeting, Dick Vert Stadium, High Point, NC",USA,01 APR 2022,02 APR 2022,60,388,73856,259,73916,https://worldathletics.org/records/competition-performance-rankings/ranking/610507
263,611168,"Copa Paulista de Velocidade, Saltos , Meio-Fundo e Fundo, COTP Stadium, São Paulo",BRA,16 APR 2022,17 APR 2022,105,297,73777,263,73882,https://worldathletics.org/records/competition-performance-rankings/ranking/611168
264,613908,"International U23 Four Countries Match, Olimpiai Sportpark, Győr",HUN,05 AUG 2022,05 AUG 2022,130,272,73703,266,73833,https://worldathletics.org/records/competition-performance-rankings/ranking/613908
265,611376,"Liberty Twilight Qualifier, Matthes-Hopkins Track Complex, Lynchburg, VA",USA,04 MAY 2022,04 MAY 2022,30,500,73794,261,73824,https://worldathletics.org/records/competition-performance-rankings/ranking/611376
266,610872,"Kennesaw State Invitational, KSU Outdoor Track & Field Facility, Kennesaw, GA",USA,15 APR 2022,16 APR 2022,55,398,73695,267,73750,https://worldathletics.org/records/competition-performance-rankings/ranking/610872
267,613678,"International U20 Match, Atletski stadion Poljane, Maribor",SLO,16 JUL 2022,16 JUL 2022,50,419,73694,268,73744,https://worldathletics.org/records/competition-performance-rankings/ranking/613678
268,612605,"Campionat de Catalunya, Estadi Natalia Rodríguez, Tarragona",ESP,05 JUN 2022,05 JUN 2022,80,336,73663,272,73743,https://worldathletics.org/records/competition-performance-rankings/ranking/612605
269,610338,"Trojan Invite, USC Cromwell Field at Loker Track Stadium, Los Angeles, CA",USA,18 MAR 2022,19 MAR 2022,20,571,73712,265,73732,https://worldathletics.org/records/competition-performance-rankings/ranking/610338
270,615269,"35th Chuhei Nambu Memorial, Atsubetsu Park Stadium, Sapporo",JPN,10 JUL 2022,10 JUL 2022,55,398,73675,271,73730,https://worldathletics.org/records/competition-performance-rankings/ranking/615269
271,613786,"AAI Games, Tullamore Harriers AC Stadium, Tullamore",IRL,23 JUL 2022,24 JUL 2022,180,234,73542,276,73722,https://worldathletics.org/records/competition-performance-rankings/ranking/613786
272,611457,"Occidental Invitational, Jack Kemp Stadium - Occidental College, Los Angeles, CA",USA,07 MAY 2022,07 MAY 2022,215,213,73504,277,73719,https://worldathletics.org/records/competition-performance-rankings/ranking/611457
273,610472,"West Coast Relays, Veterans Memorial Stadium, Clovis, CA",USA,31 MAR 2022,01 APR 2022,0,,73717,264,73717,https://worldathletics.org/records/competition-performance-rankings/ranking/610472
274,611405,"2nd AFN All Comers, Yabatech Sport Complex, Lagos",NGR,28 APR 2022,29 APR 2022,15,620,73690,269,73705,https://worldathletics.org/records/competition-performance-rankings/ranking/611405
275,611789,"Big West Championships, UC Davis Woody Wilson Track, Davis, CA",USA,13 MAY 2022,14 MAY 2022,0,,73687,270,73687,https://worldathletics.org/records/competition-performance-rankings/ranking/611789
276,614136,"National Athletics League - Premiership A & B Final, Bedford Athletic Stadium, Bedford",GBR,20 AUG 2022,20 AUG 2022,80,336,73547,274,73627,https://worldathletics.org/records/competition-performance-rankings/ranking/614136
277,610710,"South Florida Invitational, University of South Florida Track & Field Stadium, Tampa, FL",USA,07 APR 2022,08 APR 2022,0,,73546,275,73546,https://worldathletics.org/records/competition-performance-rankings/ranking/610710
278,612039,"Swiss Club Championships, Centre sportif Bout-du-Monde, Genève",SUI,21 MAY 2022,21 MAY 2022,340,155,73187,288,73527,https://worldathletics.org/records/competition-performance-rankings/ranking/612039
279,610318,"Wes Kittley Invitational, Elmer Gray Stadium, Abilene, TX",USA,17 MAR 2022,19 MAR 2022,20,571,73489,278,73509,https://worldathletics.org/records/competition-performance-rankings/ranking/610318
280,610291,"Tiger Track Classic, Hutsell-Rosen Track, Auburn, AL",USA,18 MAR 2022,19 MAR 2022,10,688,73484,279,73494,https://worldathletics.org/records/competition-performance-rankings/ranking/610291
281,611420,"Oregon Twilight, Hayward Field, Eugene, OR",USA,06 MAY 2022,06 MAY 2022,75,350,73392,280,73467,https://worldathletics.org/records/competition-performance-rankings/ranking/611420
282,611087,"J Fred Duckett Rice Twilight Meet, Rice University Ley Track/Holloway Field, Houston, TX",USA,23 APR 2022,23 APR 2022,45,440,73385,281,73430,https://worldathletics.org/records/competition-performance-rankings/ranking/611087
283,613208,"Slovenian Championships, Stadion ""Ob jezeru"", Velenje",SLO,24 JUN 2022,25 JUN 2022,300,171,73060,292,73360,https://worldathletics.org/records/competition-performance-rankings/ranking/613208
284,611059,"Musco Twilight, Iowa Francis X. Cretzmeyer Trac, Iowa City, IA",USA,23 APR 2022,23 APR 2022,20,571,73339,282,73359,https://worldathletics.org/records/competition-performance-rankings/ranking/611059
285,612493,"Budapest Open, Ikarus BSE Sporttelep, Budapest",HUN,04 JUN 2022,05 JUN 2022,70,366,73254,285,73324,https://worldathletics.org/records/competition-performance-rankings/ranking/612493
286,614210,"Czech U23 Championships, Brno",CZE,27 AUG 2022,28 AUG 2022,25,537,73293,284,73318,https://worldathletics.org/records/competition-performance-rankings/ranking/614210
287,612439,"California State Championships, Buchanan HS, Clovis, CA",USA,27 MAY 2022,28 MAY 2022,0,,73317,283,73317,https://worldathletics.org/records/competition-performance-rankings/ranking/612439
288,610374,"FSU Relays, Florida State University - Mike Long Track, Tallahassee, FL",USA,24 MAR 2022,26 MAR 2022,50,419,73241,286,73291,https://worldathletics.org/records/competition-performance-rankings/ranking/610374
289,609976,"Gibson McCook Relays, National Stadium, Kingston",JAM,26 FEB 2022,26 FEB 2022,15,620,73235,287,73250,https://worldathletics.org/records/competition-performance-rankings/ranking/609976
290,613237,"Irish Championships, Morton Stadium, Santry, Dublin",IRL,25 JUN 2022,26 JUN 2022,320,163,72900,298,73220,https://worldathletics.org/records/competition-performance-rankings/ranking/613237
291,610642,"John McDonnell Invitational, John McDonnell Field, Fayetteville, AR",USA,07 APR 2022,08 APR 2022,125,276,73088,290,73213,https://worldathletics.org/records/competition-performance-rankings/ranking/610642
292,613866,"National Club Meeting, Goseong",KOR,06 JUL 2022,08 JUL 2022,80,336,73127,289,73207,https://worldathletics.org/records/competition-performance-rankings/ranking/613866
293,612642,"Susanne Meier Memorial, Stadion Schützenmatte, Basel",SUI,06 JUN 2022,06 JUN 2022,75,350,73067,291,73142,https://worldathletics.org/records/competition-performance-rankings/ranking/612642
294,610882,"Campeonato Nacional Interclubes, Estadio Alberto Spencer Herrera, Guayaquil",ECU,16 APR 2022,17 APR 2022,180,234,72934,296,73114,https://worldathletics.org/records/competition-performance-rankings/ranking/610882
295,615846,"46. Pfingstmeeting, Stadion Trinermatten, Zofingen",SUI,04 JUN 2022,04 JUN 2022,95,311,72949,295,73044,https://worldathletics.org/records/competition-performance-rankings/ranking/615846
296,613940,"IV Meeting Brazzale, Campo Scuola G. Perraro, Vicenza",ITA,06 AUG 2022,06 AUG 2022,250,191,72776,301,73026,https://worldathletics.org/records/competition-performance-rankings/ranking/613940
297,610810,"Bison Outdoor Classic, Lewisburg, PA",USA,14 APR 2022,16 APR 2022,15,620,72983,293,72998,https://worldathletics.org/records/competition-performance-rankings/ranking/610810
298,612554,"Olimpik Deneme Yarışmaları, Atıcılar Atletizm Sahası, Bursa",TUR,28 MAY 2022,29 MAY 2022,115,288,72879,299,72994,https://worldathletics.org/records/competition-performance-rankings/ranking/612554
299,610825,"UConn Northeast Challenge, George J. Sherman Family Sports Complex, Storrs, CT",USA,15 APR 2022,16 APR 2022,15,620,72968,294,72983,https://worldathletics.org/records/competition-performance-rankings/ranking/610825
300,613430,"2022 Pre World Championships Invitational, Foote Field, Edmonton",CAN,03 JUL 2022,03 JUL 2022,895,69,72061,351,72956,https://worldathletics.org/records/competition-performance-rankings/ranking/613430
301,616040,"Bob Davidson Memorial Invitational, Dick Vert Stadium, High Point, NC",USA,18 MAR 2022,19 MAR 2022,0,,72922,297,72922,https://worldathletics.org/records/competition-performance-rankings/ranking/616040
302,614709,"Track Night NYC, Icahn Stadium, New York, NY",USA,20 MAY 2022,20 MAY 2022,255,190,72660,306,72915,https://worldathletics.org/records/competition-performance-rankings/ranking/614709
303,612283,"Opening Meeting, Stadion RKS, Łódź",POL,29 MAY 2022,29 MAY 2022,50,419,72820,300,72870,https://worldathletics.org/records/competition-performance-rankings/ranking/612283
304,610246,"Yellow Jacket Invitational, Geroge C. Griffin Track, Atlanta, GA",USA,18 MAR 2022,19 MAR 2022,90,320,72769,302,72859,https://worldathletics.org/records/competition-performance-rankings/ranking/610246
305,613049,"ACNW Open T&F Meeting, McArthur Stadium, Potchefstroom",RSA,14 MAY 2022,14 MAY 2022,95,311,72672,305,72767,https://worldathletics.org/records/competition-performance-rankings/ranking/613049
306,613011,"Meeting de Braga, Estádio 1o de Maio, Braga",POR,18 JUN 2022,18 JUN 2022,55,398,72703,304,72758,https://worldathletics.org/records/competition-performance-rankings/ranking/613011
307,612795,"Chpts Ile-de-France, Montgeron",FRA,11 JUN 2022,12 JUN 2022,5,753,72749,303,72754,https://worldathletics.org/records/competition-performance-rankings/ranking/612795
308,612223,"22. Mednarodni Atletski Miting, Športni park, Slovenska Bistrica",SLO,28 MAY 2022,28 MAY 2022,380,144,72349,330,72729,https://worldathletics.org/records/competition-performance-rankings/ranking/612223
309,612029,"Johnny Loaring Classic, Alumni Field, Windsor",CAN,21 MAY 2022,21 MAY 2022,35,477,72648,307,72683,https://worldathletics.org/records/competition-performance-rankings/ranking/612029
310,610234,"16th Annual Spring Break Classic, Carolina",PUR,17 MAR 2022,19 MAR 2022,200,218,72482,317,72682,https://worldathletics.org/records/competition-performance-rankings/ranking/610234
311,611190,"Oliver Jackson Twilight, Elmer Gray Stadium, Abilene, TX",USA,28 APR 2022,28 APR 2022,25,537,72645,308,72670,https://worldathletics.org/records/competition-performance-rankings/ranking/611190
312,611279,"Virginia Grand Prix, UVA Lanningan Field, Charlottesville, VA",USA,01 MAY 2022,01 MAY 2022,60,388,72607,310,72667,https://worldathletics.org/records/competition-performance-rankings/ranking/611279
313,610397,"Ole Miss Classic, Ole Miss T&F Complex, Oxford, MS",USA,25 MAR 2022,26 MAR 2022,55,398,72573,312,72628,https://worldathletics.org/records/competition-performance-rankings/ranking/610397
314,610391,"Al Schmidt Bulldog Relays, Mike Sanders Track & Field Complex, Starkville, MS",USA,24 MAR 2022,26 MAR 2022,165,242,72460,319,72625,https://worldathletics.org/records/competition-performance-rankings/ranking/610391
315,609993,"2º Circuito Paulista Open, Centro de Atletismo Professor Oswaldo Terra, Sao Bernardo do Campo",BRA,26 FEB 2022,26 FEB 2022,250,191,72369,329,72619,https://worldathletics.org/records/competition-performance-rankings/ranking/609993
316,611174,"UTA Invitational, UTA Maverick Stadium, Arlington, TX",USA,28 APR 2022,28 APR 2022,0,,72615,309,72615,https://worldathletics.org/records/competition-performance-rankings/ranking/611174
317,610285,"Willie Williams Classic, Univ. of Arizona Roy P. Drachman Stadium, Tucson, AZ",USA,18 MAR 2022,19 MAR 2022,15,620,72593,311,72608,https://worldathletics.org/records/competition-performance-rankings/ranking/610285
318,613028,"Världsungdomsspelen, Ullevi Stadium, Göteborg",SWE,17 JUN 2022,19 JUN 2022,70,366,72535,314,72605,https://worldathletics.org/records/competition-performance-rankings/ranking/613028
319,612240,"Gold Coast Invitational, Performance Centre, Gold Coast",AUS,28 MAY 2022,28 MAY 2022,250,191,72331,332,72581,https://worldathletics.org/records/competition-performance-rankings/ranking/612240
320,613881,"Horst Mandl Memorial Graz, Stadion Eggenberg, Graz",AUT,30 JUL 2022,30 JUL 2022,120,282,72450,320,72570,https://worldathletics.org/records/competition-performance-rankings/ranking/613881
321,611693,"OVC Outdoor Championships, Marshall Gage Track, Murray, KY",USA,11 MAY 2022,13 MAY 2022,15,620,72536,313,72551,https://worldathletics.org/records/competition-performance-rankings/ranking/611693
322,613627,"National Athletics League - Premiership, Barnet Copthall Stadium Hendon, London",GBR,02 JUL 2022,02 JUL 2022,70,366,72465,318,72535,https://worldathletics.org/records/competition-performance-rankings/ranking/613627
323,611923,"3rd AFN All Comers, MKO Abiola National Stadium, Abuja",NGR,12 MAY 2022,13 MAY 2022,0,,72533,315,72533,https://worldathletics.org/records/competition-performance-rankings/ranking/611923
324,611280,"Southern Conference Outdoor Championships, University of Alabama at Birmingham, Birmingham, AL",USA,30 APR 2022,01 MAY 2022,0,,72489,316,72489,https://worldathletics.org/records/competition-performance-rankings/ranking/611280
325,612855,"33° Arcobaleno Atletica Europa, Centro Sportivo G. Olmo-P. Ferro, Celle Ligure",ITA,14 JUN 2022,14 JUN 2022,85,329,72401,327,72486,https://worldathletics.org/records/competition-performance-rankings/ranking/612855
326,610893,"Pacific Coast Invitational, Jack Rose Track, Long Beach, CA",USA,14 APR 2022,14 APR 2022,185,231,72293,335,72478,https://worldathletics.org/records/competition-performance-rankings/ranking/610893
327,611818,"SZLA Anniversary Meeting, Stadion Śląski, Chorzów",POL,14 MAY 2022,14 MAY 2022,10,688,72447,322,72457,https://worldathletics.org/records/competition-performance-rankings/ranking/611818
328,611326,"PacWest Conference Championships, PLNU Carroll B. Land Stadium, San Diego, CA",USA,29 APR 2022,30 APR 2022,5,753,72450,320,72455,https://worldathletics.org/records/competition-performance-rankings/ranking/611326
329,610927,"Norfolk State Invitational, Norfolk St. William ""Dick"" Price Stadium, Norfolk, VA",USA,15 APR 2022,16 APR 2022,0,,72441,323,72441,https://worldathletics.org/records/competition-performance-rankings/ranking/610927
330,611426,"Billy Hayes Invitational, Billy Hayes T& F Complex, Bloomington, IN",USA,06 MAY 2022,06 MAY 2022,25,537,72406,325,72431,https://worldathletics.org/records/competition-performance-rankings/ranking/611426
331,611248,"Rock Chalk Classic, Rock Chalk Park, Lawrence, KS",USA,30 APR 2022,30 APR 2022,140,266,72286,336,72426,https://worldathletics.org/records/competition-performance-rankings/ranking/611248
332,613297,"South of England U20/Senior & U15/U17 3000 Metres Ch., Chelmsford Sport And Athletics Centre Melbourne Park, Chelmsford",GBR,18 JUN 2022,19 JUN 2022,15,620,72405,326,72420,https://worldathletics.org/records/competition-performance-rankings/ranking/613297
333,611139,"Illini Invitational, Demirjian Park, Champaign, IL",USA,22 APR 2022,23 APR 2022,10,688,72409,324,72419,https://worldathletics.org/records/competition-performance-rankings/ranking/611139
334,611252,"Charlotte Invitational, Irwin Belk TF Center, Charlotte, NC",USA,29 APR 2022,30 APR 2022,35,477,72379,328,72414,https://worldathletics.org/records/competition-performance-rankings/ranking/611252
335,611805,"WT Last Chance, West Texas A&M University Track & Soccer Complex, Canyon, TX",USA,15 MAY 2022,15 MAY 2022,10,688,72338,331,72348,https://worldathletics.org/records/competition-performance-rankings/ranking/611805
336,612694,"2nd International Imam Reza Cup Tournament, Imam Reza Stadium, Mashhad",IRI,29 MAY 2022,30 MAY 2022,70,366,72273,338,72343,https://worldathletics.org/records/competition-performance-rankings/ranking/612694
337,613077,"KTFL Clubs Meeting, Iksan",KOR,24 MAY 2022,26 MAY 2022,45,440,72278,337,72323,https://worldathletics.org/records/competition-performance-rankings/ranking/613077
338,614952,"33rd Six Universities Inter-School Championships, Gion Stadium, Machida",JPN,23 JUL 2022,23 JUL 2022,0,,72321,333,72321,https://worldathletics.org/records/competition-performance-rankings/ranking/614952
339,612978,"Meeting International EAP, Stade du Parc de la Dodaine, Nivelles",BEL,18 JUN 2022,18 JUN 2022,45,440,72257,339,72302,https://worldathletics.org/records/competition-performance-rankings/ranking/612978
340,611005,"Morgan State Legacy Meet, Hughes Stadium, Morgan St. Univ., Baltimore, MD",USA,23 APR 2022,23 APR 2022,0,,72294,334,72294,https://worldathletics.org/records/competition-performance-rankings/ranking/611005
341,610443,"UCF Knights Invite, UCF Soccer and Track Complex, Orlando, FL",USA,25 MAR 2022,26 MAR 2022,35,477,72226,341,72261,https://worldathletics.org/records/competition-performance-rankings/ranking/610443
342,610387,"4º Circuito Paulista Open, COTP Stadium, São Paulo",BRA,26 MAR 2022,26 MAR 2022,85,329,72174,343,72259,https://worldathletics.org/records/competition-performance-rankings/ranking/610387
343,611886,"Troféu Adhemar Ferreira da Silva, Bragança Paulista",BRA,14 MAY 2022,15 MAY 2022,195,224,72045,354,72240,https://worldathletics.org/records/competition-performance-rankings/ranking/611886
344,613642,"Ontario Canada Games Trials, Track and Field Centre Outdoor Track, Toronto",CAN,02 JUL 2022,03 JUL 2022,0,,72238,340,72238,https://worldathletics.org/records/competition-performance-rankings/ranking/613642
345,610315,"GC Foster Classics, GC Foster College, Spanish Town",JAM,19 MAR 2022,19 MAR 2022,250,191,71971,360,72221,https://worldathletics.org/records/competition-performance-rankings/ranking/610315
346,612290,"Meeting Paco Sánchez Vargas, Granada",ESP,29 MAY 2022,29 MAY 2022,10,688,72207,342,72217,https://worldathletics.org/records/competition-performance-rankings/ranking/612290
347,610341,"ASA Athletics Grand Prix 2, Green Point Stadium, Cape Town",RSA,23 MAR 2022,23 MAR 2022,90,320,72093,349,72183,https://worldathletics.org/records/competition-performance-rankings/ranking/610341
348,612103,"Championnat de France des clubs, Stade de Grandmont, Tours",FRA,22 MAY 2022,22 MAY 2022,50,419,72116,346,72166,https://worldathletics.org/records/competition-performance-rankings/ranking/612103
349,612834,"National Athletics League - Premiership, Kingsmeadow Athletics Centre, Kingston-upon-Thames",GBR,04 JUN 2022,04 JUN 2022,55,398,72090,350,72145,https://worldathletics.org/records/competition-performance-rankings/ranking/612834
350,611035,"BYU Robison Invitational, Clarence F. Robison Track, Provo, UT",USA,20 APR 2022,23 APR 2022,5,753,72130,344,72135,https://worldathletics.org/records/competition-performance-rankings/ranking/611035
351,612151,"Ludvík Daňek Memorial, Atletický stadion Turnov, Turnov",CZE,24 MAY 2022,24 MAY 2022,235,201,71886,362,72121,https://worldathletics.org/records/competition-performance-rankings/ranking/612151
352,611528,"America East Outdoor Championships, Frank H. Livak Track, Vermont, Burlington, VT",USA,07 MAY 2022,08 MAY 2022,0,,72118,345,72118,https://worldathletics.org/records/competition-performance-rankings/ranking/611528
353,613010,"Czech U20/U18 Championships, Vitkovice, Ostrava",CZE,18 JUN 2022,19 JUN 2022,0,,72116,346,72116,https://worldathletics.org/records/competition-performance-rankings/ranking/613010
354,610623,"David Noble Relays, LeGrand Stadium at 1st Community Credit Union Field, San Angelo, TX",USA,31 MAR 2022,02 APR 2022,0,,72110,348,72110,https://worldathletics.org/records/competition-performance-rankings/ranking/610623
355,612999,"Meeting National de Strasbourg, Stade d'Athlétisme Hautepierre, Strasbourg",FRA,17 JUN 2022,17 JUN 2022,50,419,72023,356,72073,https://worldathletics.org/records/competition-performance-rankings/ranking/612999
356,614899,"3ème Meeting Fédéral, Complexe Sportif Prince Moulay Abdellah, Rabat",MAR,26 JUN 2022,26 JUN 2022,10,688,72048,353,72058,https://worldathletics.org/records/competition-performance-rankings/ranking/614899
357,611421,"SAC Outdoor Championships, Anderson University Athletic Campus, Anderson, SC",USA,05 MAY 2022,06 MAY 2022,0,,72052,352,72052,https://worldathletics.org/records/competition-performance-rankings/ranking/611421
358,612129,"JAAA/SDF Jubilee Series 2.1, National Stadium, Kingston",JAM,21 MAY 2022,21 MAY 2022,575,107,71470,388,72045,https://worldathletics.org/records/competition-performance-rankings/ranking/612129
359,610346,"Louisiana Classic, Cajuns Track and Soccer Facility, University of Louisiana, Lafayette, LA",USA,18 MAR 2022,19 MAR 2022,0,,72029,355,72029,https://worldathletics.org/records/competition-performance-rankings/ranking/610346
359,611061,"Leon Johnson Invitational, Walter P. Ledet Track Complex, Natchitoches, LA",USA,23 APR 2022,23 APR 2022,15,620,72014,357,72029,https://worldathletics.org/records/competition-performance-rankings/ranking/611061
361,611251,"Big Meet, Cobb Track and Angell Field, Palo Alto, CA",USA,30 APR 2022,30 APR 2022,140,266,71881,363,72021,https://worldathletics.org/records/competition-performance-rankings/ranking/611251
362,613198,"58th Four Universities vs. School Competition, Gion Stadium, Sagamihara",JPN,10 APR 2022,10 APR 2022,0,,72004,358,72004,https://worldathletics.org/records/competition-performance-rankings/ranking/613198
363,611286,"ISU Bengal Invitational, Davis Field, Pocatello, ID",USA,29 APR 2022,30 APR 2022,5,753,71987,359,71992,https://worldathletics.org/records/competition-performance-rankings/ranking/611286
364,611687,"National Athletics League Premiership - Round 1A, Manchester Regional Arena, Manchester",GBR,07 MAY 2022,07 MAY 2022,105,297,71848,367,71953,https://worldathletics.org/records/competition-performance-rankings/ranking/611687
365,612602,"Campionatele Internaționale Ale României “iolanda Balas Soter” Și Campionatul Național U20 Etapa 1, Stadionul de atletism ""Nicolae Mărășescu"", Craiova",ROU,04 JUN 2022,05 JUN 2022,75,350,71875,365,71950,https://worldathletics.org/records/competition-performance-rankings/ranking/612602
366,612140,"Allianz KvV Alle Categorieën, Sportcentrum De Rode Loop in Merksem, Antwerpen",BEL,14 MAY 2022,14 MAY 2022,50,419,71899,361,71949,https://worldathletics.org/records/competition-performance-rankings/ranking/612140
367,611899,"National Athletics League Premiership - Round 1B, Cardiff Athletic Stadium, Cardiff",GBR,07 MAY 2022,07 MAY 2022,115,288,71789,372,71904,https://worldathletics.org/records/competition-performance-rankings/ranking/611899
368,610175,"Ben Brown Invitational, CSU Titan Track Complex, Fullerton, CA",USA,11 MAR 2022,12 MAR 2022,85,329,71802,371,71887,https://worldathletics.org/records/competition-performance-rankings/ranking/610175
369,612509,"Championnats de France FFSU, Stade des Maradas, Cergy-Pontoise",FRA,04 JUN 2022,05 JUN 2022,5,753,71877,364,71882,https://worldathletics.org/records/competition-performance-rankings/ranking/612509
370,610544,"1st AFN All Comers, Samuel Ogbemudia Stadium, Benin City",NGR,13 MAR 2022,13 MAR 2022,5,753,71870,366,71875,https://worldathletics.org/records/competition-performance-rankings/ranking/610544
371,612199,"Harry Schulting Games, Vughtse Sports Club Prins Hendrik, Vught",NED,26 MAY 2022,26 MAY 2022,30,500,71830,368,71860,https://worldathletics.org/records/competition-performance-rankings/ranking/612199
372,617398,"University of Birmingham Track & Field Festival, Birmingham University Athletics Track, Birmingham",GBR,09 JUL 2022,10 JUL 2022,55,398,71773,373,71828,https://worldathletics.org/records/competition-performance-rankings/ranking/617398
373,610399,"Spank Blasing Meet, CSU - Neta and Eddie DeRose Thunderbowl, Pueblo, CO",USA,25 MAR 2022,26 MAR 2022,5,753,71803,370,71808,https://worldathletics.org/records/competition-performance-rankings/ranking/610399
374,615530,"RMAC Outdoor Championships, CSU - Neta and Eddie DeRose Thunderbowl, Pueblo, CO",USA,29 APR 2022,01 MAY 2022,0,,71805,369,71805,https://worldathletics.org/records/competition-performance-rankings/ranking/615530
375,614511,"Iran Athletics Clubs League, Tehran",IRI,11 SEP 2022,12 SEP 2022,65,379,71694,375,71759,https://worldathletics.org/records/competition-performance-rankings/ranking/614511
376,616022,"National Athletics Grand Prix Series, Quzhou",CHN,28 OCT 2022,29 OCT 2022,0,,71740,374,71740,https://worldathletics.org/records/competition-performance-rankings/ranking/616022
377,610342,"Indian Grand Prix, Thiruvanthapuram",IND,23 MAR 2022,23 MAR 2022,110,292,71601,379,71711,https://worldathletics.org/records/competition-performance-rankings/ranking/610342
378,610441,"Campeonato Nacional de Clubes, Bogotá",COL,25 MAR 2022,27 MAR 2022,105,297,71599,380,71704,https://worldathletics.org/records/competition-performance-rankings/ranking/610441
379,610612,"National Club Championships, Yeosu",KOR,30 MAR 2022,01 APR 2022,30,500,71642,377,71672,https://worldathletics.org/records/competition-performance-rankings/ranking/610612
380,612297,"Mason Spring Invitational, George Mason Stadium, Fairfax, VA",USA,09 APR 2022,09 APR 2022,10,688,71657,376,71667,https://worldathletics.org/records/competition-performance-rankings/ranking/612297
381,612865,"9. Memorial Iztoka Ciglariča v teku na 1500 m, Atletski stadion Poljane, Maribor",SLO,14 JUN 2022,14 JUN 2022,125,276,71517,384,71642,https://worldathletics.org/records/competition-performance-rankings/ranking/612865
382,614913,"130th Nippon Sport Science University Competition, NITTAIDAI Athletic Stadium, Yokohama",JPN,30 JUL 2022,31 JUL 2022,10,688,71631,378,71641,https://worldathletics.org/records/competition-performance-rankings/ranking/614913
383,616847,"Zatopek 10, Lakeside Stadium, Melbourne",AUS,15 DEC 2022,15 DEC 2022,45,440,71571,381,71616,https://worldathletics.org/records/competition-performance-rankings/ranking/616847
384,610343,"National Athletics Championships, New Taipei City",TPE,07 MAR 2022,11 MAR 2022,55,398,71548,382,71603,https://worldathletics.org/records/competition-performance-rankings/ranking/610343
385,611548,"Championnat de France des clubs, Stade de Montbauron, Versailles",FRA,08 MAY 2022,08 MAY 2022,50,419,71496,386,71546,https://worldathletics.org/records/competition-performance-rankings/ranking/611548
386,610379,"Rafer Johnson & Jackie Joyner- Kersee Invite, Drake Stadium, Los Angeles, CA",USA,26 MAR 2022,26 MAR 2022,0,,71529,383,71529,https://worldathletics.org/records/competition-performance-rankings/ranking/610379
387,609878,"1er Meeting Fédéral J/S Rabat, Complexe Sportif Prince Moulay Abdellah, Rabat",MAR,02 FEB 2022,02 FEB 2022,5,753,71515,385,71520,https://worldathletics.org/records/competition-performance-rankings/ranking/609878
387,613226,"Croatian Championships, Stadion Branko Čavlović-Čavlek, Karlovac",CRO,25 JUN 2022,26 JUN 2022,225,207,71295,398,71520,https://worldathletics.org/records/competition-performance-rankings/ranking/613226
389,612831,"PUMA Fast Arms, Fast Legs, Enwag-Stadion, Wetzlar",GER,11 JUN 2022,11 JUN 2022,30,500,71467,389,71497,https://worldathletics.org/records/competition-performance-rankings/ranking/612831
390,614873,"1st Student Federation Competition, Nagai Stadium No. 2, Osaka",JPN,04 AUG 2022,05 AUG 2022,0,,71483,387,71483,https://worldathletics.org/records/competition-performance-rankings/ranking/614873
391,610902,"Earl Milner Invitational, Homer Bryce Stadium, Nacogdoches, TX",USA,15 APR 2022,15 APR 2022,0,,71462,390,71462,https://worldathletics.org/records/competition-performance-rankings/ranking/610902
392,610235,"Cardinal Classic, Cobb Track and Angell Field, Palo Alto, CA",USA,19 MAR 2022,19 MAR 2022,70,366,71387,396,71457,https://worldathletics.org/records/competition-performance-rankings/ranking/610235
393,614193,"USATF National Junior Olympics, Hornet Stadium - Sac St., Sacramento, CA",USA,25 JUL 2022,31 JUL 2022,0,,71454,391,71454,https://worldathletics.org/records/competition-performance-rankings/ranking/614193
394,610537,"Colonial Relays, Zable Stadium - College of William & Mary, Williamsburg, VA",USA,01 APR 2022,02 APR 2022,25,537,71427,393,71452,https://worldathletics.org/records/competition-performance-rankings/ranking/610537
395,617035,"131st Nippon Sport Science University Competition, NITTAIDAI Athletic Stadium, Yokohama",JPN,08 AUG 2022,11 AUG 2022,0,,71437,392,71437,https://worldathletics.org/records/competition-performance-rankings/ranking/617035
396,610980,"South Dakota Challenge, USD Lillibridge Track Complex, Vermillion, SD",USA,21 APR 2022,23 APR 2022,30,500,71398,395,71428,https://worldathletics.org/records/competition-performance-rankings/ranking/610980
397,617695,"Oregon State High Performance, Oregon State Whyte Track and Field Center, Corvallis, OR",USA,29 APR 2022,30 APR 2022,5,753,71411,394,71416,https://worldathletics.org/records/competition-performance-rankings/ranking/617695
398,612002,"SplitTime NK Teams, Sportpark De Omzoom, Assendelft",NED,21 MAY 2022,21 MAY 2022,125,276,71252,400,71377,https://worldathletics.org/records/competition-performance-rankings/ranking/612002
399,615056,"New Taipei City Cup Meeting, New Taipei City",TPE,01 OCT 2022,05 OCT 2022,30,500,71314,397,71344,https://worldathletics.org/records/competition-performance-rankings/ranking/615056
400,614591,"Fukuoka Competition, Fukuoka University Stadium, Fukuoka",JPN,31 JUL 2022,31 JUL 2022,15,620,71269,399,71284,https://worldathletics.org/records/competition-performance-rankings/ranking/614591
401,617253,"South Dakota Twilight, Lillibridge Track, Sioux Falls, SD",USA,06 MAY 2022,06 MAY 2022,200,218,71071,408,71271,https://worldathletics.org/records/competition-performance-rankings/ranking/617253
402,612040,"CCCAA California Ch., Hilmer Lodge Stadium, Walnut, CA",USA,20 MAY 2022,21 MAY 2022,0,,71238,401,71238,https://worldathletics.org/records/competition-performance-rankings/ranking/612040
403,611050,"Chris Rinne Twilight, UC Riverside T&F Stadium, Riverside, CA",USA,22 APR 2022,22 APR 2022,40,460,71185,402,71225,https://worldathletics.org/records/competition-performance-rankings/ranking/611050
404,608712,"Potts Classic, Hawke's Bay Sports Park, Hastings",NZL,22 JAN 2022,22 JAN 2022,80,336,71134,406,71214,https://worldathletics.org/records/competition-performance-rankings/ranking/608712
405,610987,"Gibson Invitational, Gibson Track & Field Complex, Terre Haute, IN",USA,21 APR 2022,23 APR 2022,15,620,71182,403,71197,https://worldathletics.org/records/competition-performance-rankings/ranking/610987
406,611485,"CAA Outdoor T&F Championships, Solomon Outdoor Track, MA",USA,06 MAY 2022,07 MAY 2022,0,,71166,404,71166,https://worldathletics.org/records/competition-performance-rankings/ranking/611485
407,610876,"Mt. SAC Relays High School, Hilmer Lodge Stadium, Walnut, CA",USA,15 APR 2022,16 APR 2022,0,,71163,405,71163,https://worldathletics.org/records/competition-performance-rankings/ranking/610876
408,612056,"Flanders Cup AVLO, Avlo Atletiekclub, Lokeren",BEL,22 MAY 2022,22 MAY 2022,80,336,71037,413,71117,https://worldathletics.org/records/competition-performance-rankings/ranking/612056
409,613232,"Slovak Championships, Mestský atletický štadión, Trnava",SVK,25 JUN 2022,26 JUN 2022,70,366,71041,412,71111,https://worldathletics.org/records/competition-performance-rankings/ranking/613232
410,612985,"38. Honvéd Kupa Atlétikai Verseny, Bregyó Athletic Center, Székesfehérvár",HUN,18 JUN 2022,18 JUN 2022,90,320,71019,414,71109,https://worldathletics.org/records/competition-performance-rankings/ranking/612985
411,612333,"Nationales Auffahrts-Meeting, Stadion Hard, Langenthal",SUI,26 MAY 2022,26 MAY 2022,80,336,71011,415,71091,https://worldathletics.org/records/competition-performance-rankings/ranking/612333
412,610739,"Friar Invitational, Ray Treacy Track at Hendricken Field, Providence, RI",USA,08 APR 2022,08 APR 2022,0,,71083,407,71083,https://worldathletics.org/records/competition-performance-rankings/ranking/610739
413,611781,"Loper Twilight, Kearney HS Track Complex, Kearney, NE",USA,14 MAY 2022,14 MAY 2022,5,753,71064,410,71069,https://worldathletics.org/records/competition-performance-rankings/ranking/611781
414,611498,"Patriot League Outdoor T&F Ch., U.S. Naval Academy, Annapolis, MD",USA,06 MAY 2022,07 MAY 2022,0,,71068,409,71068,https://worldathletics.org/records/competition-performance-rankings/ranking/611498
415,611689,"National Club Meeting, Naju",KOR,04 MAY 2022,06 MAY 2022,120,282,70932,418,71052,https://worldathletics.org/records/competition-performance-rankings/ranking/611689
416,611970,"Augustana Midwest Twilight Final Qualifier, Paul Olson Track, Rock Island, IL",USA,19 MAY 2022,19 MAY 2022,0,,71045,411,71045,https://worldathletics.org/records/competition-performance-rankings/ranking/611970
416,613538,"33. Mednarodni Atletski Miting, Stadion Portoval, Novo Mesto",SLO,08 JUL 2022,08 JUL 2022,80,336,70965,416,71045,https://worldathletics.org/records/competition-performance-rankings/ranking/613538
418,610002,"Beach Opener, Jack Rose Track, Long Beach, CA",USA,04 MAR 2022,05 MAR 2022,90,320,70928,419,71018,https://worldathletics.org/records/competition-performance-rankings/ranking/610002
419,614248,"Iran Athletics Clubs League, Tehran",IRI,28 AUG 2022,29 AUG 2022,60,388,70956,417,71016,https://worldathletics.org/records/competition-performance-rankings/ranking/614248
420,612289,"Belfast International EAP Meet, Mary Peters Track, Belfast",GBR,28 MAY 2022,28 MAY 2022,10,688,70927,420,70937,https://worldathletics.org/records/competition-performance-rankings/ranking/612289
421,610390,"Emporia State University Relays, Emporia St. Francis G. Welch Stadium, Emporia, KS",USA,24 MAR 2022,26 MAR 2022,35,477,70883,424,70918,https://worldathletics.org/records/competition-performance-rankings/ranking/610390
422,612935,"Athletics Division Invitational Competition, Huangshi",CHN,10 JUN 2022,11 JUN 2022,10,688,70899,423,70909,https://worldathletics.org/records/competition-performance-rankings/ranking/612935
422,615850,"10th Juntendo University Competition, Juntendo University Stadium, Inzai",JPN,15 OCT 2022,15 OCT 2022,0,,70909,421,70909,https://worldathletics.org/records/competition-performance-rankings/ranking/615850
424,611504,"Horizon League Championships, Oakland Track and Field Complex, Rochester, MI",USA,06 MAY 2022,08 MAY 2022,0,,70901,422,70901,https://worldathletics.org/records/competition-performance-rankings/ranking/611504
425,612742,"Liga Joma de Clubes, Madrid",ESP,11 JUN 2022,11 JUN 2022,170,239,70712,436,70882,https://worldathletics.org/records/competition-performance-rankings/ranking/612742
426,610641,"USD Early Bird, USD Lillibridge Track Complex, Vermillion, SD",USA,02 APR 2022,02 APR 2022,20,571,70818,427,70838,https://worldathletics.org/records/competition-performance-rankings/ranking/610641
427,610539,"Sam Howell Invitational, Weaver Stadium, Princeton, NJ",USA,02 APR 2022,02 APR 2022,0,,70836,425,70836,https://worldathletics.org/records/competition-performance-rankings/ranking/610539
428,610283,"UTSA Invitational, Park West Ath. Complex, San Antonio, TX",USA,18 MAR 2022,19 MAR 2022,180,234,70643,443,70823,https://worldathletics.org/records/competition-performance-rankings/ranking/610283
429,610012,"Corporate Area Development Meet, National Stadium, Kingston",JAM,04 MAR 2022,05 MAR 2022,0,,70821,426,70821,https://worldathletics.org/records/competition-performance-rankings/ranking/610012
430,612538,"T-Meeting, Sportpark Stappegoor, Tilburg",NED,06 JUN 2022,06 JUN 2022,20,571,70792,428,70812,https://worldathletics.org/records/competition-performance-rankings/ranking/612538
431,612208,"German University Championships, Leichtathletikstadion, Duisburg",GER,26 MAY 2022,26 MAY 2022,50,419,70761,434,70811,https://worldathletics.org/records/competition-performance-rankings/ranking/612208
432,612791,"CALTAF Classic, Foothills Athletic Park, Calgary",CAN,10 JUN 2022,12 JUN 2022,30,500,70775,431,70805,https://worldathletics.org/records/competition-performance-rankings/ranking/612791
433,611681,"Len Paddock Open, U-M Outdoor Track & Field Stadium, MI",USA,07 MAY 2022,07 MAY 2022,15,620,70783,430,70798,https://worldathletics.org/records/competition-performance-rankings/ranking/611681
434,612001,"AARTFC Ch., Timothy Breidegam Track & Rocco Calvo Field, Bethlehem, PA",USA,18 MAY 2022,19 MAY 2022,0,,70791,429,70791,https://worldathletics.org/records/competition-performance-rankings/ranking/612001
435,610197,"2nd Selection Trials Meeting, Diyagama",SRI,10 MAR 2022,11 MAR 2022,15,620,70767,432,70782,https://worldathletics.org/records/competition-performance-rankings/ranking/610197
436,610699,"Brutus Hamilton Invitational, Edwards Stadium, Berkeley, CA",USA,09 APR 2022,09 APR 2022,55,398,70726,435,70781,https://worldathletics.org/records/competition-performance-rankings/ranking/610699
437,611434,"Tennessee Challenge, Tom Black Track at LaPorte Stadium, Knoxville, TN",USA,07 MAY 2022,07 MAY 2022,265,183,70515,450,70780,https://worldathletics.org/records/competition-performance-rankings/ranking/611434
438,615276,"GLVC Ch., Greene Stadium, Mo Peters Track, Bolivar, MO",USA,05 MAY 2022,07 MAY 2022,0,,70764,433,70764,https://worldathletics.org/records/competition-performance-rankings/ranking/615276
439,611109,"Ross Black Open, New Mexico JC, Hobbs, NM",USA,22 APR 2022,23 APR 2022,20,571,70708,437,70728,https://worldathletics.org/records/competition-performance-rankings/ranking/611109
440,612238,"Memorial Davide Boroni, Centro Gabre Gabric, Brescia",ITA,28 MAY 2022,28 MAY 2022,20,571,70701,438,70721,https://worldathletics.org/records/competition-performance-rankings/ranking/612238
441,611450,"JAAA/SDF Jubilee Series 2.0, National Stadium, Kingston",JAM,07 MAY 2022,07 MAY 2022,765,84,69952,495,70717,https://worldathletics.org/records/competition-performance-rankings/ranking/611450
442,613971,"Internationales Sommer-Meeting, Stadion Hard, Langenthal",SUI,10 AUG 2022,10 AUG 2022,150,257,70557,447,70707,https://worldathletics.org/records/competition-performance-rankings/ranking/613971
443,611468,"WIAC Outdoor Ch, Veterans Memorial Stadium, La Crosse, WI",USA,06 MAY 2022,07 MAY 2022,0,,70696,439,70696,https://worldathletics.org/records/competition-performance-rankings/ranking/611468
444,611148,"Carl Kight Invitational & Multis, Homer Bryce Stadium, Nacogdoches, TX",USA,07 APR 2022,09 APR 2022,15,620,70676,440,70691,https://worldathletics.org/records/competition-performance-rankings/ranking/611148
445,615715,"Yangtze River Delta Athletic Sprints, Hurdles, Jumpings and Relays, Huzhou",CHN,01 NOV 2022,03 NOV 2022,0,,70658,441,70658,https://worldathletics.org/records/competition-performance-rankings/ranking/615715
446,611527,"Colonial Athletic Association Ch., Northeastern Univ. Soloman Outdoor Trac, Boston, MA",USA,06 MAY 2022,07 MAY 2022,0,,70647,442,70647,https://worldathletics.org/records/competition-performance-rankings/ranking/611527
447,615441,"Flames Invitational, Ray Conn Sports Complex, Cleveland, TN",USA,08 APR 2022,09 APR 2022,15,620,70609,444,70624,https://worldathletics.org/records/competition-performance-rankings/ranking/615441
448,612435,"Meeting National d'Angoulême, Stade Ma Campagne, Angoulême",FRA,03 JUN 2022,03 JUN 2022,100,304,70502,451,70602,https://worldathletics.org/records/competition-performance-rankings/ranking/612435
449,611918,"St. Francis Fighting Chance Invite, Joliet Memorial Stadium, Joliet, IL",USA,13 MAY 2022,14 MAY 2022,0,,70592,445,70592,https://worldathletics.org/records/competition-performance-rankings/ranking/611918
450,610605,"Southwest Baptist Bearcat Invitational, Bolivar, MO",USA,01 APR 2022,02 APR 2022,5,753,70560,446,70565,https://worldathletics.org/records/competition-performance-rankings/ranking/610605
451,614706,"Felix Sánchez Classic, Estadio Luguelín Santos, Bayaguana",DOM,14 MAY 2022,14 MAY 2022,435,129,70098,479,70533,https://worldathletics.org/records/competition-performance-rankings/ranking/614706
452,612087,"Championnat de France des clubs, Parc Des Sports Du Hameau, Le Plessis-Robinson",FRA,22 MAY 2022,22 MAY 2022,0,,70525,448,70525,https://worldathletics.org/records/competition-performance-rankings/ranking/612087
453,613613,"ESAA - English Schools Ch., Sportcity Regional Arena, Manchester",GBR,08 JUL 2022,09 JUL 2022,0,,70522,449,70522,https://worldathletics.org/records/competition-performance-rankings/ranking/613613
454,614712,"National Selection Trial Meet, Diyagama",SRI,17 SEP 2022,18 SEP 2022,55,398,70443,453,70498,https://worldathletics.org/records/competition-performance-rankings/ranking/614712
455,612559,"Slovenian Team Championships, Celje",SLO,04 JUN 2022,05 JUN 2022,50,419,70421,455,70471,https://worldathletics.org/records/competition-performance-rankings/ranking/612559
456,613191,"11th Juntendo University Competition, Juntendo University Stadium, Inzai",JPN,26 MAR 2022,26 MAR 2022,20,571,70447,452,70467,https://worldathletics.org/records/competition-performance-rankings/ranking/613191
457,609714,"Trials Meeting, Colombo",SRI,10 FEB 2022,12 FEB 2022,20,571,70435,454,70455,https://worldathletics.org/records/competition-performance-rankings/ranking/609714
458,611592,"Championnat de France des clubs, Parc Départemental de Parilly, Vénissieux",FRA,08 MAY 2022,08 MAY 2022,200,218,70220,466,70420,https://worldathletics.org/records/competition-performance-rankings/ranking/611592
459,610225,"Houston Spring Break Invitational, Tom Tellez Track, Houston, TX",USA,17 MAR 2022,17 MAR 2022,20,571,70399,456,70419,https://worldathletics.org/records/competition-performance-rankings/ranking/610225
460,615103,"Atletski pokal Slovenije za člane in članice, Stadion Park Šiška, Ljubljana",SLO,09 SEP 2022,10 SEP 2022,390,141,70020,491,70410,https://worldathletics.org/records/competition-performance-rankings/ranking/615103
461,611063,"Navy Spring Invitational II, U.S. Naval Academy, Annapolis, MD",USA,22 APR 2022,23 APR 2022,200,218,70209,467,70409,https://worldathletics.org/records/competition-performance-rankings/ranking/611063
462,615267,"Southern Miss Invitational, USM Bell Stadium, Hattiesburg, MS",USA,01 APR 2022,02 APR 2022,15,620,70392,457,70407,https://worldathletics.org/records/competition-performance-rankings/ranking/615267
463,612868,"Max Velocity Athletics High Performance Meet, CVEATC, Chula Vista, CA",USA,11 JUN 2022,11 JUN 2022,370,148,70024,490,70394,https://worldathletics.org/records/competition-performance-rankings/ranking/612868
464,613039,"České akademické hry, České Budějovice",CZE,16 JUN 2022,16 JUN 2022,40,460,70325,458,70365,https://worldathletics.org/records/competition-performance-rankings/ranking/613039
465,610785,"26th Spring Record Meeting, Athletic Park Athletics Stadium, Okinawa",JPN,06 MAR 2022,06 MAR 2022,75,350,70271,462,70346,https://worldathletics.org/records/competition-performance-rankings/ranking/610785
466,613933,"Aarauer Abendmeeting, Leichtathletikstadion Schachen, Aarau",SUI,05 AUG 2022,06 AUG 2022,60,388,70275,461,70335,https://worldathletics.org/records/competition-performance-rankings/ranking/613933
467,611915,"Nationales Leichtathletik-Meeting, Erika-Fisch-Stadion, Hannover",GER,14 MAY 2022,14 MAY 2022,70,366,70242,463,70312,https://worldathletics.org/records/competition-performance-rankings/ranking/611915
468,610805,"Friends University Spring Open, Adair Austin Stadium (Friends Univ), Wichita, KS",USA,01 APR 2022,02 APR 2022,0,,70304,459,70304,https://worldathletics.org/records/competition-performance-rankings/ranking/610805
469,612059,"Praha Meeting, Stadion Juliska, Praha",CZE,20 MAY 2022,21 MAY 2022,55,398,70236,465,70291,https://worldathletics.org/records/competition-performance-rankings/ranking/612059
470,612420,"13. Internationales Sparkassenmeeting, Jahnstadion, Osterode",GER,03 JUN 2022,03 JUN 2022,160,248,70125,475,70285,https://worldathletics.org/records/competition-performance-rankings/ranking/612420
471,610274,"Charlotte 49er Classic, Irwin Belk TF Center, Charlotte, NC",USA,17 MAR 2022,19 MAR 2022,5,753,70278,460,70283,https://worldathletics.org/records/competition-performance-rankings/ranking/610274
472,611650,"Justas LAI, Estadio Francisco Montaner, Ponce",PUR,05 MAY 2022,07 MAY 2022,35,477,70237,464,70272,https://worldathletics.org/records/competition-performance-rankings/ranking/611650
473,611824,"Liga Joma de Clubes, Barcelona",ESP,14 MAY 2022,14 MAY 2022,75,350,70191,468,70266,https://worldathletics.org/records/competition-performance-rankings/ranking/611824
474,609031,"Cooks Classic, Cooks Gardens, Whanganui",NZL,30 JAN 2022,30 JAN 2022,210,216,70028,489,70238,https://worldathletics.org/records/competition-performance-rankings/ranking/609031
474,613807,"Campionatul Național Școlar și Cupa României De Seniori, Stadionul Iolanda Balas Soter, Bucureşti",ROU,23 JUL 2022,24 JUL 2022,90,320,70148,469,70238,https://worldathletics.org/records/competition-performance-rankings/ranking/613807
476,611428,"Ter Specke Bokaal, Sportpark Ter Specke, Lisse",NED,07 MAY 2022,07 MAY 2022,80,336,70107,476,70187,https://worldathletics.org/records/competition-performance-rankings/ranking/611428
477,610538,"Oliver Nikoloff Invitational, Gettler Stadium, Cincinnati, OH",USA,01 APR 2022,02 APR 2022,25,537,70144,470,70169,https://worldathletics.org/records/competition-performance-rankings/ranking/610538
478,611694,"BW Harrison Dillard Twilight Meet, George Finnie Stadium, Berea, OH",USA,13 MAY 2022,13 MAY 2022,15,620,70137,472,70152,https://worldathletics.org/records/competition-performance-rankings/ranking/611694
479,615192,"Strawberry Relays, Southeastern Track Complex, Hammond, LA",USA,16 APR 2022,16 APR 2022,0,,70142,471,70142,https://worldathletics.org/records/competition-performance-rankings/ranking/615192
480,613527,"Championnats AURA, Stade de La Gauthière, Clermont-Ferrand",FRA,02 JUL 2022,03 JUL 2022,0,,70135,473,70135,https://worldathletics.org/records/competition-performance-rankings/ranking/613527
481,610557,"Mike Fanelli Track Classic, San Francisco St. Cox Stadium, San Francisco, CA",USA,31 MAR 2022,02 APR 2022,0,,70129,474,70129,https://worldathletics.org/records/competition-performance-rankings/ranking/610557
482,611723,"Belfast Irish Milers Meet, Mary Peters Track, Belfast",GBR,14 MAY 2022,14 MAY 2022,25,537,70093,480,70118,https://worldathletics.org/records/competition-performance-rankings/ranking/611723
483,612234,"15° Triveneto Meeting Internazionale, Stadio Giuseppe Grezar, Trieste",ITA,28 MAY 2022,28 MAY 2022,380,144,69725,505,70105,https://worldathletics.org/records/competition-performance-rankings/ranking/612234
484,610468,"TUKS TOP10 Prestige Athletics Meeting, Bestmed Tuks Stadium, Pretoria",RSA,09 FEB 2022,09 FEB 2022,0,,70104,477,70104,https://worldathletics.org/records/competition-performance-rankings/ranking/610468
485,617535,"127th Nippon Sport Science University Competition, NITTAIDAI Athletic Stadium, Yokohama",JPN,30 APR 2022,01 MAY 2022,0,,70101,478,70101,https://worldathletics.org/records/competition-performance-rankings/ranking/617535
486,616911,"8th Juntendo University Competition, Juntendo University Stadium, Inzai",JPN,11 AUG 2022,11 AUG 2022,0,,70086,481,70086,https://worldathletics.org/records/competition-performance-rankings/ranking/616911
487,613116,"55th Tokyo Big6 Baseball League Competition, Keio Univ. Hiyoshi Athletics Field, Yokohama",JPN,09 APR 2022,09 APR 2022,30,500,70054,485,70084,https://worldathletics.org/records/competition-performance-rankings/ranking/613116
488,616078,"132nd Nippon Sport Science University Competition, NITTAIDAI Athletic Stadium, Yokohama",JPN,25 SEP 2022,25 SEP 2022,5,753,70068,482,70073,https://worldathletics.org/records/competition-performance-rankings/ranking/616078
489,613137,"Meeting LIFA, Stade des Grands Pêchers, Montreuil",FRA,19 JUN 2022,19 JUN 2022,15,620,70056,484,70071,https://worldathletics.org/records/competition-performance-rankings/ranking/613137
490,612150,"Haryana State Championships, Karnal",IND,14 MAY 2022,15 MAY 2022,5,753,70064,483,70069,https://worldathletics.org/records/competition-performance-rankings/ranking/612150
491,614607,"Iksan KTFL Athletics Championships Meeting, Iksan",KOR,30 AUG 2022,01 SEP 2022,85,329,69983,493,70068,https://worldathletics.org/records/competition-performance-rankings/ranking/614607
492,610833,"Mule Relays, Audrey J. Walton Stadium, Warrensburg, MO",USA,15 APR 2022,15 APR 2022,20,571,70044,487,70064,https://worldathletics.org/records/competition-performance-rankings/ranking/610833
493,616241,"129th Nippon Sport Science University Competition, NITTAIDAI Athletic Stadium, Yokohama",JPN,25 JUN 2022,26 JUN 2022,25,537,70034,488,70059,https://worldathletics.org/records/competition-performance-rankings/ranking/616241
494,611691,"Carius/Gregory Invitational, Benedetti-Wehrli Stadium - Jay & Dot Buikema Track, Naperville, IL",USA,12 MAY 2022,13 MAY 2022,5,753,70045,486,70050,https://worldathletics.org/records/competition-performance-rankings/ranking/611691
495,611105,"Washington-Washington State, Washington University Mooberry& TF Complex, Pullman, WA",USA,22 APR 2022,22 APR 2022,30,500,70012,492,70042,https://worldathletics.org/records/competition-performance-rankings/ranking/611105
496,609588,"Sir Graeme Douglas International, Douglas Track & Field, Auckland",NZL,20 FEB 2022,20 FEB 2022,260,186,69764,503,70024,https://worldathletics.org/records/competition-performance-rankings/ranking/609588
497,612597,"Atletica 2000 Meeting, Polisportivo Comunale, San Vito al Tagliamento",ITA,01 JUN 2022,02 JUN 2022,50,419,69967,494,70017,https://worldathletics.org/records/competition-performance-rankings/ranking/612597
498,611091,"Elaine Leigh TF Invite, Elaine Leigh Track and Field Complex, Rochester, MI",USA,22 APR 2022,23 APR 2022,5,753,69933,496,69938,https://worldathletics.org/records/competition-performance-rankings/ranking/611091
499,613429,"Rannastaadioni Kergejõustikuõhtu, Rannastaadion, Pärnu",EST,03 JUL 2022,03 JUL 2022,95,311,69842,499,69937,https://worldathletics.org/records/competition-performance-rankings/ranking/613429
500,613845,"The Road to Olympus, Salyut Geraklion Stadion, Moskva",RUS,23 JUL 2022,23 JUL 2022,390,141,69546,521,69936,https://worldathletics.org/records/competition-performance-rankings/ranking/613845
501,612826,"Welsh Senior & U15 Championships, Cardiff Athletic Stadium, Cardiff",GBR,11 JUN 2022,12 JUN 2022,55,398,69852,498,69907,https://worldathletics.org/records/competition-performance-rankings/ranking/612826
502,611949,"Tamil Nadu State Championships, Coimbatore",IND,13 MAY 2022,15 MAY 2022,0,,69870,497,69870,https://worldathletics.org/records/competition-performance-rankings/ranking/611949
503,612900,"9. Thuner Athletics Night, Stadion Lachen, Thun",SUI,15 JUN 2022,15 JUN 2022,15,620,69835,500,69850,https://worldathletics.org/records/competition-performance-rankings/ranking/612900
504,611361,"Red Wolves Open, ASU First National Bank Arena, Jonesboro, AR",USA,22 APR 2022,23 APR 2022,5,753,69829,501,69834,https://worldathletics.org/records/competition-performance-rankings/ranking/611361
505,615416,"Pomona-Pitzer T&F Invite, Strehle Track, Pomona College, Claremont, CA",USA,09 APR 2022,09 APR 2022,10,688,69777,502,69787,https://worldathletics.org/records/competition-performance-rankings/ranking/615416
506,609118,"Zatopek Classic, Lakeside Stadium, Melbourne",AUS,26 JAN 2022,26 JAN 2022,70,366,69716,507,69786,https://worldathletics.org/records/competition-performance-rankings/ranking/609118
507,610310,"Copa Nuevo Leon, Pista del CARE, Monterrey",MEX,26 FEB 2022,27 FEB 2022,65,379,69698,510,69763,https://worldathletics.org/records/competition-performance-rankings/ranking/610310
508,611436,"3rd ACAN Athletics Competition, Gateway Stadium, Ilaro",NGR,21 APR 2022,21 APR 2022,0,,69759,504,69759,https://worldathletics.org/records/competition-performance-rankings/ranking/611436
509,611784,"Liga Iberdrola Clubes, Complex Esportiu L’Hospitalet Nord, L'Hospitalet",ESP,14 MAY 2022,14 MAY 2022,55,398,69690,512,69745,https://worldathletics.org/records/competition-performance-rankings/ranking/611784
510,612066,"Championnat de France des clubs, Stade Josette et Roger Mikulak, Angers",FRA,22 MAY 2022,22 MAY 2022,35,477,69703,509,69738,https://worldathletics.org/records/competition-performance-rankings/ranking/612066
511,613795,"National Meeting, Stadion Zygmunta Szelesta, Warszawa",POL,23 JUL 2022,23 JUL 2022,100,304,69631,514,69731,https://worldathletics.org/records/competition-performance-rankings/ranking/613795
512,610649,"LBSU Challenge Cup, Jack Rose Track, Long Beach, CA",USA,08 APR 2022,08 APR 2022,0,,69725,505,69725,https://worldathletics.org/records/competition-performance-rankings/ranking/610649
513,611413,"Air Force Twilight Open, US Air Force Academy Cadet Field House, Colorado Springs, CO",USA,06 MAY 2022,06 MAY 2022,0,,69714,508,69714,https://worldathletics.org/records/competition-performance-rankings/ranking/611413
514,615696,"Ashland Alumni Open, Dwight Schar Athletic Complex - Ferguson Field, Ashland, OH",USA,29 APR 2022,30 APR 2022,10,688,69698,510,69708,https://worldathletics.org/records/competition-performance-rankings/ranking/615696
515,614657,"5. Memoriał Wiesława Maniaka, Wieslaw Maniak Municipal Athletic Stadium, Szczecin",POL,24 AUG 2022,24 AUG 2022,575,107,69125,550,69700,https://worldathletics.org/records/competition-performance-rankings/ranking/614657
516,611158,"Twizza Super Schools Grand Finale, Ruimsig Stadium, Roodepoort, Johannesburg",RSA,19 FEB 2022,19 FEB 2022,0,,69666,513,69666,https://worldathletics.org/records/competition-performance-rankings/ranking/611158
517,613758,"National Athletics League - Premiership, Thames Valley Athletics Stadium, Eton",GBR,04 JUN 2022,04 JUN 2022,40,460,69624,515,69664,https://worldathletics.org/records/competition-performance-rankings/ranking/613758
518,614658,"Liese Prokop Memorial, Sportzentrum Niederösterreich, St. Pölten",AUT,26 MAY 2022,26 MAY 2022,540,111,69116,552,69656,https://worldathletics.org/records/competition-performance-rankings/ranking/614658
519,610511,"Joey Haines Invitational, SEMO Abe Stuber T&F Complex, Cape Girardeau, MO",USA,01 APR 2022,02 APR 2022,125,276,69524,525,69649,https://worldathletics.org/records/competition-performance-rankings/ranking/610511
520,611289,"Encuentro FMAA, Centro Deportivo Olímpico Mexicano, Ciudad de México",MEX,15 APR 2022,17 APR 2022,15,620,69592,518,69607,https://worldathletics.org/records/competition-performance-rankings/ranking/611289
521,611356,"Conference Carolinas Ch., Ray McDonald, Sr., Track Complex, Mount Olive, NC",USA,29 APR 2022,30 APR 2022,0,,69599,516,69599,https://worldathletics.org/records/competition-performance-rankings/ranking/611356
522,613069,"Northern Senior / Under 20 Ch., Wavertree Athletics Centre, Liverpool",GBR,18 JUN 2022,19 JUN 2022,25,537,69568,520,69593,https://worldathletics.org/records/competition-performance-rankings/ranking/613069
522,613525,"Pre France des 4 ligue, Redon",FRA,02 JUL 2022,03 JUL 2022,0,,69593,517,69593,https://worldathletics.org/records/competition-performance-rankings/ranking/613525
524,610856,"Tiffin University Track Carnival, Tiffin University Paradiso Athletic Fields, Cleveland, OH",USA,15 APR 2022,16 APR 2022,10,688,69572,519,69582,https://worldathletics.org/records/competition-performance-rankings/ranking/610856
525,611399,"Athletics Training Base Permit Meeting, Sichuan Xipu Training Base, Chengdu",CHN,22 APR 2022,23 APR 2022,90,320,69477,529,69567,https://worldathletics.org/records/competition-performance-rankings/ranking/611399
526,613825,"Ukrainian Cup, Stadion SKIF, Lviv",UKR,22 JUL 2022,23 JUL 2022,75,350,69471,530,69546,https://worldathletics.org/records/competition-performance-rankings/ranking/613825
527,612630,"Copa Autonomy Qro, Estadio Olímpico de Querétaro, Queretaro",MEX,14 MAY 2022,15 MAY 2022,15,620,69529,524,69544,https://worldathletics.org/records/competition-performance-rankings/ranking/612630
528,616216,"American Rivers Conference Outdoor Championships, Loras Finnegan Family Track, Dubuque, IA",USA,12 MAY 2022,14 MAY 2022,0,,69538,522,69538,https://worldathletics.org/records/competition-performance-rankings/ranking/616216
529,610280,"Hornet Invite, Hornet Stadium - Sac St., Sacramento, CA",USA,19 MAR 2022,19 MAR 2022,0,,69531,523,69531,https://worldathletics.org/records/competition-performance-rankings/ranking/610280
530,610502,"CGA Open Meet 2, Stadium, Boksburg",RSA,12 FEB 2022,12 FEB 2022,20,571,69505,527,69525,https://worldathletics.org/records/competition-performance-rankings/ranking/610502
531,611198,"UVU Collegiate Invitational, Hal Wing T&F, Orem, UT",USA,31 MAR 2022,01 APR 2022,0,,69516,526,69516,https://worldathletics.org/records/competition-performance-rankings/ranking/611198
532,612101,"SVM Aktive Nationalliga B, Sportplatz Arena, Hochdorf",SUI,21 MAY 2022,21 MAY 2022,10,688,69493,528,69503,https://worldathletics.org/records/competition-performance-rankings/ranking/612101
533,611591,"Nationale interclub mannen, Netestadion, Lier",BEL,08 MAY 2022,08 MAY 2022,40,460,69442,531,69482,https://worldathletics.org/records/competition-performance-rankings/ranking/611591
534,609154,"Capital Classic, Newtown Park Stadium, Wellington",NZL,04 FEB 2022,04 FEB 2022,200,218,69266,540,69466,https://worldathletics.org/records/competition-performance-rankings/ranking/609154
535,610834,"Charles Austin Classic, Bobcat Track and Field Complex, San Marcos, TX",USA,15 APR 2022,16 APR 2022,90,320,69374,534,69464,https://worldathletics.org/records/competition-performance-rankings/ranking/610834
536,611409,"Titan Tune-Up, CSU Titan Track Complex, Fullerton, CA",USA,06 MAY 2022,06 MAY 2022,100,304,69363,535,69463,https://worldathletics.org/records/competition-performance-rankings/ranking/611409
537,619983,"Nacionales CONADE, Estadio Héroes de Nacozari, Hermosillo",MEX,22 JUN 2022,25 JUN 2022,25,537,69427,532,69452,https://worldathletics.org/records/competition-performance-rankings/ranking/619983
538,610085,"Harbour City Cup Championships, Kaohsiung",TPE,24 FEB 2022,28 FEB 2022,40,460,69411,533,69451,https://worldathletics.org/records/competition-performance-rankings/ranking/610085
539,614710,"JML Levitate Invite, Tropical Park Track, Miami, FL",USA,28 MAY 2022,28 MAY 2022,230,203,69149,545,69379,https://worldathletics.org/records/competition-performance-rankings/ranking/614710
540,611963,"USATF Distance Classic, Hilmer Lodge Stadium, Walnut, CA",USA,19 MAY 2022,19 MAY 2022,1085,59,68277,606,69362,https://worldathletics.org/records/competition-performance-rankings/ranking/611963
541,610929,"Nippon Sport Science University Spring Open, NITTAIDAI Athletic Stadium, Yokohama",JPN,26 MAR 2022,27 MAR 2022,5,753,69353,536,69358,https://worldathletics.org/records/competition-performance-rankings/ranking/610929
542,610339,"Penn Challenge, Franklin Field, Philadelphia, PA",USA,19 MAR 2022,19 MAR 2022,10,688,69346,537,69356,https://worldathletics.org/records/competition-performance-rankings/ranking/610339
543,613276,"Liga Lekkoatletyczna - IV Rzut, Stadion Zygmunta Szelesta, Warszawa",POL,26 JUN 2022,26 JUN 2022,130,272,69217,543,69347,https://worldathletics.org/records/competition-performance-rankings/ranking/613276
544,612159,"Indian Grand Prix, Bhubaneshwar",IND,24 MAY 2022,24 MAY 2022,95,311,69231,542,69326,https://worldathletics.org/records/competition-performance-rankings/ranking/612159
545,611838,"Liga Joma de Clubes, Villafranca de los Barros",ESP,14 MAY 2022,14 MAY 2022,265,183,69049,556,69314,https://worldathletics.org/records/competition-performance-rankings/ranking/611838
546,617355,"66th Hyogo Prefectural High School Meet, Universiade Commemorative Stadium, Kobe",JPN,27 MAY 2022,29 MAY 2022,0,,69299,538,69299,https://worldathletics.org/records/competition-performance-rankings/ranking/617355
547,611875,"PSAC Outdoor T&F Ch., Biemesderfer Stadium, Millersville, PA",USA,12 MAY 2022,14 MAY 2022,0,,69272,539,69272,https://worldathletics.org/records/competition-performance-rankings/ranking/611875
548,611424,"Deb Schulz Open, Track & Field Complex, Mankato, MN",USA,06 MAY 2022,06 MAY 2022,0,,69252,541,69252,https://worldathletics.org/records/competition-performance-rankings/ranking/611424
549,612716,"Reunión de Atletismo Ciudad de Guadalajara, Guadalajara",ESP,08 JUN 2022,08 JUN 2022,195,224,69040,558,69235,https://worldathletics.org/records/competition-performance-rankings/ranking/612716
550,617271,"ORU Invite, Oral Roberts Oneok Sport Complex, Tulsa, OK",USA,25 MAR 2022,26 MAR 2022,15,620,69203,544,69218,https://worldathletics.org/records/competition-performance-rankings/ranking/617271
551,611010,"Al Owens Classic, Laker Stadium, Allendale, MI",USA,22 APR 2022,23 APR 2022,75,350,69132,549,69207,https://worldathletics.org/records/competition-performance-rankings/ranking/611010
552,615522,"9e Elite Event & Young Talents, Stade Annexe du 5 Juillet, Algiers",ALG,18 JUN 2022,18 JUN 2022,20,571,69143,548,69163,https://worldathletics.org/records/competition-performance-rankings/ranking/615522
553,613770,"National Athletics League - Premiership, Ashton Playing Fields Woodford Green, London",GBR,02 JUL 2022,02 JUL 2022,10,688,69147,547,69157,https://worldathletics.org/records/competition-performance-rankings/ranking/613770
554,610909,"Catamount Classic, Catamount Athletic Complex, Cullowhee, NC",USA,15 APR 2022,16 APR 2022,0,,69149,545,69149,https://worldathletics.org/records/competition-performance-rankings/ranking/610909
555,612483,"LAF Open Cup Competition, Palangos Stadionas, Palanga",LTU,03 JUN 2022,04 JUN 2022,160,248,68970,560,69130,https://worldathletics.org/records/competition-performance-rankings/ranking/612483
556,612731,"Sparkassen Jump’n’Run Meeting, Stadion Hacheney, Dortmund",GER,11 JUN 2022,11 JUN 2022,0,,69123,551,69123,https://worldathletics.org/records/competition-performance-rankings/ranking/612731
557,610487,"MVP Velocity Fest 10, National Stadium, Kingston",JAM,02 APR 2022,02 APR 2022,855,72,68267,609,69122,https://worldathletics.org/records/competition-performance-rankings/ranking/610487
558,613285,"Akii Bua Memorial, Mandela National Stadium, Kampala",UGA,04 JUN 2022,04 JUN 2022,0,,69114,553,69114,https://worldathletics.org/records/competition-performance-rankings/ranking/613285
559,610269,"Franson Classic Collegiate and Open Track Meet, Cougar Athletic Stadium, Azusa, CA",USA,19 MAR 2022,19 MAR 2022,10,688,69086,554,69096,https://worldathletics.org/records/competition-performance-rankings/ranking/610269
559,613436,"Flanders Cup OLSE, Sportcentrum De Rode Loop in Merksem, Antwerpen",BEL,03 JUL 2022,03 JUL 2022,40,460,69056,555,69096,https://worldathletics.org/records/competition-performance-rankings/ranking/613436
561,613972,"Sinyayev Memorial, Stadium Desna, Bryansk",RUS,08 AUG 2022,08 AUG 2022,325,162,68742,575,69067,https://worldathletics.org/records/competition-performance-rankings/ranking/613972
562,613333,"Athletics Training Base Permit Meeting, Chongqing",CHN,10 JUN 2022,12 JUN 2022,10,688,69046,557,69056,https://worldathletics.org/records/competition-performance-rankings/ranking/613333
563,612738,"Liga Iberdrola de Clubes, San Sebastián",ESP,11 JUN 2022,11 JUN 2022,0,,69007,559,69007,https://worldathletics.org/records/competition-performance-rankings/ranking/612738
564,614351,"Copa Nacional, Mar del Plata",ARG,03 SEP 2022,04 SEP 2022,70,366,68930,566,69000,https://worldathletics.org/records/competition-performance-rankings/ranking/614351
565,612421,"Meeting di Primavera, Pista Fantoni, Mondovi",ITA,02 JUN 2022,02 JUN 2022,45,440,68952,562,68997,https://worldathletics.org/records/competition-performance-rankings/ranking/612421
566,612123,"International Meeting AK Agram, Sports Park Mladost, Zagreb",CRO,21 MAY 2022,21 MAY 2022,40,460,68937,565,68977,https://worldathletics.org/records/competition-performance-rankings/ranking/612123
567,614083,"86th Kyoto Student Inter-School Championships, Municipal Nishikyogoku Stadium, Kyoto",JPN,02 APR 2022,02 APR 2022,5,753,68955,561,68960,https://worldathletics.org/records/competition-performance-rankings/ranking/614083
568,611947,"UConn Dog Fight, George J. Sherman Family Sports Complex, Storrs, CT",USA,02 APR 2022,02 APR 2022,5,753,68946,563,68951,https://worldathletics.org/records/competition-performance-rankings/ranking/611947
569,611894,"Swarthmore Last Chance, Leslie C. Quick Jr. Stadium, Chester, PA",USA,16 MAY 2022,16 MAY 2022,0,,68940,564,68940,https://worldathletics.org/records/competition-performance-rankings/ranking/611894
570,610430,"Victor Lopez Classic, Rice University Ley Track/Holloway Field, Houston, TX",USA,25 MAR 2022,26 MAR 2022,20,571,68915,567,68935,https://worldathletics.org/records/competition-performance-rankings/ranking/610430
571,610565,"UAB Spring Invitational, University of Alabama at Birmingham, Birmingham, AL",USA,01 APR 2022,02 APR 2022,240,199,68683,579,68923,https://worldathletics.org/records/competition-performance-rankings/ranking/610565
572,613244,"Tokai University Spring Event Competition, Lemon Gas Stadium, Hiratsuka",JPN,27 MAR 2022,27 MAR 2022,10,688,68900,568,68910,https://worldathletics.org/records/competition-performance-rankings/ranking/613244
573,616365,"Haryana State Open Championships, Rohtak",IND,24 SEP 2022,25 SEP 2022,0,,68888,569,68888,https://worldathletics.org/records/competition-performance-rankings/ranking/616365
574,612518,"Chpts régionaux, Stade de La Croix-de-Berny, Antony",FRA,04 JUN 2022,05 JUN 2022,5,753,68856,570,68861,https://worldathletics.org/records/competition-performance-rankings/ranking/612518
574,614756,"Taipei National Autumn Cup, Taipei City",TPE,15 SEP 2022,18 SEP 2022,20,571,68841,571,68861,https://worldathletics.org/records/competition-performance-rankings/ranking/614756
576,612152,"2. Memorial Roberta Preloga, Mestni stadion, Ptuj",SLO,24 MAY 2022,24 MAY 2022,180,234,68666,580,68846,https://worldathletics.org/records/competition-performance-rankings/ranking/612152
577,613444,"Regional Championships, Stade de Beaublanc, Limoges",FRA,02 JUL 2022,03 JUL 2022,10,688,68833,572,68843,https://worldathletics.org/records/competition-performance-rankings/ranking/613444
578,612352,"35. Internationales Ludwig-Jall-Sportfest, Dantestadion, München",GER,29 MAY 2022,29 MAY 2022,100,304,68741,576,68841,https://worldathletics.org/records/competition-performance-rankings/ranking/612352
579,612230,"VIII Prueba de confrontacion 2022, Estadio Panamericano, La Habana",CUB,27 MAY 2022,27 MAY 2022,30,500,68786,574,68816,https://worldathletics.org/records/competition-performance-rankings/ranking/612230
580,615333,"Maverick Invite, Colorado Mesa Univ., Grand Junction, CO",USA,01 APR 2022,02 APR 2022,0,,68795,573,68795,https://worldathletics.org/records/competition-performance-rankings/ranking/615333
581,613128,"Meeting International U18, Stade J. Roland, Franconville",FRA,19 JUN 2022,19 JUN 2022,0,,68741,576,68741,https://worldathletics.org/records/competition-performance-rankings/ranking/613128
582,613680,"Memorial Guido Maccan, Polisportivo Guido Maccan, Brugnera",ITA,16 JUL 2022,16 JUL 2022,25,537,68686,578,68711,https://worldathletics.org/records/competition-performance-rankings/ranking/613680
583,610773,"Circle logistics presents The Monday Meet @ Indiana Tech, Warrior Park, Fort Wayne, IN",USA,11 APR 2022,11 APR 2022,0,,68664,581,68664,https://worldathletics.org/records/competition-performance-rankings/ranking/610773
584,611796,"Liga Iberdrola Clubes, Castellón",ESP,14 MAY 2022,14 MAY 2022,45,440,68579,583,68624,https://worldathletics.org/records/competition-performance-rankings/ranking/611796
585,613679,"Challenge d'athlétisme Vainqueurs Plus, Complexe Sportif Claude-Robillard, Montréal",CAN,08 JUL 2022,10 JUL 2022,0,,68623,582,68623,https://worldathletics.org/records/competition-performance-rankings/ranking/613679
586,615478,"Warhawk Classic, UL Monroe Brown Stadium, Monroe, LA",USA,22 APR 2022,23 APR 2022,0,,68571,584,68571,https://worldathletics.org/records/competition-performance-rankings/ranking/615478
587,610906,"Redbird Invitational, Redbird T&F Complex, Normal, IL",USA,15 APR 2022,16 APR 2022,0,,68569,585,68569,https://worldathletics.org/records/competition-performance-rankings/ranking/610906
588,612755,"Jesse Bent Invitational & Canada Games Trials, Percy Perry Stadium, Coquitlam",CAN,04 JUN 2022,05 JUN 2022,0,,68565,586,68565,https://worldathletics.org/records/competition-performance-rankings/ranking/612755
589,614778,"Int. LTU Graz Sommermeeting #5, Universitätssportzentrum, Graz",AUT,16 JUL 2022,16 JUL 2022,20,571,68536,587,68556,https://worldathletics.org/records/competition-performance-rankings/ranking/614778
590,613463,"Meeting Ciudad de Málaga, Estadio Ciudad de Málaga, Málaga",ESP,28 JUN 2022,28 JUN 2022,75,350,68454,592,68529,https://worldathletics.org/records/competition-performance-rankings/ranking/613463
591,611006,"Phil Esten Challenge, Veterans Memorial Stadium, La Crosse, WI",USA,21 APR 2022,23 APR 2022,0,,68517,588,68517,https://worldathletics.org/records/competition-performance-rankings/ranking/611006
592,613027,"Dutch U20 Championships, Sportpark Ookmeer, Amsterdam",NED,17 JUN 2022,19 JUN 2022,0,,68502,589,68502,https://worldathletics.org/records/competition-performance-rankings/ranking/613027
593,611717,"Allianz Ch. LBFA Toutes Catégories, Stade Fallon, Sint-Lambrechts-Woluwé",BEL,14 MAY 2022,14 MAY 2022,5,753,68494,590,68499,https://worldathletics.org/records/competition-performance-rankings/ranking/611717
594,611932,"CCC Ch., Southern Oregon University, Ashland, OR",USA,13 MAY 2022,14 MAY 2022,5,753,68473,591,68478,https://worldathletics.org/records/competition-performance-rankings/ranking/611932
595,611534,"Northeast Outdoor Championships, Emmitsburg, MD",USA,07 MAY 2022,08 MAY 2022,5,753,68441,593,68446,https://worldathletics.org/records/competition-performance-rankings/ranking/611534
596,611229,"Spanish Club Championships, Andújar",ESP,30 APR 2022,30 APR 2022,200,218,68232,612,68432,https://worldathletics.org/records/competition-performance-rankings/ranking/611229
597,613017,"LVS/ Sportland kauss 6.posms, Zemgales Olimpiskā centra Stadions, Jelgava",LAT,18 JUN 2022,19 JUN 2022,15,620,68410,595,68425,https://worldathletics.org/records/competition-performance-rankings/ranking/613017
598,610714,"Hubei Athletics Team Test Competition, Wuhan",CHN,02 APR 2022,02 APR 2022,0,,68420,594,68420,https://worldathletics.org/records/competition-performance-rankings/ranking/610714
599,612632,"2. kolo Atletickej ligy, Banská Bystrica",SVK,05 JUN 2022,05 JUN 2022,35,477,68384,597,68419,https://worldathletics.org/records/competition-performance-rankings/ranking/612632
600,610561,"Towson Invitational, Johnny Unitas Stadium, Towson, MD",USA,01 APR 2022,02 APR 2022,0,,68402,596,68402,https://worldathletics.org/records/competition-performance-rankings/ranking/610561
601,611971,"NCAA Final Qualfier at UW - La Crosse, Veterans Memorial Stadium, La Crosse, WI",USA,18 MAY 2022,19 MAY 2022,0,,68365,598,68365,https://worldathletics.org/records/competition-performance-rankings/ranking/611971
602,613078,"Championnats OCC, Stadium Municipal, Albi",FRA,18 JUN 2022,18 JUN 2022,5,753,68359,599,68364,https://worldathletics.org/records/competition-performance-rankings/ranking/613078
603,614269,"Campeonato Paulista U23, Sao Bernardo do Campo",BRA,27 AUG 2022,28 AUG 2022,35,477,68322,601,68357,https://worldathletics.org/records/competition-performance-rankings/ranking/614269
604,615065,"Egyptian Meeting, Olympic Sports Center, El Maadi",EGY,14 SEP 2022,17 SEP 2022,75,350,68274,607,68349,https://worldathletics.org/records/competition-performance-rankings/ranking/615065
605,612720,"G. Arzumanov International Memorial, Tashkent",UZB,04 JUN 2022,05 JUN 2022,15,620,68333,600,68348,https://worldathletics.org/records/competition-performance-rankings/ranking/612720
606,614517,"SAYO, Sollentunavallen, Sollentuna",SWE,10 JUN 2022,12 JUN 2022,45,440,68300,603,68345,https://worldathletics.org/records/competition-performance-rankings/ranking/614517
607,610074,"3o Circuito Paulista, Centro de Atletismo Professor Oswaldo Terra, Sao Bernardo do Campo",BRA,05 MAR 2022,05 MAR 2022,220,208,68123,621,68343,https://worldathletics.org/records/competition-performance-rankings/ranking/610074
608,613902,"BW Leichtathletik Finals mit WLV U16, Frankenstadion, Heilbronn",GER,30 JUL 2022,31 JUL 2022,70,366,68260,610,68330,https://worldathletics.org/records/competition-performance-rankings/ranking/613902
609,611343,"NAIA Mid South Conference Championships, Cumberland James H. Taylor, II Stadium, Williamsburg, KY",USA,01 MAY 2022,02 MAY 2022,0,,68321,602,68321,https://worldathletics.org/records/competition-performance-rankings/ranking/611343
610,610672,"UIW Invitational, University of the Incarnate Word, San Antonio, TX",USA,08 APR 2022,09 APR 2022,0,,68293,604,68293,https://worldathletics.org/records/competition-performance-rankings/ranking/610672
611,615550,"Illini Classic, Demirjian Park, Champaign, IL",USA,09 APR 2022,09 APR 2022,0,,68291,605,68291,https://worldathletics.org/records/competition-performance-rankings/ranking/615550
612,611244,"Spanish Club Championships, Córdoba",ESP,30 APR 2022,30 APR 2022,230,203,68055,629,68285,https://worldathletics.org/records/competition-performance-rankings/ranking/611244
613,611595,"Desafio Nerja, Estadio Enrique Lopez Cuenca, Nerja",ESP,04 MAY 2022,04 MAY 2022,105,297,68172,617,68277,https://worldathletics.org/records/competition-performance-rankings/ranking/611595
614,610568,"International Meet, National Heroes Stadium, Lusaka",ZAM,26 MAR 2022,26 MAR 2022,0,,68273,608,68273,https://worldathletics.org/records/competition-performance-rankings/ranking/610568
615,613206,"2nd Juntendo University Competition, Juntendo University Stadium, Inzai",JPN,30 APR 2022,01 MAY 2022,0,,68258,611,68258,https://worldathletics.org/records/competition-performance-rankings/ranking/613206
616,611224,"Spanish Club Championships, Barcelona",ESP,30 APR 2022,30 APR 2022,50,419,68205,616,68255,https://worldathletics.org/records/competition-performance-rankings/ranking/611224
617,614547,"Finále Atletickej ligy, Banská Bystrica",SVK,15 SEP 2022,15 SEP 2022,80,336,68170,618,68250,https://worldathletics.org/records/competition-performance-rankings/ranking/614547
618,615508,"Dr. Dan Caprioglio Early Bird, CSU - Neta and Eddie DeRose Thunderbowl, Pueblo, CO",USA,18 MAR 2022,19 MAR 2022,0,,68223,613,68223,https://worldathletics.org/records/competition-performance-rankings/ranking/615508
619,611700,"Concordia Twilight, Seward, NE",USA,12 MAY 2022,13 MAY 2022,0,,68219,614,68219,https://worldathletics.org/records/competition-performance-rankings/ranking/611700
620,615290,"Central Nebraska Challenge, Kearney HS Track Complex, Kearney, NE",USA,02 APR 2022,02 APR 2022,5,753,68212,615,68217,https://worldathletics.org/records/competition-performance-rankings/ranking/615290
621,615351,"Baráž o postup do extraligy, Děkanka, Praha",CZE,03 SEP 2022,03 SEP 2022,40,460,68146,619,68186,https://worldathletics.org/records/competition-performance-rankings/ranking/615351
622,611412,"Badger Invitational - Wisconsin Classic, McClimon Outdoor Track, Madison, WI",USA,06 MAY 2022,06 MAY 2022,25,537,68143,620,68168,https://worldathletics.org/records/competition-performance-rankings/ranking/611412
623,612489,"Trofeo Perseo, Stadio Guidobaldi, Rieti",ITA,02 JUN 2022,02 JUN 2022,75,350,68090,626,68165,https://worldathletics.org/records/competition-performance-rankings/ranking/612489
624,613109,"AVT Ch., DP de Villiers Stadium, Sasolburg",RSA,28 MAY 2022,28 MAY 2022,65,379,68069,628,68134,https://worldathletics.org/records/competition-performance-rankings/ranking/613109
625,610458,"Inter-Railway Ch., Kolkata",IND,29 MAR 2022,31 MAR 2022,0,,68114,622,68114,https://worldathletics.org/records/competition-performance-rankings/ranking/610458
626,612594,"Campeonato de Madrid, Estadio Vallehermoso, Madrid",ESP,04 JUN 2022,05 JUN 2022,15,620,68092,624,68107,https://worldathletics.org/records/competition-performance-rankings/ranking/612594
627,612987,"Internationale DLV-U18-Gala, Waldstadion, Walldorf",GER,18 JUN 2022,18 JUN 2022,5,753,68099,623,68104,https://worldathletics.org/records/competition-performance-rankings/ranking/612987
628,617209,"NESCAC Ch., Pritchard Track, Clinton, NY",USA,30 APR 2022,30 APR 2022,0,,68092,624,68092,https://worldathletics.org/records/competition-performance-rankings/ranking/617209
629,610790,"East Texas Invitational, Memorial Stadium, Commerce, TX",USA,09 APR 2022,09 APR 2022,0,,68072,627,68072,https://worldathletics.org/records/competition-performance-rankings/ranking/610790
630,614639,"Henan Athletics Training Base Permit Meeting, Zhengzhou",CHN,06 AUG 2022,07 AUG 2022,5,753,68021,630,68026,https://worldathletics.org/records/competition-performance-rankings/ranking/614639
631,611336,"7th Kokushikan University Competition, Kokushikan University Stadium, Tama",JPN,24 MAR 2022,27 MAR 2022,70,366,67938,633,68008,https://worldathletics.org/records/competition-performance-rankings/ranking/611336
632,612094,"Championnat de France des clubs, Sarreguemines",FRA,22 MAY 2022,22 MAY 2022,5,753,67978,631,67983,https://worldathletics.org/records/competition-performance-rankings/ranking/612094
633,611239,"Memphis Tiger Invite, Billy J. Murphy Track and Field Complex, Memphis, TN",USA,29 APR 2022,30 APR 2022,10,688,67970,632,67980,https://worldathletics.org/records/competition-performance-rankings/ranking/611239
634,614266,"Tohm Sporculari - Oli̇mpi̇k Deneme Yarişmalari, Athletics Stadium, Konya",TUR,30 JUL 2022,31 JUL 2022,30,500,67916,635,67946,https://worldathletics.org/records/competition-performance-rankings/ranking/614266
635,615466,"Hyogo Autumn Record Meeting, Universiade Commemorative Stadium, Kobe",JPN,08 OCT 2022,09 OCT 2022,15,620,67930,634,67945,https://worldathletics.org/records/competition-performance-rankings/ranking/615466
636,612713,"CAA Training Base Permit Meeting, Nanjing",CHN,04 JUN 2022,05 JUN 2022,10,688,67890,638,67900,https://worldathletics.org/records/competition-performance-rankings/ranking/612713
637,614257,"England Athletics Under 15 & Under 17 Ch., Bedford Athletic Stadium, Bedford",GBR,27 AUG 2022,28 AUG 2022,0,,67899,636,67899,https://worldathletics.org/records/competition-performance-rankings/ranking/614257
638,610453,"AGN League 3, Bestmed Tuks Stadium, Pretoria",RSA,16 FEB 2022,16 FEB 2022,0,,67893,637,67893,https://worldathletics.org/records/competition-performance-rankings/ranking/610453
639,613614,"Gran Premio Ciudad de Segovia, Segovia",ESP,09 JUL 2022,09 JUL 2022,20,571,67855,639,67875,https://worldathletics.org/records/competition-performance-rankings/ranking/613614
640,613125,"Northern Ireland Senior Championships, Mary Peters Track, Belfast",GBR,18 JUN 2022,18 JUN 2022,5,753,67844,640,67849,https://worldathletics.org/records/competition-performance-rankings/ranking/613125
641,614156,"National Athletics League - Ch. A & B Final, Bedford Athletic Stadium, Bedford",GBR,21 AUG 2022,21 AUG 2022,0,,67825,641,67825,https://worldathletics.org/records/competition-performance-rankings/ranking/614156
642,611353,"Holst Invitational, Concordia Sea Foam Stadium, St. Paul, Minneapolis, MN",USA,23 APR 2022,23 APR 2022,0,,67818,642,67818,https://worldathletics.org/records/competition-performance-rankings/ranking/611353
643,612668,"Khelo India Youth Games, Panchkula",IND,07 JUN 2022,09 JUN 2022,0,,67780,643,67780,https://worldathletics.org/records/competition-performance-rankings/ranking/612668
644,613180,"2022 Kansai Inter-Corporate Track & Field Record Meeting, Memorial Park Stadium, Amagasaki",JPN,19 JUN 2022,19 JUN 2022,30,500,67749,646,67779,https://worldathletics.org/records/competition-performance-rankings/ranking/613180
645,617453,"Osaka City Chairman's Cup, Nagai Stadium No. 2, Osaka",JPN,24 APR 2022,24 APR 2022,0,,67765,644,67765,https://worldathletics.org/records/competition-performance-rankings/ranking/617453
646,610194,"Aggie Open, UC Davis Woody Wilson Track, Davis, CA",USA,11 MAR 2022,12 MAR 2022,0,,67754,645,67754,https://worldathletics.org/records/competition-performance-rankings/ranking/610194
647,612021,"1. Kolo Atletickej ligy, Atletický štadión TU, Košice",SVK,21 MAY 2022,21 MAY 2022,30,500,67700,647,67730,https://worldathletics.org/records/competition-performance-rankings/ranking/612021
648,613110,"VI Ordizia Sari Nagusia - Jose Antonio Pena Meeting, Altamira estadioa, Ordizia",ESP,18 JUN 2022,18 JUN 2022,25,537,67673,648,67698,https://worldathletics.org/records/competition-performance-rankings/ranking/613110
649,611126,"3rd Miyazaki Prefectural Record Meeting, Prefectural Sports Park, Miyazaki",JPN,19 MAR 2022,20 MAR 2022,20,571,67623,649,67643,https://worldathletics.org/records/competition-performance-rankings/ranking/611126
650,612348,"BRIXIA Meeting, Raiffeisen Arena, Bressanone, Trentino-Alto Adige",ITA,29 MAY 2022,29 MAY 2022,10,688,67622,650,67632,https://worldathletics.org/records/competition-performance-rankings/ranking/612348
651,612756,"Meeting National à thème de Montpellier, Stade Philippides, Montpellier",FRA,11 JUN 2022,11 JUN 2022,10,688,67616,651,67626,https://worldathletics.org/records/competition-performance-rankings/ranking/612756
652,617527,"1st Okayama Prefectural Meeting, Prefectural Stadium, Okayama",JPN,09 APR 2022,10 APR 2022,5,753,67600,653,67605,https://worldathletics.org/records/competition-performance-rankings/ranking/617527
653,612879,"Tyrvinglekene, Stadion, Nadderud",NOR,10 JUN 2022,12 JUN 2022,0,,67603,652,67603,https://worldathletics.org/records/competition-performance-rankings/ranking/612879
654,616314,"Aichi Prefecture HS Tournament, Ryuhoku Stadium, Okazaki",JPN,24 SEP 2022,25 SEP 2022,0,,67587,654,67587,https://worldathletics.org/records/competition-performance-rankings/ranking/616314
655,612563,"Trofeo Nacional de Atletismo Nocturna de Gandía, Gandía",ESP,03 JUN 2022,03 JUN 2022,20,571,67557,655,67577,https://worldathletics.org/records/competition-performance-rankings/ranking/612563
656,612105,"VM NLC + Promotionsliga A und B, Sportanlage Wintersried, Ibach",SUI,21 MAY 2022,21 MAY 2022,5,753,67527,657,67532,https://worldathletics.org/records/competition-performance-rankings/ranking/612105
657,617214,"Prefectural Rookie Competition, Gion Stadium, Sagamihara",JPN,17 SEP 2022,24 SEP 2022,0,,67530,656,67530,https://worldathletics.org/records/competition-performance-rankings/ranking/617214
658,611843,"Liga Joma de Clubes, Sagunto",ESP,14 MAY 2022,14 MAY 2022,20,571,67467,658,67487,https://worldathletics.org/records/competition-performance-rankings/ranking/611843
659,612611,"Loughborough EAP Meeting, Loughborough University Track, Loughborough",GBR,07 JUN 2022,07 JUN 2022,20,571,67459,659,67479,https://worldathletics.org/records/competition-performance-rankings/ranking/612611
660,610789,"Spartan Invite, Michigan State Ralph Young Field, East Lansing, MI",USA,01 APR 2022,02 APR 2022,30,500,67418,661,67448,https://worldathletics.org/records/competition-performance-rankings/ranking/610789
661,614642,"Belgian U23 Championships, Sportcentrum Wembley, Kortrijk",BEL,18 SEP 2022,18 SEP 2022,15,620,67428,660,67443,https://worldathletics.org/records/competition-performance-rankings/ranking/614642
662,612948,"Victoria International Track Classic, Centennial Stadium, Victoria",CAN,16 JUN 2022,16 JUN 2022,260,186,67169,685,67429,https://worldathletics.org/records/competition-performance-rankings/ranking/612948
663,611068,"Jack Christiansen Invite, CSU Jack Christiansen Track, Fort Collins, CO",USA,23 APR 2022,23 APR 2022,25,537,67398,663,67423,https://worldathletics.org/records/competition-performance-rankings/ranking/611068
664,612790,"7eme Meeting De Zone, Sale",MAR,08 MAY 2022,08 MAY 2022,5,753,67413,662,67418,https://worldathletics.org/records/competition-performance-rankings/ranking/612790
665,610533,"UBC Open, Rashpal Dhillon Oval, Vancouver",CAN,26 MAR 2022,27 MAR 2022,25,537,67372,665,67397,https://worldathletics.org/records/competition-performance-rankings/ranking/610533
666,615490,"Minnesota State Open, Track & Field Complex, Mankato, MN",USA,08 APR 2022,09 APR 2022,0,,67379,664,67379,https://worldathletics.org/records/competition-performance-rankings/ranking/615490
667,610777,"UAB Green and Gold Invite, University of Alabama at Birmingham, Birmingham, AL",USA,07 APR 2022,09 APR 2022,0,,67353,666,67353,https://worldathletics.org/records/competition-performance-rankings/ranking/610777
667,610648,"Weber State Spring Classic, Chick Hislop Outdoor Track, Ogden, UT",USA,08 APR 2022,08 APR 2022,0,,67353,666,67353,https://worldathletics.org/records/competition-performance-rankings/ranking/610648
669,611668,"Oakland University Last Chance Meet, Oakland Track and Field Complex, Rochester, MI",USA,12 MAY 2022,12 MAY 2022,0,,67327,668,67327,https://worldathletics.org/records/competition-performance-rankings/ranking/611668
670,611757,"Mount Olive First Chance, Ray McDonald, Sr., Track Complex, Mount Olive, NC",USA,14 MAY 2022,14 MAY 2022,15,620,67308,670,67323,https://worldathletics.org/records/competition-performance-rankings/ranking/611757
671,621391,"Copenhagen Open, 10 års jubilæum, Hvidovre Stadion, Hvidovre",DEN,11 JUN 2022,12 JUN 2022,60,388,67258,676,67318,https://worldathletics.org/records/competition-performance-rankings/ranking/621391
672,612017,"Finale Interclubs Nationale, Stade A. Delaune, Maisons-Alfort",FRA,21 MAY 2022,21 MAY 2022,50,419,67267,675,67317,https://worldathletics.org/records/competition-performance-rankings/ranking/612017
673,610784,"Aggie Invitational, Ralph Maughan Track Stadium, Logan, UT",USA,09 APR 2022,09 APR 2022,0,,67316,669,67316,https://worldathletics.org/records/competition-performance-rankings/ranking/610784
674,611647,"Olimpik Deneme Yarışmaları, Atıcılar Atletizm Sahası, Bursa",TUR,07 MAY 2022,08 MAY 2022,20,571,67286,671,67306,https://worldathletics.org/records/competition-performance-rankings/ranking/611647
675,615700,"ADIDAS Winthrop University Invitational, Winthrop Irwin Belk Track & Field Complex, Rock Hill, SC",USA,25 MAR 2022,26 MAR 2022,0,,67281,672,67281,https://worldathletics.org/records/competition-performance-rankings/ranking/615700
676,611913,"Mount Olive Final Qualifier, Ray McDonald, Sr., Track Complex, Mount Olive, NC",USA,15 MAY 2022,15 MAY 2022,0,,67273,673,67273,https://worldathletics.org/records/competition-performance-rankings/ranking/611913
677,610901,"JMU Invitational, Sentara Park, Harrisonburg, VA",USA,16 APR 2022,16 APR 2022,0,,67268,674,67268,https://worldathletics.org/records/competition-performance-rankings/ranking/610901
678,613595,"Meeting Internazionale ATL-Etica, Stadio Comunale, San Vendemiano",ITA,06 JUL 2022,06 JUL 2022,110,292,67138,691,67248,https://worldathletics.org/records/competition-performance-rankings/ranking/613595
679,614719,"Croatian Club Cup, Zagreb",CRO,24 SEP 2022,25 SEP 2022,75,350,67159,688,67234,https://worldathletics.org/records/competition-performance-rankings/ranking/614719
680,610129,"UCSB Gaucho Invitational, Pauley Track & Field Complex UC Santa Barbara, Goleta, CA",USA,11 MAR 2022,11 MAR 2022,0,,67231,677,67231,https://worldathletics.org/records/competition-performance-rankings/ranking/610129
680,610775,"Road to GIM2022, National Stadium, Gaborone",BOT,12 MAR 2022,12 MAR 2022,35,477,67196,682,67231,https://worldathletics.org/records/competition-performance-rankings/ranking/610775
680,615635,"Hyogo Spring Record Meeting, Sports Park Stadium, Kobe",JPN,16 APR 2022,17 APR 2022,0,,67231,677,67231,https://worldathletics.org/records/competition-performance-rankings/ranking/615635
683,611338,"2nd Osaka Record Meeting, Nagai Stadium No. 2, Osaka",JPN,09 APR 2022,10 APR 2022,0,,67212,679,67212,https://worldathletics.org/records/competition-performance-rankings/ranking/611338
684,610335,"Ross and Sharon Irwin Meet, San Diego, CA",USA,19 MAR 2022,19 MAR 2022,0,,67210,680,67210,https://worldathletics.org/records/competition-performance-rankings/ranking/610335
684,612286,"Campionatul Național de Seniori, U23 și Probe Combinate Seniori, U23 Etapa 1, Stadionul Nicolae Dobrin, Pitesti",ROU,28 MAY 2022,29 MAY 2022,35,477,67175,684,67210,https://worldathletics.org/records/competition-performance-rankings/ranking/612286
686,611891,"1. kolo I. ligy skupina C, TJ Sokol Opava, Opava",CZE,14 MAY 2022,14 MAY 2022,0,,67209,681,67209,https://worldathletics.org/records/competition-performance-rankings/ranking/611891
687,613611,"Mexican U20/U18 Championships, Estadio Olímpico de Querétaro, Queretaro",MEX,08 JUL 2022,10 JUL 2022,0,,67195,683,67195,https://worldathletics.org/records/competition-performance-rankings/ranking/613611
688,613779,"Estonian Cup, Rannastaadion, Pärnu",EST,23 JUL 2022,23 JUL 2022,120,282,67067,697,67187,https://worldathletics.org/records/competition-performance-rankings/ranking/613779
689,611347,"Pacesetter Sports Invitational, Gibson Track & Field Complex, Terre Haute, IN",USA,08 APR 2022,09 APR 2022,20,571,67166,687,67186,https://worldathletics.org/records/competition-performance-rankings/ranking/611347
690,612796,"3. kolo I. ligy skupina C, Uherské Hradiste",CZE,11 JUN 2022,11 JUN 2022,0,,67168,686,67168,https://worldathletics.org/records/competition-performance-rankings/ranking/612796
691,610088,"Longhorn Invitational, Mike A. Myers Stadium, Austin, TX",USA,05 MAR 2022,05 MAR 2022,10,688,67153,689,67163,https://worldathletics.org/records/competition-performance-rankings/ranking/610088
692,612027,"Meeting Novi Zvezdi, National Sports Academy, Sofia",BUL,21 MAY 2022,21 MAY 2022,25,537,67132,692,67157,https://worldathletics.org/records/competition-performance-rankings/ranking/612027
693,612787,"3. kolo I. ligy skupina B, Kolin",CZE,11 JUN 2022,11 JUN 2022,0,,67145,690,67145,https://worldathletics.org/records/competition-performance-rankings/ranking/612787
694,612678,"17. Memorial Matica Šušteršiča in Patrika Cvetana, Stadion Park Šiška, Ljubljana",SLO,09 JUN 2022,09 JUN 2022,15,620,67114,694,67129,https://worldathletics.org/records/competition-performance-rankings/ranking/612678
695,612603,"National Athletics League - Ch., Sportcity Regional Arena, Manchester",GBR,04 JUN 2022,04 JUN 2022,0,,67125,693,67125,https://worldathletics.org/records/competition-performance-rankings/ranking/612603
696,610904,"Electric City Invitational, Anderson University Athletic Campus, Anderson, SC",USA,16 APR 2022,16 APR 2022,5,753,67104,695,67109,https://worldathletics.org/records/competition-performance-rankings/ranking/610904
697,610386,"5o Circuito Paulista Open, COTP Stadium, São Paulo",BRA,27 MAR 2022,27 MAR 2022,160,248,66941,710,67101,https://worldathletics.org/records/competition-performance-rankings/ranking/610386
698,614139,"5th Japan University Competition, Nihon University Athletics Stadium, Setagaya, Tokyo",JPN,03 MAY 2022,03 MAY 2022,0,,67070,696,67070,https://worldathletics.org/records/competition-performance-rankings/ranking/614139
699,611090,"Trofeo Liberazione, Campo Comunale, Modena",ITA,25 APR 2022,25 APR 2022,10,688,67058,699,67068,https://worldathletics.org/records/competition-performance-rankings/ranking/611090
700,610563,"ECU Bill Carson Invitational, Bate Foundation T&F Facility, Greenville, NC",USA,01 APR 2022,02 APR 2022,0,,67066,698,67066,https://worldathletics.org/records/competition-performance-rankings/ranking/610563
701,611223,"Spanish Club Championships, Zaragoza",ESP,30 APR 2022,30 APR 2022,50,419,67015,703,67065,https://worldathletics.org/records/competition-performance-rankings/ranking/611223
702,610625,"The Vince O’Boyle Classic, Anteater Stadium, Irvine, CA",USA,01 APR 2022,02 APR 2022,0,,67027,700,67027,https://worldathletics.org/records/competition-performance-rankings/ranking/610625
702,610659,"New Haven Harvard vs. Yale, Yale Dewitt Cuyler Field, New Haven, CT",USA,09 APR 2022,09 APR 2022,5,753,67022,702,67027,https://worldathletics.org/records/competition-performance-rankings/ranking/610659
704,612739,"Liga Iberdrola de Clubes, Estadi Olímpic Camilo Cano, La Nucia",ESP,11 JUN 2022,11 JUN 2022,0,,67024,701,67024,https://worldathletics.org/records/competition-performance-rankings/ranking/612739
705,610247,"West Texas A&M Spring Break Classic, West Texas A&M University Track & Soccer Complex, Canyon, TX",USA,19 MAR 2022,19 MAR 2022,15,620,67004,704,67019,https://worldathletics.org/records/competition-performance-rankings/ranking/610247
706,610351,"Miami Univ. Blizzard Buster, Miami of Ohio Track, Oxford, OH",USA,18 MAR 2022,18 MAR 2022,0,,66986,705,66986,https://worldathletics.org/records/competition-performance-rankings/ranking/610351
707,613117,"Campeonato Autonómico, Valencia",ESP,18 JUN 2022,18 JUN 2022,15,620,66970,707,66985,https://worldathletics.org/records/competition-performance-rankings/ranking/613117
708,611929,"MIAC Ch., SMU T&F Complex, Winona, MN",USA,13 MAY 2022,14 MAY 2022,0,,66975,706,66975,https://worldathletics.org/records/competition-performance-rankings/ranking/611929
709,610570,"Northeast Ohio Tri, Dwight Schar Athletic Complex - Ferguson Field, Ashland, OH",USA,02 APR 2022,02 APR 2022,25,537,66945,709,66970,https://worldathletics.org/records/competition-performance-rankings/ranking/610570
710,612461,"17. BORSIG-Meeting, Stadion, Gladbeck",GER,04 JUN 2022,04 JUN 2022,0,,66968,708,66968,https://worldathletics.org/records/competition-performance-rankings/ranking/612461
711,614297,"4. kolo Atletickej ligy, Trnava",SVK,01 SEP 2022,01 SEP 2022,50,419,66892,712,66942,https://worldathletics.org/records/competition-performance-rankings/ranking/614297
712,610809,"Little Rock Twilight, Coleman Sports Complex, Little Rock, AR",USA,14 APR 2022,15 APR 2022,195,224,66733,726,66928,https://worldathletics.org/records/competition-performance-rankings/ranking/610809
713,611368,"ESU Midwest Classic, Emporia St. Francis G. Welch Stadium, Emporia, KS",USA,24 APR 2022,24 APR 2022,0,,66913,711,66913,https://worldathletics.org/records/competition-performance-rankings/ranking/611368
714,612838,"Colombian U20 Championships, Ibagué",COL,10 JUN 2022,12 JUN 2022,5,753,66884,713,66889,https://worldathletics.org/records/competition-performance-rankings/ranking/612838
715,610553,"Arnie Robinson Invitational, San Diego Mesa, San Diego, CA",USA,01 APR 2022,01 APR 2022,15,620,66873,716,66888,https://worldathletics.org/records/competition-performance-rankings/ranking/610553
716,613095,"Championnat de Bretagne, Complexe Sportif Du Penthièvre, Lamballe",FRA,18 JUN 2022,19 JUN 2022,5,753,66876,714,66881,https://worldathletics.org/records/competition-performance-rankings/ranking/613095
717,615221,"Czech U20 Club Championships, Mlada Boleslav",CZE,24 SEP 2022,24 SEP 2022,0,,66876,714,66876,https://worldathletics.org/records/competition-performance-rankings/ranking/615221
718,622539,"Öresundsspelen, Hedens IP, Helsingborg",SWE,08 JUL 2022,10 JUL 2022,15,620,66823,718,66838,https://worldathletics.org/records/competition-performance-rankings/ranking/622539
719,615425,"2nd Nara City Meeting, Konoike Athletics Stadium, Nara",JPN,14 AUG 2022,14 AUG 2022,10,688,66823,718,66833,https://worldathletics.org/records/competition-performance-rankings/ranking/615425
720,611883,"5. Sławomir Rosłon Memorial, Stadion Miejski, Piaseczno",POL,15 MAY 2022,15 MAY 2022,0,,66830,717,66830,https://worldathletics.org/records/competition-performance-rankings/ranking/611883
721,617224,"Redbird Invite, Redbird T&F Complex, Normal, IL",USA,01 APR 2022,02 APR 2022,0,,66822,720,66822,https://worldathletics.org/records/competition-performance-rankings/ranking/617224
722,611187,"Mike McMillan Twilight, Parkman Track, Clinton, MS",USA,28 APR 2022,28 APR 2022,0,,66815,721,66815,https://worldathletics.org/records/competition-performance-rankings/ranking/611187
723,610146,"Occidental Distance Carnival and Spring Break, Jack Kemp Stadium - Occidental College, Los Angeles, CA",USA,12 MAR 2022,12 MAR 2022,0,,66810,722,66810,https://worldathletics.org/records/competition-performance-rankings/ranking/610146
724,612249,"2. kolo I. ligy skupina A, Praha",CZE,28 MAY 2022,28 MAY 2022,5,753,66793,723,66798,https://worldathletics.org/records/competition-performance-rankings/ranking/612249
725,613492,"Athletics Huzhou Base Permit Meeting, Huzhou",CHN,04 JUN 2022,05 JUN 2022,0,,66782,724,66782,https://worldathletics.org/records/competition-performance-rankings/ranking/613492
726,611559,"NJAC Ch., TCNJ Track & Field Complex, Trenton, NJ",USA,08 MAY 2022,09 MAY 2022,0,,66776,725,66776,https://worldathletics.org/records/competition-performance-rankings/ranking/611559
727,611015,"Peach Belt Conference Championships, ERAU T&F Complex, Daytona Beach, FL",USA,22 APR 2022,23 APR 2022,0,,66730,727,66730,https://worldathletics.org/records/competition-performance-rankings/ranking/611015
728,613780,"Maccabiah Games, Givat Ram Stadium, Jerusalem",ISR,20 JUL 2022,20 JUL 2022,20,571,66702,729,66722,https://worldathletics.org/records/competition-performance-rankings/ranking/613780
729,612310,"Trofeo Ciudad de Fuenlabrada, Fuenlabrada",ESP,25 MAY 2022,25 MAY 2022,0,,66710,728,66710,https://worldathletics.org/records/competition-performance-rankings/ranking/612310
730,613445,"Pražské memoriály, Atletický stadion Slavia Praha, Praha",CZE,01 JUL 2022,01 JUL 2022,0,,66696,730,66696,https://worldathletics.org/records/competition-performance-rankings/ranking/613445
731,610786,"Margaret Simmons Invitational, Murray, KY",USA,25 MAR 2022,26 MAR 2022,125,276,66570,737,66695,https://worldathletics.org/records/competition-performance-rankings/ranking/610786
732,613812,"SIAB Schools International T&F Competition, Mary Peters Track, Belfast",GBR,16 JUL 2022,16 JUL 2022,0,,66664,731,66664,https://worldathletics.org/records/competition-performance-rankings/ranking/613812
733,613958,"Open Avondmeeting, VITA Atletiek, Ninove",BEL,10 AUG 2022,10 AUG 2022,100,304,66556,738,66656,https://worldathletics.org/records/competition-performance-rankings/ranking/613958
734,613529,"Meeting interregional, Parc de La Colombiere, Epinal",FRA,03 JUL 2022,03 JUL 2022,5,753,66644,732,66649,https://worldathletics.org/records/competition-performance-rankings/ranking/613529
735,610890,"34th Umemura Gakuen Competition, Chukyo Univ. Stadium, Toyota",JPN,02 APR 2022,03 APR 2022,20,571,66624,734,66644,https://worldathletics.org/records/competition-performance-rankings/ranking/610890
736,610800,"WKU Hilltopper Relays, WKU Charles Ruter Track, Bowling Green, KY",USA,01 APR 2022,02 APR 2022,5,753,66630,733,66635,https://worldathletics.org/records/competition-performance-rankings/ranking/610800
737,617268,"77th Osaka High School Meet, Nagai Stadium No. 2, Osaka",JPN,16 AUG 2022,18 AUG 2022,0,,66617,735,66617,https://worldathletics.org/records/competition-performance-rankings/ranking/617268
738,611940,"2nd Alexandrino Meeting - Georgios Pantos Memorial, Municipal Sports Center, Alexandria",GRE,17 MAY 2022,17 MAY 2022,10,688,66600,736,66610,https://worldathletics.org/records/competition-performance-rankings/ranking/611940
739,611448,"Dr. Tucker Open, Loras Finnegan Family Track, Dubuque, IA",USA,07 MAY 2022,07 MAY 2022,0,,66544,739,66544,https://worldathletics.org/records/competition-performance-rankings/ranking/611448
740,611230,"Spanish Club Championships, Manresa",ESP,30 APR 2022,30 APR 2022,60,388,66472,746,66532,https://worldathletics.org/records/competition-performance-rankings/ranking/611230
741,611236,"Meeting Athletic Elite, Arena Civica Gianni Brera, Milano",ITA,30 APR 2022,30 APR 2022,0,,66531,740,66531,https://worldathletics.org/records/competition-performance-rankings/ranking/611236
742,615004,"1st Kokushikan University Competition, Kokushikan University Stadium, Tama",JPN,02 APR 2022,03 APR 2022,20,571,66497,743,66517,https://worldathletics.org/records/competition-performance-rankings/ranking/615004
743,612696,"Liga Lekkoatletyczna - III Rzut, Stadion Zygmunta Szelesta, Warszawa",POL,04 JUN 2022,04 JUN 2022,0,,66513,741,66513,https://worldathletics.org/records/competition-performance-rankings/ranking/612696
744,613138,"Regional Championships, Stade Léo Lagrange, Lens",FRA,19 JUN 2022,19 JUN 2022,0,,66511,742,66511,https://worldathletics.org/records/competition-performance-rankings/ranking/613138
745,612432,"BIGish Jumps & Throws Fest, Bedford Athletic Stadium, Bedford",GBR,02 JUN 2022,02 JUN 2022,120,282,66379,751,66499,https://worldathletics.org/records/competition-performance-rankings/ranking/612432
746,615073,"6th Kyoto Land Association Record Society, Municipal Nishikyogoku Stadium, Kyoto",JPN,25 SEP 2022,25 SEP 2022,0,,66495,744,66495,https://worldathletics.org/records/competition-performance-rankings/ranking/615073
747,611658,"1st Kyoto Rikukyo Record Meeting, Municipal Nishikyogoku Stadium, Kyoto",JPN,09 APR 2022,09 APR 2022,0,,66477,745,66477,https://worldathletics.org/records/competition-performance-rankings/ranking/611658
748,611369,"Maverick Open, Track & Field Complex, Mankato, MN",USA,04 MAY 2022,04 MAY 2022,0,,66441,747,66441,https://worldathletics.org/records/competition-performance-rankings/ranking/611369
749,611414,"Crossroads League Championships, Harris Family Track and Field Stadium, Notre Dame, IN",USA,05 MAY 2022,06 MAY 2022,0,,66439,748,66439,https://worldathletics.org/records/competition-performance-rankings/ranking/611414
750,610124,"San Diego Collegiate Challenge, La Jolla, CA",USA,11 MAR 2022,11 MAR 2022,0,,66417,749,66417,https://worldathletics.org/records/competition-performance-rankings/ranking/610124
751,610289,"Jerry Quiller Classic, Potts Field, Boulder, CO",USA,18 MAR 2022,19 MAR 2022,0,,66408,750,66408,https://worldathletics.org/records/competition-performance-rankings/ranking/610289
752,614062,"Eltsun kansalliset, Eläintarhan urheilukenttä, Helsinki",FIN,18 AUG 2022,18 AUG 2022,0,,66347,752,66347,https://worldathletics.org/records/competition-performance-rankings/ranking/614062
753,615680,"Hiroshima Prefectural National Athletic Meet, Edion Stadium, Hiroshima",JPN,16 APR 2022,17 APR 2022,25,537,66319,754,66344,https://worldathletics.org/records/competition-performance-rankings/ranking/615680
754,611809,"Nazareth ROC City Final Qualifier, Golden Flyer Stadium, Rochester, NY",USA,15 MAY 2022,15 MAY 2022,0,,66327,753,66327,https://worldathletics.org/records/competition-performance-rankings/ranking/611809
755,616907,"6th Kokushikan University Competition, Kokushikan University Stadium, Tama",JPN,05 NOV 2022,06 NOV 2022,15,620,66309,755,66324,https://worldathletics.org/records/competition-performance-rankings/ranking/616907
756,612804,"Athletic Meeting Mladost, Zagreb",CRO,11 JUN 2022,12 JUN 2022,45,440,66241,759,66286,https://worldathletics.org/records/competition-performance-rankings/ranking/612804
757,611418,"OAC Outdoor T&F Ch., George Finnie Stadium, Berea, OH",USA,05 MAY 2022,06 MAY 2022,0,,66285,756,66285,https://worldathletics.org/records/competition-performance-rankings/ranking/611418
758,615671,"National Athletic Meet Selection Competition, Prefectural Stadium, Ise",JPN,16 APR 2022,17 APR 2022,30,500,66250,758,66280,https://worldathletics.org/records/competition-performance-rankings/ranking/615671
759,614930,"73rd National 7 Universities Inter-School Competition, Koshin Gom Athlete Park, Sendai",JPN,30 JUL 2022,31 JUL 2022,0,,66279,757,66279,https://worldathletics.org/records/competition-performance-rankings/ranking/614930
760,615270,"Championnats Nationaux Interclubs, Stade Colette Besson, Dijon",FRA,16 OCT 2022,16 OCT 2022,5,753,66229,760,66234,https://worldathletics.org/records/competition-performance-rankings/ranking/615270
761,611770,"National Athletics League Championship - Round 1B, Chelmsford Sport And Athletics Centre Melbourne Park, Chelmsford",GBR,07 MAY 2022,07 MAY 2022,5,753,66217,761,66222,https://worldathletics.org/records/competition-performance-rankings/ranking/611770
762,615637,"Asahi Record Meeting, Hakatanomori Athletic Stadium, Fukuoka",JPN,16 APR 2022,17 APR 2022,15,620,66198,762,66213,https://worldathletics.org/records/competition-performance-rankings/ranking/615637
763,611617,"Intercercles Division Nationale Femmes, Stade des Fusillés, Saint-Mard",BEL,07 MAY 2022,07 MAY 2022,45,440,66160,765,66205,https://worldathletics.org/records/competition-performance-rankings/ranking/611617
764,614343,"Turkcell U20 Kulüpler Ligi Yarışmaları, Atıcılar Atletizm Sahası, Bursa",TUR,28 AUG 2022,29 AUG 2022,20,571,66178,763,66198,https://worldathletics.org/records/competition-performance-rankings/ranking/614343
765,612424,"National Sports Festival Selection Spring Selection Meeting, Municipal Mizuho Stadium, Nagoya",JPN,16 APR 2022,17 APR 2022,30,500,66148,768,66178,https://worldathletics.org/records/competition-performance-rankings/ranking/612424
766,617029,"4th Kokushikan University Competition, Kokushikan University Stadium, Tama",JPN,09 JUL 2022,10 JUL 2022,0,,66177,764,66177,https://worldathletics.org/records/competition-performance-rankings/ranking/617029
767,611472,"Portland Twilight, Griswold Stadium, Portland, OR",USA,07 MAY 2022,07 MAY 2022,10,688,66153,767,66163,https://worldathletics.org/records/competition-performance-rankings/ranking/611472
768,616176,"Spring High School Athletic Meet, Ojiyama Athletic Field, Otsu",JPN,02 JUN 2022,04 JUN 2022,0,,66160,765,66160,https://worldathletics.org/records/competition-performance-rankings/ranking/616176
769,610293,"Fred Hardy Invitational, Richmond, VA",USA,18 MAR 2022,18 MAR 2022,0,,66111,769,66111,https://worldathletics.org/records/competition-performance-rankings/ranking/610293
770,611885,"1. kolo I. ligy skupina A, Atletický stadion, Trebic",CZE,14 MAY 2022,14 MAY 2022,0,,66085,770,66085,https://worldathletics.org/records/competition-performance-rankings/ranking/611885
771,611549,"Championnat de France des clubs, Stade C. Vandeveegaete, Tourcoing",FRA,08 MAY 2022,08 MAY 2022,40,460,66041,773,66081,https://worldathletics.org/records/competition-performance-rankings/ranking/611549
772,611129,"Macroregional B Nacionales Conade, Estadio Olímpico Santa Teresita, Tepic",MEX,21 APR 2022,24 APR 2022,0,,66079,771,66079,https://worldathletics.org/records/competition-performance-rankings/ranking/611129
773,612715,"Trofeo de Atletismo Ciudad de Sagunto, Sagunto",ESP,07 JUN 2022,07 JUN 2022,5,753,66071,772,66076,https://worldathletics.org/records/competition-performance-rankings/ranking/612715
774,611688,"Grand Prix Orlando Guaita, Pista Atlética Ramón Tapia Chambilla, Copiapó",CHI,07 MAY 2022,07 MAY 2022,160,248,65897,781,66057,https://worldathletics.org/records/competition-performance-rankings/ranking/611688
775,610277,"Virginia Open, UVA Lanningan Field, Charlottesville, VA",USA,19 MAR 2022,19 MAR 2022,25,537,65982,775,66007,https://worldathletics.org/records/competition-performance-rankings/ranking/610277
776,611401,"George Davis Invitational, Cushing Field Complex, Lowell, MA",USA,22 APR 2022,23 APR 2022,0,,65995,774,65995,https://worldathletics.org/records/competition-performance-rankings/ranking/611401
777,614323,"Croatian U23 Championship, Zagreb",CRO,03 SEP 2022,04 SEP 2022,20,571,65972,776,65992,https://worldathletics.org/records/competition-performance-rankings/ranking/614323
778,611842,"Liga Joma de Clubes, Pamplona",ESP,14 MAY 2022,14 MAY 2022,30,500,65954,779,65984,https://worldathletics.org/records/competition-performance-rankings/ranking/611842
779,611999,"Mount Union Last Chance, Mount Union Stadium, Alliance, OH",USA,19 MAY 2022,19 MAY 2022,0,,65967,777,65967,https://worldathletics.org/records/competition-performance-rankings/ranking/611999
780,616254,"Ungdomsmesterskapet i friidrett, Trondheim Stadion, Trondheim",NOR,12 AUG 2022,14 AUG 2022,0,,65962,778,65962,https://worldathletics.org/records/competition-performance-rankings/ranking/616254
781,612784,"3. kolo I. ligy skupina A, Domažlice",CZE,11 JUN 2022,11 JUN 2022,0,,65916,780,65916,https://worldathletics.org/records/competition-performance-rankings/ranking/612784
782,613822,"Alpe Adria Athletics Games, Stadio Giuseppe Grezar, Trieste",ITA,23 JUL 2022,24 JUL 2022,20,571,65895,782,65915,https://worldathletics.org/records/competition-performance-rankings/ranking/613822
783,612288,"Nishinihon Trial Meeting, Hakatanomori Athletic Stadium, Fukuoka",JPN,09 APR 2022,10 APR 2022,20,571,65881,784,65901,https://worldathletics.org/records/competition-performance-rankings/ranking/612288
784,614619,"Indian U18 Championships, Tatya Tope Stadium, Bhopal",IND,17 SEP 2022,19 SEP 2022,0,,65883,783,65883,https://worldathletics.org/records/competition-performance-rankings/ranking/614619
785,610347,"Lee Invitational, Lee’s Multi-Sport Complex, Cleveland, TN",USA,19 MAR 2022,19 MAR 2022,0,,65876,785,65876,https://worldathletics.org/records/competition-performance-rankings/ranking/610347
786,612700,"Pfingstsportfest - THE BERLIN MEETING, Stadion Lichterfelde, Berlin",GER,04 JUN 2022,05 JUN 2022,10,688,65857,786,65867,https://worldathletics.org/records/competition-performance-rankings/ranking/612700
787,612371,"Kelet Kupa, Gyulai István Atlétika Stadion, Debrecen",HUN,28 MAY 2022,28 MAY 2022,85,329,65748,793,65833,https://worldathletics.org/records/competition-performance-rankings/ranking/612371
788,611708,"Dinamo Zrinjevac Int. Meeting, Sports Park Mladost, Zagreb",CRO,14 MAY 2022,14 MAY 2022,75,350,65754,792,65829,https://worldathletics.org/records/competition-performance-rankings/ranking/611708
789,612075,"Moravian Ch., Vitkovice, Ostrava",CZE,22 MAY 2022,22 MAY 2022,0,,65827,787,65827,https://worldathletics.org/records/competition-performance-rankings/ranking/612075
790,610803,"Cal State LA Twilight Open, Cal State LA Jesse Owens Track, Los Angeles, CA",USA,14 APR 2022,14 APR 2022,0,,65826,788,65826,https://worldathletics.org/records/competition-performance-rankings/ranking/610803
791,613647,"Swan Insurance International All Comers, National Heroes Stadium, Lusaka",ZAM,22 MAY 2022,22 MAY 2022,0,,65821,789,65821,https://worldathletics.org/records/competition-performance-rankings/ranking/613647
792,611598,"Tom Gage Classic, Dornblaser Field - Montana, Missoula, MT",USA,06 MAY 2022,07 MAY 2022,10,688,65803,790,65813,https://worldathletics.org/records/competition-performance-rankings/ranking/611598
793,611711,"Eagle Open, Veterans Memorial Stadium, La Crosse, WI",USA,13 MAY 2022,13 MAY 2022,0,,65765,791,65765,https://worldathletics.org/records/competition-performance-rankings/ranking/611711
794,610716,"Clasico Wilfredo Moux, Toa Baja",PUR,08 APR 2022,09 APR 2022,5,753,65716,795,65721,https://worldathletics.org/records/competition-performance-rankings/ranking/610716
794,615842,"Meeting Meilen, Allmend, Meilen",SUI,02 JUL 2022,02 JUL 2022,0,,65721,794,65721,https://worldathletics.org/records/competition-performance-rankings/ranking/615842
796,611888,"1. kolo I. ligy skupina B, Děčín",CZE,14 MAY 2022,14 MAY 2022,10,688,65706,796,65716,https://worldathletics.org/records/competition-performance-rankings/ranking/611888
797,613889,"Westinghouse Gurkspel, Westinghouse Arena, Västerås",SWE,29 JUL 2022,31 JUL 2022,0,,65691,797,65691,https://worldathletics.org/records/competition-performance-rankings/ranking/613889
798,614054,"Welsh Athletics U20 International, Morfa Stadium, Swansea",GBR,17 AUG 2022,17 AUG 2022,15,620,65674,798,65689,https://worldathletics.org/records/competition-performance-rankings/ranking/614054
799,610867,"Reiwa 4th grade School Competition, Fukuoka University Stadium, Fukuoka",JPN,26 MAR 2022,26 MAR 2022,20,571,65667,799,65687,https://worldathletics.org/records/competition-performance-rankings/ranking/610867
800,611993,"Redlands Final Qualifying Meet, Redlands Ashel Cunningham Track, Redlands, CA",USA,18 MAY 2022,19 MAY 2022,60,388,65626,802,65686,https://worldathletics.org/records/competition-performance-rankings/ranking/611993
801,610938,"Silfen Invitational, Silfen Field&Track, New London, CT",USA,15 APR 2022,16 APR 2022,0,,65659,800,65659,https://worldathletics.org/records/competition-performance-rankings/ranking/610938
801,613505,"CSG Trials Meet, Gordie Howe Sports Complex, Saskatoon",CAN,10 JUN 2022,12 JUN 2022,0,,65659,800,65659,https://worldathletics.org/records/competition-performance-rankings/ranking/613505
803,613379,"SK Cosma Summer Cup, Vingis Park Stadium, Vilnius",LTU,01 JUL 2022,01 JUL 2022,125,276,65530,809,65655,https://worldathletics.org/records/competition-performance-rankings/ranking/613379
804,611912,"Memorial Alberto Pettinella, Stadio Colbachini, Padova",ITA,01 MAY 2022,01 MAY 2022,0,,65611,803,65611,https://worldathletics.org/records/competition-performance-rankings/ranking/611912
804,616325,"Treloar Shield Round 6, SOPAC, Sydney",AUS,26 NOV 2022,26 NOV 2022,5,753,65606,804,65611,https://worldathletics.org/records/competition-performance-rankings/ranking/616325
806,614342,"School Games, Loughborough University Track, Loughborough",GBR,02 SEP 2022,03 SEP 2022,0,,65606,804,65606,https://worldathletics.org/records/competition-performance-rankings/ranking/614342
807,613828,"Häme Games, Peltosaaren yleisurheilukenttä, Riihimäki",FIN,21 JUL 2022,21 JUL 2022,40,460,65556,806,65596,https://worldathletics.org/records/competition-performance-rankings/ranking/613828
808,609880,"International Track Meet, Nga Puna Wai Sports Hub, Christchurch",NZL,26 FEB 2022,26 FEB 2022,205,217,65365,823,65570,https://worldathletics.org/records/competition-performance-rankings/ranking/609880
809,611355,"Al Bortke Open, U. of Mary MDU Resources Community Bowl, Bismarck, ND",USA,09 APR 2022,09 APR 2022,0,,65548,807,65548,https://worldathletics.org/records/competition-performance-rankings/ranking/611355
810,611150,"LR Outdoor Invitational, Moretz Sports Complex, Hickory, NC",USA,23 APR 2022,23 APR 2022,0,,65538,808,65538,https://worldathletics.org/records/competition-performance-rankings/ranking/611150
811,611983,"Xinzhuang Base Permit Meeting, Shanghai",CHN,06 MAY 2022,08 MAY 2022,25,537,65511,812,65536,https://worldathletics.org/records/competition-performance-rankings/ranking/611983
812,612580,"Kringelspelen och Kringelkastet, Södertälje IP, Södertälje",SWE,06 JUN 2022,06 JUN 2022,80,336,65455,816,65535,https://worldathletics.org/records/competition-performance-rankings/ranking/612580
813,611147,"Jim Dutcher Memorial, Papik Field, Crete, NE",USA,21 APR 2022,23 APR 2022,0,,65528,810,65528,https://worldathletics.org/records/competition-performance-rankings/ranking/611147
814,612281,"2. kolo I. ligy skupina B, Liberec",CZE,29 MAY 2022,29 MAY 2022,10,688,65509,813,65519,https://worldathletics.org/records/competition-performance-rankings/ranking/612281
815,617134,"Fukuoka Prefecture Summer Meeting, Hakatanomori Athletic Stadium, Fukuoka",JPN,13 AUG 2022,14 AUG 2022,0,,65513,811,65513,https://worldathletics.org/records/competition-performance-rankings/ranking/617134
816,614422,"Competitie NK Teams - 1e Divisie, Sportpark De Omzoom, Assendelft",NED,11 SEP 2022,11 SEP 2022,160,248,65333,828,65493,https://worldathletics.org/records/competition-performance-rankings/ranking/614422
817,610323,"ESU Spring Invitational, Emporia St. Francis G. Welch Stadium, Emporia, KS",USA,19 MAR 2022,19 MAR 2022,15,620,65476,814,65491,https://worldathletics.org/records/competition-performance-rankings/ranking/610323
818,612214,"Józef Żylewicz Memorial, Stadion GOS, Gdansk",POL,27 MAY 2022,27 MAY 2022,30,500,65432,817,65462,https://worldathletics.org/records/competition-performance-rankings/ranking/612214
819,611366,"Paul Kaiser Classic, Seth Grove Stadium, Shippensburg, PA",USA,30 APR 2022,30 APR 2022,0,,65461,815,65461,https://worldathletics.org/records/competition-performance-rankings/ranking/611366
820,612023,"VII Prueba de confrontacion 2022, Estadio Panamericano, La Habana",CUB,19 MAY 2022,21 MAY 2022,110,292,65345,826,65455,https://worldathletics.org/records/competition-performance-rankings/ranking/612023
821,613731,"Midland Counties Senior & Under 20 Ch., Pingles Stadium, Nuneaton",GBR,18 JUN 2022,19 JUN 2022,0,,65426,818,65426,https://worldathletics.org/records/competition-performance-rankings/ranking/613731
822,613937,"3. kolo Atletickej ligy, Atletický štadión, Martin",SVK,06 AUG 2022,06 AUG 2022,45,440,65366,822,65411,https://worldathletics.org/records/competition-performance-rankings/ranking/613937
823,610965,"Mustang Invitational, Miller& Capriotti Athletics Complex, San Luis Obispo, CA",USA,22 APR 2022,22 APR 2022,0,,65405,819,65405,https://worldathletics.org/records/competition-performance-rankings/ranking/610965
824,611486,"KSU Ward Haylett Invitational, RV Christian Track, Manhattan, KS",USA,06 MAY 2022,07 MAY 2022,10,688,65394,820,65404,https://worldathletics.org/records/competition-performance-rankings/ranking/611486
825,617360,"Tokai Student Spring Tournament, Ryuhoku Stadium, Okazaki",JPN,09 APR 2022,10 APR 2022,0,,65393,821,65393,https://worldathletics.org/records/competition-performance-rankings/ranking/617360
826,612745,"2nd Chukyo University Saturday Competition, Chukyo Univ. Stadium, Toyota",JPN,21 MAY 2022,22 MAY 2022,40,460,65350,825,65390,https://worldathletics.org/records/competition-performance-rankings/ranking/612745
827,612429,"Cup of Uzbekistan, Tashkent",UZB,27 MAY 2022,28 MAY 2022,50,419,65328,829,65378,https://worldathletics.org/records/competition-performance-rankings/ranking/612429
828,614439,"South Zone U20 Championships, Mangalagiri",IND,09 SEP 2022,11 SEP 2022,0,,65351,824,65351,https://worldathletics.org/records/competition-performance-rankings/ranking/614439
829,611327,"Harding NextEra Energy Bison Open, Ted Lloyd Track, Searcy, AR",USA,08 APR 2022,09 APR 2022,0,,65336,827,65336,https://worldathletics.org/records/competition-performance-rankings/ranking/611327
830,615477,"IUAA Outdoor Championships, South Sports Campus, Carlow",IRL,08 APR 2022,09 APR 2022,0,,65306,830,65306,https://worldathletics.org/records/competition-performance-rankings/ranking/615477
831,611349,"WWU Ralph Vernacchia Invitational, Civic Stadium, Bellingham, WA",USA,30 APR 2022,30 APR 2022,5,753,65299,832,65304,https://worldathletics.org/records/competition-performance-rankings/ranking/611349
832,610654,"Whitworth Peace Meet, Puryear Field at the Pine Bowl/Boppell Track, Spokane, WA",USA,08 APR 2022,08 APR 2022,0,,65300,831,65300,https://worldathletics.org/records/competition-performance-rankings/ranking/610654
833,613273,"Meeting de Dakar, Dakar",SEN,25 JUN 2022,25 JUN 2022,90,320,65198,840,65288,https://worldathletics.org/records/competition-performance-rankings/ranking/613273
834,611966,"MIT Final Qualifier, MIT Sherie and Don Morrison Track, Cambridge, MA",USA,19 MAY 2022,19 MAY 2022,0,,65280,833,65280,https://worldathletics.org/records/competition-performance-rankings/ranking/611966
835,613533,"BW Leichtathletik Jugend Finals, Waldstadion, Walldorf",GER,25 JUN 2022,26 JUN 2022,10,688,65255,835,65265,https://worldathletics.org/records/competition-performance-rankings/ranking/613533
835,613466,"Competitie 1e Divisie Poule 2 R3, AV Spado, Bergen op Zoom",NED,03 JUL 2022,03 JUL 2022,5,753,65260,834,65265,https://worldathletics.org/records/competition-performance-rankings/ranking/613466
837,610889,"Dennis Craddock Coaches Invitational, Shellenberger Field & Dr. Jack M. Toms Track, Lynchburg, VA",USA,15 APR 2022,16 APR 2022,5,753,65246,836,65251,https://worldathletics.org/records/competition-performance-rankings/ranking/610889
838,617551,"Vacation Meeting, Stadion Zygmunta Szelesta, Warszawa",POL,09 JUL 2022,09 JUL 2022,10,688,65233,837,65243,https://worldathletics.org/records/competition-performance-rankings/ranking/617551
839,614154,"4. kolo I. ligy skupina C, Breclav",CZE,20 AUG 2022,20 AUG 2022,0,,65225,838,65225,https://worldathletics.org/records/competition-performance-rankings/ranking/614154
840,615083,"Championnat de France des clubs, Stade Fernand Bonnieu, Montélimar",FRA,22 MAY 2022,22 MAY 2022,120,282,65091,850,65211,https://worldathletics.org/records/competition-performance-rankings/ranking/615083
841,611373,"Lion's Invitational, TCNJ Track & Field Complex, Trenton, NJ",USA,29 APR 2022,30 APR 2022,10,688,65192,841,65202,https://worldathletics.org/records/competition-performance-rankings/ranking/611373
842,615003,"Sakura Memorial East-West Inter-School Women's Sprint Cup, Gion Stadium, Machida",JPN,23 MAR 2022,23 MAR 2022,0,,65200,839,65200,https://worldathletics.org/records/competition-performance-rankings/ranking/615003
843,611946,"Delhi State Championships, Jawaharlal Nehru Stadium, New Delhi",IND,12 MAY 2022,15 MAY 2022,0,,65181,842,65181,https://worldathletics.org/records/competition-performance-rankings/ranking/611946
844,613323,"2eme Meeting Inter clubs, Stade omnisports Ahmadou Ahidjo, Yaoundé",CMR,30 APR 2022,01 MAY 2022,10,688,65165,844,65175,https://worldathletics.org/records/competition-performance-rankings/ranking/613323
844,613567,"Croatian U20 Championships, Sports Park Mladost, Zagreb",CRO,09 JUL 2022,10 JUL 2022,5,753,65170,843,65175,https://worldathletics.org/records/competition-performance-rankings/ranking/613567
846,613715,"4ème Meeting Fédéral, Complexe Sportif Prince Moulay Abdellah, Rabat",MAR,03 JUL 2022,03 JUL 2022,0,,65162,845,65162,https://worldathletics.org/records/competition-performance-rankings/ranking/613715
847,613368,"International U18 Four Countries Match, Bregyó Athletic Center, Székesfehérvár",HUN,29 JUN 2022,29 JUN 2022,0,,65152,846,65152,https://worldathletics.org/records/competition-performance-rankings/ranking/613368
848,612803,"Championnats LARGE, Stade Raymond Petit, Tomblaine",FRA,12 JUN 2022,12 JUN 2022,0,,65144,847,65144,https://worldathletics.org/records/competition-performance-rankings/ranking/612803
849,612258,"2. kolo I. ligy skupina C, Olomouc",CZE,28 MAY 2022,28 MAY 2022,0,,65132,848,65132,https://worldathletics.org/records/competition-performance-rankings/ranking/612258
850,609495,"All Comers Meet, National Heroes Stadium, Lusaka",ZAM,12 FEB 2022,12 FEB 2022,5,753,65114,849,65119,https://worldathletics.org/records/competition-performance-rankings/ranking/609495
851,614775,"Italian Club Ch. - Final B, Stadio Comunale Emilio Colombo-Gaetano Gianetti, Saronno",ITA,17 SEP 2022,18 SEP 2022,15,620,65054,852,65069,https://worldathletics.org/records/competition-performance-rankings/ranking/614775
852,610903,"Jim Duncan Invitational, Drake Stadium, Des Moines, IA",USA,15 APR 2022,15 APR 2022,5,753,65055,851,65060,https://worldathletics.org/records/competition-performance-rankings/ranking/610903
853,614077,"4. kolo I. ligy skupina A, Strahov, Praha",CZE,20 AUG 2022,20 AUG 2022,0,,65028,853,65028,https://worldathletics.org/records/competition-performance-rankings/ranking/614077
854,613025,"Slovenian U18 Championships, Mestni stadion, Ptuj",SLO,18 JUN 2022,19 JUN 2022,0,,65022,854,65022,https://worldathletics.org/records/competition-performance-rankings/ranking/613025
854,613286,"Régionaux CA à SE, Stade Louis II, Monaco",MON,25 JUN 2022,26 JUN 2022,25,537,64997,859,65022,https://worldathletics.org/records/competition-performance-rankings/ranking/613286
856,614957,"9th Juntendo University Competition, Juntendo University Stadium, Inzai",JPN,24 SEP 2022,24 SEP 2022,0,,65020,855,65020,https://worldathletics.org/records/competition-performance-rankings/ranking/614957
857,611140,"Holy Cross Invitational, Hart Turf T&F, Worcester, MA",USA,23 APR 2022,23 APR 2022,0,,65018,856,65018,https://worldathletics.org/records/competition-performance-rankings/ranking/611140
858,611911,"CSU Pueblo Last Chance Invite, CSU - Neta and Eddie DeRose Thunderbowl, Pueblo, CO",USA,15 MAY 2022,15 MAY 2022,0,,65011,857,65011,https://worldathletics.org/records/competition-performance-rankings/ranking/611911
859,610158,"Indian Grand Prix, Thiruvanthapuram",IND,13 MAR 2022,13 MAR 2022,25,537,64980,860,65005,https://worldathletics.org/records/competition-performance-rankings/ranking/610158
860,609273,"Darren Thrupp Shield, QSAC State Athletics Facility, Nathan, Brisbane",AUS,05 FEB 2022,05 FEB 2022,0,,65001,858,65001,https://worldathletics.org/records/competition-performance-rankings/ranking/609273
861,611243,"Spanish Club Championships, Nerja",ESP,30 APR 2022,30 APR 2022,20,571,64962,862,64982,https://worldathletics.org/records/competition-performance-rankings/ranking/611243
862,615882,"5th Tsukuba Grand Tournament, University Stadium, Tsukuba",JPN,15 OCT 2022,15 OCT 2022,0,,64978,861,64978,https://worldathletics.org/records/competition-performance-rankings/ranking/615882
863,618073,"1st Chukyo University Saturday Competition, Chukyo Univ. Stadium, Toyota",JPN,23 APR 2022,24 APR 2022,15,620,64960,863,64975,https://worldathletics.org/records/competition-performance-rankings/ranking/618073
864,612634,"M Mas U20/U18 2. kolo, Vitkovice, Ostrava",CZE,05 JUN 2022,05 JUN 2022,0,,64950,864,64950,https://worldathletics.org/records/competition-performance-rankings/ranking/612634
865,610741,"2nd Fukuoka University Spring Record Meeting, Fukuoka University Stadium, Fukuoka",JPN,20 MAR 2022,20 MAR 2022,25,537,64914,867,64939,https://worldathletics.org/records/competition-performance-rankings/ranking/610741
866,613418,"Meeting de Bron, Stade Pierre Duboeuf, Bron",FRA,30 JUN 2022,30 JUN 2022,15,620,64911,868,64926,https://worldathletics.org/records/competition-performance-rankings/ranking/613418
867,615260,"4th Nara City Record Meeting, Konoike Athletics Stadium, Nara",JPN,25 SEP 2022,25 SEP 2022,0,,64918,865,64918,https://worldathletics.org/records/competition-performance-rankings/ranking/615260
868,610540,"CSUN Invitational, CSU Northridge, Northridge, CA",USA,01 APR 2022,02 APR 2022,0,,64917,866,64917,https://worldathletics.org/records/competition-performance-rankings/ranking/610540
869,613495,"Encuentro Diputación de Cáceres, Cáceres",ESP,29 JUN 2022,29 JUN 2022,55,398,64843,870,64898,https://worldathletics.org/records/competition-performance-rankings/ranking/613495
870,610403,"Grand Prix International CAA de Douala, Stade de la Réunification de Bepanda, Douala",CMR,27 MAR 2022,27 MAR 2022,5,753,64876,869,64881,https://worldathletics.org/records/competition-performance-rankings/ranking/610403
871,612058,"Indian Grand Prix, Bhubaneshwar",IND,21 MAY 2022,21 MAY 2022,65,379,64770,874,64835,https://worldathletics.org/records/competition-performance-rankings/ranking/612058
872,611945,"Open Season Competition, Znamenskikh Stadion, Moskva",RUS,11 MAY 2022,12 MAY 2022,10,688,64815,871,64825,https://worldathletics.org/records/competition-performance-rankings/ranking/611945
873,617413,"2nd Grand Tournament, Nansho Gakuen Stadium, Osaka",JPN,04 JUN 2022,05 JUN 2022,0,,64806,872,64806,https://worldathletics.org/records/competition-performance-rankings/ranking/617413
874,614863,"1st Miyazaki Rikukyo Meeting, Municipal Stadium, Miyazaki",JPN,11 AUG 2022,11 AUG 2022,0,,64798,873,64798,https://worldathletics.org/records/competition-performance-rankings/ranking/614863
875,610409,"Team 4 Titus and Ely Invite, Concordia University Eagles Field, Irvine, CA",USA,26 MAR 2022,26 MAR 2022,30,500,64747,875,64777,https://worldathletics.org/records/competition-performance-rankings/ranking/610409
876,614158,"EAP - Malta International Meet, Marsa Athletics Track, Marsa",MLT,16 JUL 2022,16 JUL 2022,35,477,64724,876,64759,https://worldathletics.org/records/competition-performance-rankings/ranking/614158
877,611901,"Troféu Norte-Nordeste, Recifé",BRA,14 MAY 2022,15 MAY 2022,5,753,64722,877,64727,https://worldathletics.org/records/competition-performance-rankings/ranking/611901
878,612607,"Paulista Open, COTP Stadium, São Paulo",BRA,04 JUN 2022,04 JUN 2022,90,320,64634,893,64724,https://worldathletics.org/records/competition-performance-rankings/ranking/612607
879,609768,"Garry Brown Shield, QSAC State Athletics Facility, Nathan, Brisbane",AUS,19 FEB 2022,19 FEB 2022,5,753,64715,878,64720,https://worldathletics.org/records/competition-performance-rankings/ranking/609768
880,616232,"Tjalvelekene, Bislett Stadion, Oslo",NOR,27 MAY 2022,29 MAY 2022,5,753,64714,879,64719,https://worldathletics.org/records/competition-performance-rankings/ranking/616232
881,615160,"57th Kyoto Prefectural HS Spring Competition, Municipal Nishikyogoku Stadium, Kyoto",JPN,10 APR 2022,10 APR 2022,0,,64714,879,64714,https://worldathletics.org/records/competition-performance-rankings/ranking/615160
882,612823,"Beskidianathletic Meeting, Stadion Sprint, Bielsko-Biala",POL,04 JUN 2022,04 JUN 2022,10,688,64699,882,64709,https://worldathletics.org/records/competition-performance-rankings/ranking/612823
883,612566,"1st Kyushu Kyoritsu University Challenge Competition, Kyushu Kyoritsu University Stadium, Kitakyushu",JPN,09 APR 2022,09 APR 2022,0,,64700,881,64700,https://worldathletics.org/records/competition-performance-rankings/ranking/612566
884,612827,"Regional Meeting, Stadion Zygmunta Szelesta, Warszawa",POL,11 JUN 2022,12 JUN 2022,5,753,64694,883,64699,https://worldathletics.org/records/competition-performance-rankings/ranking/612827
885,611641,"SUNYAC Outdoor Championships, Eunice Kennedy Shriver Stadium, Brockport, NY",USA,06 MAY 2022,07 MAY 2022,0,,64694,883,64694,https://worldathletics.org/records/competition-performance-rankings/ranking/611641
886,610447,"Navy Spring Invitational, U.S. Naval Academy, Annapolis, MD",USA,26 MAR 2022,26 MAR 2022,0,,64692,885,64692,https://worldathletics.org/records/competition-performance-rankings/ranking/610447
887,612957,"20. MTV Meet-IN, MTV Stadion, Ingolstadt",GER,16 JUN 2022,16 JUN 2022,65,379,64614,895,64679,https://worldathletics.org/records/competition-performance-rankings/ranking/612957
888,615280,"Rhodes Invitational, Rhodes College, Memphis, TN",USA,18 MAR 2022,19 MAR 2022,5,753,64673,887,64678,https://worldathletics.org/records/competition-performance-rankings/ranking/615280
889,610722,"Mt. SAC Relays - Community College, Hilmer Lodge Stadium, Walnut, CA",USA,09 APR 2022,09 APR 2022,0,,64677,886,64677,https://worldathletics.org/records/competition-performance-rankings/ranking/610722
890,613514,"USATF National Club T&F Ch. & NJ International, OceanFirst Bank Center, West Long Branch, NJ",USA,01 JUL 2022,02 JUL 2022,30,500,64635,892,64665,https://worldathletics.org/records/competition-performance-rankings/ranking/613514
891,610868,"Embry-Riddle Spike's Classic, Spruce Creek HS Track, Port Orange, FL",USA,31 MAR 2022,02 APR 2022,0,,64662,888,64662,https://worldathletics.org/records/competition-performance-rankings/ranking/610868
892,613673,"Aluemestaruuskilpailut, Peltosaaren yleisurheilukenttä, Riihimäki",FIN,12 JUL 2022,13 JUL 2022,5,753,64653,889,64658,https://worldathletics.org/records/competition-performance-rankings/ranking/613673
893,614860,"4th University of Tsukuba Competition, University Stadium, Tsukuba",JPN,06 AUG 2022,07 AUG 2022,0,,64652,890,64652,https://worldathletics.org/records/competition-performance-rankings/ranking/614860
894,609595,"JAAA Puma Development Series 2.4, GC Foster College, Spanish Town",JAM,19 FEB 2022,19 FEB 2022,0,,64643,891,64643,https://worldathletics.org/records/competition-performance-rankings/ranking/609595
895,613831,"Tofalia International Meeting, Pampeloponnisiako Stadium, Patra",GRE,24 JUL 2022,24 JUL 2022,75,350,64560,902,64635,https://worldathletics.org/records/competition-performance-rankings/ranking/613831
896,614659,"XXXI Meeting Citta' Di Conegliano, Stadio Narciso Soldan, Conegliano",ITA,11 JUN 2022,11 JUN 2022,145,262,64480,909,64625,https://worldathletics.org/records/competition-performance-rankings/ranking/614659
897,614056,"Zdzisław Krzyszkowiak National Meeting, Stadion Miejski, Walcz",POL,10 AUG 2022,10 AUG 2022,0,,64623,894,64623,https://worldathletics.org/records/competition-performance-rankings/ranking/614056
898,610402,"Emory Thrills In The Hills, Emory Woodruff Physical Education Center, Atlanta, GA",USA,25 MAR 2022,26 MAR 2022,0,,64591,896,64591,https://worldathletics.org/records/competition-performance-rankings/ranking/610402
899,614302,"Hebei Olympic Center Base Permit Meeting, Hebei Olympic Sports Center, Qinhuangdao",CHN,15 AUG 2022,15 AUG 2022,15,620,64564,899,64579,https://worldathletics.org/records/competition-performance-rankings/ranking/614302
900,617387,"Kumagaya City Spring Record Meeting, Prefectural Stadium, Kumagaya",JPN,03 MAY 2022,03 MAY 2022,0,,64571,897,64571,https://worldathletics.org/records/competition-performance-rankings/ranking/617387
901,610103,"Mississippi College Season Opener, Parkman Track, Clinton, MS",USA,05 MAR 2022,05 MAR 2022,0,,64570,898,64570,https://worldathletics.org/records/competition-performance-rankings/ranking/610103
902,617389,"76th Hyogo Prefectural Athletic Tournament, Universiade Commemorative Stadium, Kobe",JPN,03 MAY 2022,03 MAY 2022,5,753,64562,900,64567,https://worldathletics.org/records/competition-performance-rankings/ranking/617389
903,614052,"NXTCHAMP Invitational, Track and Field Centre Outdoor Track, Toronto",CAN,18 JUN 2022,19 JUN 2022,0,,64561,901,64561,https://worldathletics.org/records/competition-performance-rankings/ranking/614052
904,613704,"Irish U23 Championships, Tullamore Harriers AC Stadium, Tullamore",IRL,17 JUL 2022,17 JUL 2022,5,753,64536,903,64541,https://worldathletics.org/records/competition-performance-rankings/ranking/613704
905,612209,"1st Nara City Record Meeting, Konoike Athletics Stadium, Nara",JPN,17 APR 2022,17 APR 2022,0,,64531,904,64531,https://worldathletics.org/records/competition-performance-rankings/ranking/612209
905,612775,"Liga Joma de Clubes, Estadi Olímpic Camilo Cano, La Nucia",ESP,12 JUN 2022,12 JUN 2022,15,620,64516,906,64531,https://worldathletics.org/records/competition-performance-rankings/ranking/612775
907,609947,"Rossi Relays, Burns Track Complex - Claremont Mudd Scripps, Claremont, CA",USA,26 FEB 2022,26 FEB 2022,0,,64526,905,64526,https://worldathletics.org/records/competition-performance-rankings/ranking/609947
908,611291,"Ch. de Belgique Universitaires, Piste Olympique Adeps de Jambes, Jambes",BEL,01 MAY 2022,01 MAY 2022,25,537,64488,908,64513,https://worldathletics.org/records/competition-performance-rankings/ranking/611291
909,611065,"Lindenwood Dick Cohran Invite, Lindenwood Track, St. Charles, MO",USA,22 APR 2022,23 APR 2022,15,620,64491,907,64506,https://worldathletics.org/records/competition-performance-rankings/ranking/611065
910,613437,"Slovenian U20 Championships, Športni park, Nova Gorica",SLO,02 JUL 2022,03 JUL 2022,10,688,64474,910,64484,https://worldathletics.org/records/competition-performance-rankings/ranking/613437
911,613620,"National Athletics League - Ch., King's Park Athletics Centre, Bournemouth",GBR,02 JUL 2022,02 JUL 2022,15,620,64451,911,64466,https://worldathletics.org/records/competition-performance-rankings/ranking/613620
912,610730,"Utah Spring Classic, McCarthy Track & Field Complex, Salt Lake City, UT",USA,09 APR 2022,09 APR 2022,0,,64437,912,64437,https://worldathletics.org/records/competition-performance-rankings/ranking/610730
913,611372,"St. Thomas Tommie Twilight, St. Thomas O'Shaughnessy Stadium, St. Paul, Minneapolis, MN",USA,04 MAY 2022,04 MAY 2022,30,500,64372,914,64402,https://worldathletics.org/records/competition-performance-rankings/ranking/611372
914,614654,"Summer Games, Municipal Nishikyogoku Stadium, Kyoto",JPN,23 JUL 2022,23 JUL 2022,0,,64392,913,64392,https://worldathletics.org/records/competition-performance-rankings/ranking/614654
915,612593,"Campeonato de Euskadi, Durango",ESP,04 JUN 2022,05 JUN 2022,10,688,64347,915,64357,https://worldathletics.org/records/competition-performance-rankings/ranking/612593
916,613415,"Meeting National à thème d'Halluin, Athlétisme St-Wanquet, Halluin",FRA,29 JUN 2022,29 JUN 2022,30,500,64309,918,64339,https://worldathletics.org/records/competition-performance-rankings/ranking/613415
917,614013,"Abendmeeting, Sportanlage Wisacher, Regensdorf",SUI,13 AUG 2022,13 AUG 2022,10,688,64325,916,64335,https://worldathletics.org/records/competition-performance-rankings/ranking/614013
918,617101,"Glynis Nunn Shield, QSAC State Athletics Facility, Nathan, Brisbane",AUS,17 DEC 2022,18 DEC 2022,10,688,64321,917,64331,https://worldathletics.org/records/competition-performance-rankings/ranking/617101
919,611234,"Spanish Club Championships, San Sebastián",ESP,30 APR 2022,30 APR 2022,10,688,64295,919,64305,https://worldathletics.org/records/competition-performance-rankings/ranking/611234
920,615510,"5th Chukyo University Saturday Competition, Chukyo Univ. Stadium, Toyota",JPN,17 SEP 2022,18 SEP 2022,5,753,64223,920,64228,https://worldathletics.org/records/competition-performance-rankings/ranking/615510
921,615832,"214th Tokai University Long Distance Competition, Athletics Stadium, Hadano",JPN,08 OCT 2022,08 OCT 2022,0,,64217,921,64217,https://worldathletics.org/records/competition-performance-rankings/ranking/615832
922,611137,"1st Western Monthly Competition, Prefectural Shizuoka Stadium, Fukuroi",JPN,02 APR 2022,03 APR 2022,0,,64206,922,64206,https://worldathletics.org/records/competition-performance-rankings/ranking/611137
923,616079,"6th Tsukuba Grand Tournament, University Stadium, Tsukuba",JPN,05 NOV 2022,06 NOV 2022,0,,64202,923,64202,https://worldathletics.org/records/competition-performance-rankings/ranking/616079
924,614707,"The Orange County Classic, JSerra Catholic HS, San Juan Capistrano, CA",USA,07 MAY 2022,07 MAY 2022,530,113,63669,964,64199,https://worldathletics.org/records/competition-performance-rankings/ranking/614707
925,610910,"Moravian Greyhound Invitationa, Timothy Breidegam Track & Rocco Calvo Field, Bethlehem, PA",USA,15 APR 2022,15 APR 2022,0,,64191,924,64191,https://worldathletics.org/records/competition-performance-rankings/ranking/610910
926,610824,"Cactus Cup, Javelina Stadium, Kingsville, TX",USA,15 APR 2022,15 APR 2022,0,,64186,925,64186,https://worldathletics.org/records/competition-performance-rankings/ranking/610824
927,610853,"1st Juntendo University Competition, Juntendo University Stadium, Inzai",JPN,02 APR 2022,02 APR 2022,0,,64181,926,64181,https://worldathletics.org/records/competition-performance-rankings/ranking/610853
928,611564,"Regional Meeting, Golęcin Stadion, Poznan",POL,07 MAY 2022,07 MAY 2022,10,688,64159,927,64169,https://worldathletics.org/records/competition-performance-rankings/ranking/611564
929,613621,"National Athletics League - Ch., Ridlins Wood Athletics Track, Stevenage",GBR,02 JUL 2022,02 JUL 2022,25,537,64122,928,64147,https://worldathletics.org/records/competition-performance-rankings/ranking/613621
930,613184,"13. Međunarodni Atletski Miting, Stadion Kamberovića polje, Zenica",BIH,08 JUN 2022,08 JUN 2022,130,272,63976,936,64106,https://worldathletics.org/records/competition-performance-rankings/ranking/613184
931,613997,"Irish Life Health AAI League Final, Tullamore Harriers AC Stadium, Tullamore",IRL,14 AUG 2022,14 AUG 2022,0,,64085,929,64085,https://worldathletics.org/records/competition-performance-rankings/ranking/613997
932,612829,"Regional Meeting, Golęcin Stadion, Poznan",POL,11 JUN 2022,12 JUN 2022,0,,64070,930,64070,https://worldathletics.org/records/competition-performance-rankings/ranking/612829
933,614640,"Belgian U20 Championships, Sportcentrum Wembley, Kortrijk",BEL,18 SEP 2022,18 SEP 2022,0,,64030,931,64030,https://worldathletics.org/records/competition-performance-rankings/ranking/614640
934,613720,"Centennial Outdoor Championships, Floy Lewis Bakes Ctr. Ursinus Coll., Collegeville, PA",USA,06 MAY 2022,08 MAY 2022,0,,64027,932,64027,https://worldathletics.org/records/competition-performance-rankings/ranking/613720
935,614576,"SM Team / CS de team, Stade du Littoral, Colombier",SUI,17 SEP 2022,17 SEP 2022,25,537,63992,935,64017,https://worldathletics.org/records/competition-performance-rankings/ranking/614576
936,612145,"Calgary Spring Challenge, Foothills Athletic Park, Calgary",CAN,14 MAY 2022,15 MAY 2022,5,753,64010,933,64015,https://worldathletics.org/records/competition-performance-rankings/ranking/612145
937,611342,"Sri Lankan Championships, Diyagama",SRI,23 APR 2022,23 APR 2022,15,620,63995,934,64010,https://worldathletics.org/records/competition-performance-rankings/ranking/611342
938,614542,"75th All Kyushu Intercity Competition, Gotaiten Memorial Field, Omuta",JPN,10 APR 2022,10 APR 2022,5,753,63947,937,63952,https://worldathletics.org/records/competition-performance-rankings/ranking/614542
939,612740,"IX Prueba de confrontacion 2022, Estadio Panamericano, La Habana",CUB,10 JUN 2022,10 JUN 2022,50,419,63887,940,63937,https://worldathletics.org/records/competition-performance-rankings/ranking/612740
940,617928,"Fukuoka Prefectural High School Tournament, Honjo Athletic Stadium, Kitakyushu",JPN,13 MAY 2022,15 MAY 2022,0,,63929,938,63929,https://worldathletics.org/records/competition-performance-rankings/ranking/617928
941,614029,"South of England U13/15/17 Ch., Chelmsford Sport And Athletics Centre Melbourne Park, Chelmsford",GBR,13 AUG 2022,14 AUG 2022,0,,63928,939,63928,https://worldathletics.org/records/competition-performance-rankings/ranking/614029
942,611879,"Mid Summer Track Night 2022, LAZ Wien, Wien",AUT,14 MAY 2022,14 MAY 2022,40,460,63881,941,63921,https://worldathletics.org/records/competition-performance-rankings/ranking/611879
943,614365,"DM Hold, Odense Atletik Stadion, Odense",DEN,03 SEP 2022,03 SEP 2022,145,262,63747,955,63892,https://worldathletics.org/records/competition-performance-rankings/ranking/614365
944,615720,"ArgeAlp Leichtathletik, ULSZ Hallein-Rif, Hallein",AUT,24 SEP 2022,25 SEP 2022,30,500,63843,944,63873,https://worldathletics.org/records/competition-performance-rankings/ranking/615720
945,614732,"Czech U18 Club Championships, Atletický stadion města Plzně, Plzeň",CZE,25 SEP 2022,25 SEP 2022,0,,63864,942,63864,https://worldathletics.org/records/competition-performance-rankings/ranking/614732
946,612124,"4th ACAN Athletics Competition, Gateway International Stadium, Sagamu",NGR,20 MAY 2022,20 MAY 2022,0,,63862,943,63862,https://worldathletics.org/records/competition-performance-rankings/ranking/612124
947,612912,"29. midsommar - Charlottenburger-Mittsommernacht, Mommsenstadion, Berlin",GER,15 JUN 2022,15 JUN 2022,5,753,63835,946,63840,https://worldathletics.org/records/competition-performance-rankings/ranking/612912
948,612454,"Irish Life Health Irish Schools Championships, Tullamore Harriers AC Stadium, Tullamore",IRL,04 JUN 2022,04 JUN 2022,0,,63837,945,63837,https://worldathletics.org/records/competition-performance-rankings/ranking/612454
949,610719,"Campionat de Catalunya de Clubs, Santa Coloma de Gramenet",ESP,10 APR 2022,10 APR 2022,0,,63833,947,63833,https://worldathletics.org/records/competition-performance-rankings/ranking/610719
950,614318,"6. Atlétika U20 és U18 Liga Döntő, Olimpiai Sportpark, Győr",HUN,03 SEP 2022,04 SEP 2022,0,,63821,948,63821,https://worldathletics.org/records/competition-performance-rankings/ranking/614318
950,614650,"Slovak U16/U23 Championships, Atletický štadión TU, Košice",SVK,17 SEP 2022,18 SEP 2022,0,,63821,948,63821,https://worldathletics.org/records/competition-performance-rankings/ranking/614650
952,613546,"Meeting de la Gruyère, Stade Bouleyres, Bulle",SUI,09 JUL 2022,09 JUL 2022,15,620,63804,951,63819,https://worldathletics.org/records/competition-performance-rankings/ranking/613546
953,613084,"Championnats régionaux, Stade Municipal, Mayenne",FRA,18 JUN 2022,19 JUN 2022,15,620,63798,952,63813,https://worldathletics.org/records/competition-performance-rankings/ranking/613084
954,611690,"1. kolo Mistrovství MaS U20/U18, Atletický stadion za parkem Vyškov, Vyškov",CZE,07 MAY 2022,07 MAY 2022,0,,63808,950,63808,https://worldathletics.org/records/competition-performance-rankings/ranking/611690
955,615734,"47th Kansai Four Universities Competition, Biwako-Kusatsu Campus, Kusatsu",JPN,23 OCT 2022,23 OCT 2022,0,,63793,953,63793,https://worldathletics.org/records/competition-performance-rankings/ranking/615734
956,611654,"Appalachian Athletic Conference, Kermit Tipton Stadium and Sydney Smallwood T&FComplex, Johnson City, TN",USA,23 APR 2022,24 APR 2022,0,,63778,954,63778,https://worldathletics.org/records/competition-performance-rankings/ranking/611654
957,613147,"Foote Field Open, Foote Field, Edmonton",CAN,17 JUN 2022,19 JUN 2022,5,753,63745,956,63750,https://worldathletics.org/records/competition-performance-rankings/ranking/613147
958,611212,"UW Whitewater Drake Alternative, UW - Rex Foster at Fiskum Field, Whitewater, WI",USA,29 APR 2022,29 APR 2022,0,,63742,957,63742,https://worldathletics.org/records/competition-performance-rankings/ranking/611212
958,614981,"Coupe de France, Stade Jean Leroi, Blois",FRA,08 OCT 2022,09 OCT 2022,65,379,63677,962,63742,https://worldathletics.org/records/competition-performance-rankings/ranking/614981
960,613702,"Irish U20 Championships, Tullamore Harriers AC Stadium, Tullamore",IRL,17 JUL 2022,17 JUL 2022,0,,63734,958,63734,https://worldathletics.org/records/competition-performance-rankings/ranking/613702
961,611240,"Spanish Club Championships, Soria",ESP,30 APR 2022,30 APR 2022,5,753,63721,959,63726,https://worldathletics.org/records/competition-performance-rankings/ranking/611240
962,609512,"AVSL Round 10, Lakeside Stadium, Melbourne",AUS,12 FEB 2022,12 FEB 2022,0,,63719,960,63719,https://worldathletics.org/records/competition-performance-rankings/ranking/609512
963,611785,"Portland Distance Carnival, Portland, OR",USA,14 MAY 2022,14 MAY 2022,0,,63717,961,63717,https://worldathletics.org/records/competition-performance-rankings/ranking/611785
964,611634,"Jack Shaw Invitational, Western Michigan University, Kalamazoo, MI",USA,29 APR 2022,30 APR 2022,0,,63673,963,63673,https://worldathletics.org/records/competition-performance-rankings/ranking/611634
965,610907,"UMASS Outdoor Invitational, University of Masschusetts, Amherst, MA",USA,16 APR 2022,16 APR 2022,0,,63659,965,63659,https://worldathletics.org/records/competition-performance-rankings/ranking/610907
966,613987,"Lions Twilight Meet #9, Terry Fox AF, Ottawa",CAN,20 JUL 2022,20 JUL 2022,0,,63646,966,63646,https://worldathletics.org/records/competition-performance-rankings/ranking/613987
967,614262,"Rieter mítink, Ustí Nad Orlicí",CZE,30 AUG 2022,30 AUG 2022,370,148,63264,994,63634,https://worldathletics.org/records/competition-performance-rankings/ranking/614262
968,614171,"OZB Ch., Sportanlage Kellen, Tübach",SUI,20 AUG 2022,21 AUG 2022,5,753,63622,967,63627,https://worldathletics.org/records/competition-performance-rankings/ranking/614171
969,612387,"11th Nikos Zahariadis Memorial, Kaftanzoglio warm-up track, Thessaloniki",GRE,28 MAY 2022,28 MAY 2022,0,,63605,968,63605,https://worldathletics.org/records/competition-performance-rankings/ranking/612387
970,611340,"Yale Springtime Invitational, Yale Dewitt Cuyler Field, New Haven, CT",USA,01 MAY 2022,01 MAY 2022,0,,63598,969,63598,https://worldathletics.org/records/competition-performance-rankings/ranking/611340
971,614841,"13th Keio University vs. Doshisha University Competition, Keio Univ. Hiyoshi Athletics Field, Yokohama",JPN,31 JUL 2022,31 JUL 2022,0,,63580,970,63580,https://worldathletics.org/records/competition-performance-rankings/ranking/614841
972,610421,"The Adidas Trojan Challenge, Ray McDonald, Sr., Track Complex, Mount Olive, NC",USA,26 MAR 2022,26 MAR 2022,0,,63578,971,63578,https://worldathletics.org/records/competition-performance-rankings/ranking/610421
973,613785,"Aluemestaruuskisat MN, MN17, läntinen alue, Kaarlen kenttä, Vaasa",FIN,23 JUL 2022,24 JUL 2022,25,537,63549,973,63574,https://worldathletics.org/records/competition-performance-rankings/ranking/613785
974,612835,"Offene TG/SH Einkampfmeisterschaften, Kleine Allmend, Frauenfeld",SUI,11 JUN 2022,12 JUN 2022,5,753,63557,972,63562,https://worldathletics.org/records/competition-performance-rankings/ranking/612835
975,613320,"Fuzhou Base Permit Meetin, Fuzhou",CHN,29 APR 2022,30 APR 2022,5,753,63548,974,63553,https://worldathletics.org/records/competition-performance-rankings/ranking/613320
976,614776,"Omuta Challenge Games, Gotaiten Memorial Field, Omuta",JPN,17 JUL 2022,17 JUL 2022,0,,63525,975,63525,https://worldathletics.org/records/competition-performance-rankings/ranking/614776
977,614036,"DM-JDM-UDM, Uppsalaspelen, Uppsala Friidrottsarena, Uppsala",SWE,13 AUG 2022,14 AUG 2022,15,620,63499,976,63514,https://worldathletics.org/records/competition-performance-rankings/ranking/614036
978,610637,"Dave Labor Slippery Rock Inv., Mihalik-Thompson Stadium, Slippery Rock, PA",USA,02 APR 2022,02 APR 2022,0,,63496,977,63496,https://worldathletics.org/records/competition-performance-rankings/ranking/610637
979,612287,"Trofeo Ana Pérez, Valladolid",ESP,28 MAY 2022,28 MAY 2022,55,398,63408,981,63463,https://worldathletics.org/records/competition-performance-rankings/ranking/612287
980,610614,"Washington University Invite, Francis Field, St. Louis",USA,02 APR 2022,02 APR 2022,0,,63456,978,63456,https://worldathletics.org/records/competition-performance-rankings/ranking/610614
981,611950,"Jay Carisella Coaches Invite, Solomon Track & Field Facility, Dedham, MA",USA,22 APR 2022,22 APR 2022,5,753,63425,980,63430,https://worldathletics.org/records/competition-performance-rankings/ranking/611950
981,614360,"Iran Athletics Clubs League, Tehran",IRI,31 AUG 2022,01 SEP 2022,0,,63430,979,63430,https://worldathletics.org/records/competition-performance-rankings/ranking/614360
983,611626,"Portuguese University Championships, Beja",POR,07 MAY 2022,08 MAY 2022,5,753,63396,983,63401,https://worldathletics.org/records/competition-performance-rankings/ranking/611626
983,611914,"Germeringer Leichtathletik-Meeting, Stadion des SV Germering, Germering",GER,14 MAY 2022,14 MAY 2022,0,,63401,982,63401,https://worldathletics.org/records/competition-performance-rankings/ranking/611914
985,610897,"10th Juntendo University Competition, Athletic Park Koide Yoshio Memorial Field, Iwana",JPN,25 MAR 2022,25 MAR 2022,0,,63390,984,63390,https://worldathletics.org/records/competition-performance-rankings/ranking/610897
986,612930,"Meeting National à thème de Joinville, Stade municipal JP Garchery, Joinville-le-Point",FRA,16 JUN 2022,16 JUN 2022,15,620,63372,985,63387,https://worldathletics.org/records/competition-performance-rankings/ranking/612930
987,610348,"West Point Spring Open, Military Academy Shea Stadium, West Point, NY",USA,18 MAR 2022,18 MAR 2022,0,,63364,986,63364,https://worldathletics.org/records/competition-performance-rankings/ranking/610348
988,611048,"Chico Twilight Invite, Chico, CA",USA,22 APR 2022,23 APR 2022,10,688,63345,987,63355,https://worldathletics.org/records/competition-performance-rankings/ranking/611048
989,613682,"Flying Angels International Classic, Track and Field Centre Outdoor Track, Toronto",CAN,08 JUL 2022,10 JUL 2022,5,753,63344,988,63349,https://worldathletics.org/records/competition-performance-rankings/ranking/613682
990,613204,"3rd Juntendo University Competition, Juntendo University Stadium, Inzai",JPN,04 JUN 2022,04 JUN 2022,0,,63329,989,63329,https://worldathletics.org/records/competition-performance-rankings/ranking/613204
991,610560,"Roadrunner Invitational, Park West Ath. Complex, San Antonio, TX",USA,02 APR 2022,02 APR 2022,35,477,63289,992,63324,https://worldathletics.org/records/competition-performance-rankings/ranking/610560
992,612330,"Campeonato Nacional de Clubes, Pista de Atletismo Gemeos Castro, Guimarães",POR,28 MAY 2022,29 MAY 2022,5,753,63313,990,63318,https://worldathletics.org/records/competition-performance-rankings/ranking/612330
993,615735,"Inter-Services, Leonora Stadium, Leonora",GUY,01 NOV 2022,04 NOV 2022,15,620,63287,993,63302,https://worldathletics.org/records/competition-performance-rankings/ranking/615735
994,614344,"Memorial Zbigniew Ludwichowski, Uniwersytetu Warmińsko-Mazurskiego, Olsztyn",POL,04 SEP 2022,04 SEP 2022,185,231,63110,1009,63295,https://worldathletics.org/records/competition-performance-rankings/ranking/614344
995,616342,"69th Osaka High School Meeting, Nagai Stadium No. 2, Osaka",JPN,20 AUG 2022,21 AUG 2022,0,,63294,991,63294,https://worldathletics.org/records/competition-performance-rankings/ranking/616342
996,611896,"National Athletics League Championship - Round 1A, Kingsmeadow Athletics Centre, Kingston-upon-Thames",GBR,07 MAY 2022,07 MAY 2022,10,688,63241,995,63251,https://worldathletics.org/records/competition-performance-rankings/ranking/611896
997,610783,"St. Thomas Tom Cat Invitational, St. Thomas O'Shaughnessy Stadium, St. Paul, Minneapolis, MN",USA,13 APR 2022,13 APR 2022,0,,63237,996,63237,https://worldathletics.org/records/competition-performance-rankings/ranking/610783
998,611955,"West Bengal State Championships, Kolkata",IND,05 MAY 2022,08 MAY 2022,0,,63232,997,63232,https://worldathletics.org/records/competition-performance-rankings/ranking/611955
999,613559,"Slovak U20 Championships, Dubnica nad Váhom",SVK,09 JUL 2022,10 JUL 2022,0,,63217,998,63217,https://worldathletics.org/records/competition-performance-rankings/ranking/613559
1000,608491,"Purewater / JC / R. Danny William Invitational Development Meet, Jamaica College Ashenheim Stadium, Kingston",JAM,08 JAN 2022,08 JAN 2022,0,,63211,999,63211,https://worldathletics.org/records/competition-performance-rankings/ranking/608491
1001,615493,"Treloar Shield Round 3, SOPAC, Sydney",AUS,22 OCT 2022,22 OCT 2022,20,571,63184,1001,63204,https://worldathletics.org/records/competition-performance-rankings/ranking/615493
1002,615085,"Mountain East Conference Championships, Morris Stadium - Glenville State College, Glenville, WV",USA,01 MAY 2022,03 MAY 2022,0,,63198,1000,63198,https://worldathletics.org/records/competition-performance-rankings/ranking/615085
1003,609043,"Queens Grace Jackson Track Meet, National Stadium, Kingston",JAM,29 JAN 2022,29 JAN 2022,15,620,63176,1003,63191,https://worldathletics.org/records/competition-performance-rankings/ranking/609043
1004,611400,"Hebei Olympic Center Base Permit Meeting, Hebei Olympic Sports Center, Qinhuangdao",CHN,21 APR 2022,22 APR 2022,85,329,63105,1010,63190,https://worldathletics.org/records/competition-performance-rankings/ranking/611400
1005,611076,"Outdoor Open, Loughborough University Track, Loughborough",GBR,23 APR 2022,23 APR 2022,15,620,63173,1004,63188,https://worldathletics.org/records/competition-performance-rankings/ranking/611076
1006,615338,"Trojan Opener, Anderson University Athletic Campus, Anderson, SC",USA,18 MAR 2022,19 MAR 2022,0,,63178,1002,63178,https://worldathletics.org/records/competition-performance-rankings/ranking/615338
1007,612265,"Secteurs Individuels, Stade Philippides, Montpellier",FRA,28 MAY 2022,29 MAY 2022,25,537,63127,1006,63152,https://worldathletics.org/records/competition-performance-rankings/ranking/612265
1008,612951,"Trofeo Mario Ansolini, Campo Comunale, Modena",ITA,09 JUN 2022,09 JUN 2022,15,620,63136,1005,63151,https://worldathletics.org/records/competition-performance-rankings/ranking/612951
1009,608903,"Sally Pearson Shield, QSAC State Athletics Facility, Nathan, Brisbane",AUS,22 JAN 2022,22 JAN 2022,25,537,63122,1007,63147,https://worldathletics.org/records/competition-performance-rankings/ranking/608903
1010,616389,"61st Mie Prefecture High School Competition, Central Athletics Stadium, Yokkaichi",JPN,17 SEP 2022,18 SEP 2022,0,,63122,1007,63122,https://worldathletics.org/records/competition-performance-rankings/ranking/616389
1011,616077,"5th Kokushikan University Competition, Kokushikan University Stadium, Tama",JPN,01 OCT 2022,02 OCT 2022,0,,63094,1011,63094,https://worldathletics.org/records/competition-performance-rankings/ranking/616077
1012,610932,"11th Kyushu Kyoritsu University Challenge Competition, Kyushu Kyoritsu University Stadium, Kitakyushu",JPN,20 MAR 2022,21 MAR 2022,65,379,63027,1014,63092,https://worldathletics.org/records/competition-performance-rankings/ranking/610932
1013,614102,"4. kolo I. ligy skupina B, Jablonec nad Nisou",CZE,20 AUG 2022,20 AUG 2022,0,,63088,1012,63088,https://worldathletics.org/records/competition-performance-rankings/ranking/614102
1014,614247,"4J Studios scottishathletics U13/U15/U20 Championships, Grangemouth Sports Stadium, Grangemouth",GBR,27 AUG 2022,28 AUG 2022,0,,63074,1013,63074,https://worldathletics.org/records/competition-performance-rankings/ranking/614247
1015,610665,"Griz/Cat Dual, Bobcat Track & Field Complex, Bozeman, MT",USA,09 APR 2022,09 APR 2022,5,753,63013,1015,63018,https://worldathletics.org/records/competition-performance-rankings/ranking/610665
1016,616187,"NSW Relay Championships, Campbelltown Athletics Centre, Sydney",AUS,19 NOV 2022,20 NOV 2022,20,571,62993,1016,63013,https://worldathletics.org/records/competition-performance-rankings/ranking/616187
1017,614311,"Athletics Classic Meeting DEIN, Atletiekstadion De Brielmeersen, Deinze",BEL,03 SEP 2022,03 SEP 2022,0,,62991,1017,62991,https://worldathletics.org/records/competition-performance-rankings/ranking/614311
1018,611285,"Meeting Patrick Chauvel, Stade Complexe Sportif Jean-Paul Chasseboeuf, Pacé",FRA,30 APR 2022,30 APR 2022,0,,62958,1018,62958,https://worldathletics.org/records/competition-performance-rankings/ranking/611285
1019,612376,"Bobbi Palma Spring Classic, University of Albany T&F Complex, Albany, NY",USA,23 APR 2022,23 APR 2022,0,,62902,1019,62902,https://worldathletics.org/records/competition-performance-rankings/ranking/612376
1020,613142,"Treofeo Nereo Svara, Stadio Giuseppe Grezar, Trieste",ITA,18 JUN 2022,18 JUN 2022,0,,62897,1020,62897,https://worldathletics.org/records/competition-performance-rankings/ranking/613142
1021,617498,"2nd Kokushikan University Competition, Kokushikan University Stadium, Tama",JPN,30 APR 2022,01 MAY 2022,0,,62895,1021,62895,https://worldathletics.org/records/competition-performance-rankings/ranking/617498
1021,611964,"Meeting National de Seine et Marne, Stade Philippe Mahut, Fontainebleau",FRA,17 MAY 2022,17 MAY 2022,15,620,62880,1023,62895,https://worldathletics.org/records/competition-performance-rankings/ranking/611964
1023,613038,"Dutch U18 Championships, Sportpark Ookmeer, Amsterdam",NED,17 JUN 2022,19 JUN 2022,0,,62881,1022,62881,https://worldathletics.org/records/competition-performance-rankings/ranking/613038
1024,611611,"Hubei Athletics Team Test Competition, Wuhan",CHN,30 APR 2022,30 APR 2022,0,,62804,1024,62804,https://worldathletics.org/records/competition-performance-rankings/ranking/611611
1025,614780,"2nd Okayama Record Meeting, Prefectural Stadium, Okayama",JPN,23 JUL 2022,23 JUL 2022,0,,62797,1025,62797,https://worldathletics.org/records/competition-performance-rankings/ranking/614780
1026,611516,"Championnat de France des clubs, Stade Omnisports, Cholet",FRA,08 MAY 2022,08 MAY 2022,30,500,62722,1026,62752,https://worldathletics.org/records/competition-performance-rankings/ranking/611516
1027,614620,"Iran Athletics Clubs League, Tehran",IRI,14 SEP 2022,15 SEP 2022,0,,62694,1027,62694,https://worldathletics.org/records/competition-performance-rankings/ranking/614620
1028,611293,"Stessens 1 mei meeting, Sport Vlaanderen Herentals, Herentals",BEL,01 MAY 2022,01 MAY 2022,20,571,62647,1028,62667,https://worldathletics.org/records/competition-performance-rankings/ranking/611293
1029,610459,"Rider 5-Way Meet, Michael P. Brady Track and Field Complex, Lawrenceville, NJ",USA,26 MAR 2022,26 MAR 2022,0,,62641,1029,62641,https://worldathletics.org/records/competition-performance-rankings/ranking/610459
1030,610106,"Trinity Invite, Trinity University, San Antonio, TX",USA,04 MAR 2022,05 MAR 2022,0,,62626,1030,62626,https://worldathletics.org/records/competition-performance-rankings/ranking/610106
1031,617160,"Meeting del Montello, Stadio San Vigilio, Montebelluna",ITA,13 JUL 2022,13 JUL 2022,30,500,62544,1032,62574,https://worldathletics.org/records/competition-performance-rankings/ranking/617160
1032,610992,"Northwest NWC Conference Championships, Puget Sound’s Baker Stadium., Tacoma, WA",USA,22 APR 2022,23 APR 2022,0,,62567,1031,62567,https://worldathletics.org/records/competition-performance-rankings/ranking/610992
1033,610942,"Mines Kit Mayer Classic, Stermole Track & Field Complex, Golden, CO",USA,20 APR 2022,20 APR 2022,0,,62480,1033,62480,https://worldathletics.org/records/competition-performance-rankings/ranking/610942
1034,610092,"Kim Duyst Invite, Al Brenda Track, Warrior Stadium, Turlock, CA",USA,05 MAR 2022,05 MAR 2022,0,,62427,1034,62427,https://worldathletics.org/records/competition-performance-rankings/ranking/610092
1035,616457,"GRE-CYP U18 Match, Agios Kosmas Training Center, Elliniko, Athina",GRE,20 JUL 2022,21 JUL 2022,0,,62400,1035,62400,https://worldathletics.org/records/competition-performance-rankings/ranking/616457
1036,612030,"Slovenian U20 Team Championships, Športni center Vinko Cajnko, Slovenj Gradec",SLO,21 MAY 2022,21 MAY 2022,0,,62381,1036,62381,https://worldathletics.org/records/competition-performance-rankings/ranking/612030
1037,612799,"Championnats Régionaux, Stade Colette Besson, Saran",FRA,11 JUN 2022,12 JUN 2022,5,753,62368,1038,62373,https://worldathletics.org/records/competition-performance-rankings/ranking/612799
1038,611114,"1st Nagoya District Spring Competition, Municipal Mizuho Stadium, Nagoya",JPN,02 APR 2022,03 APR 2022,0,,62371,1037,62371,https://worldathletics.org/records/competition-performance-rankings/ranking/611114
1039,612785,"Liga Joma de CLubes, Gandía",ESP,12 JUN 2022,12 JUN 2022,20,571,62350,1039,62370,https://worldathletics.org/records/competition-performance-rankings/ranking/612785
1040,611556,"Tårnby Games, Tårnby Stadion, Tårnby",DEN,07 MAY 2022,08 MAY 2022,5,753,62348,1040,62353,https://worldathletics.org/records/competition-performance-rankings/ranking/611556
1041,617538,"Copa Cardin, Estadio Panamericano, La Habana",CUB,19 DEC 2022,20 DEC 2022,55,398,62291,1041,62346,https://worldathletics.org/records/competition-performance-rankings/ranking/617538
1042,610337,"Sam Adams Classic, Puryear Field at the Pine Bowl/Boppell Track, Spokane, WA",USA,19 MAR 2022,19 MAR 2022,20,571,62265,1043,62285,https://worldathletics.org/records/competition-performance-rankings/ranking/610337
1043,611948,"CACC Outdoor Championships, Georgian Court T&F Combplex, Lakewood, NJ",USA,07 MAY 2022,08 MAY 2022,0,,62268,1042,62268,https://worldathletics.org/records/competition-performance-rankings/ranking/611948
1044,611153,"ESU All American Meet, Eiler-Martin Stadium, East Stroudsburg, PA",USA,23 APR 2022,23 APR 2022,0,,62238,1044,62238,https://worldathletics.org/records/competition-performance-rankings/ranking/611153
1045,617378,"1st Tsukuba Grand Competition, University Stadium, Tsukuba",JPN,01 MAY 2022,02 MAY 2022,0,,62232,1045,62232,https://worldathletics.org/records/competition-performance-rankings/ranking/617378
1046,611160,"Annual Meet of Champions, Paul Olson Track, Rock Island, IL",USA,22 APR 2022,23 APR 2022,0,,62192,1046,62192,https://worldathletics.org/records/competition-performance-rankings/ranking/611160
1047,613873,"National Athletics Meeting, Ulsan",KOR,23 JUL 2022,25 JUL 2022,0,,62174,1047,62174,https://worldathletics.org/records/competition-performance-rankings/ranking/613873
1048,615330,"Meeting du Val de Marne, Nogent-sur-Marne",FRA,26 JUN 2022,26 JUN 2022,5,753,62123,1048,62128,https://worldathletics.org/records/competition-performance-rankings/ranking/615330
1049,614326,"Serbian Team Championships, Atletski stadion, Sremska Mitrovica",SRB,03 SEP 2022,03 SEP 2022,55,398,62072,1051,62127,https://worldathletics.org/records/competition-performance-rankings/ranking/614326
1050,612551,"LVS/ Sportland kauss 5.posms, Saldus sporta kompleksa stadions, Saldus",LAT,04 JUN 2022,04 JUN 2022,5,753,62081,1049,62086,https://worldathletics.org/records/competition-performance-rankings/ranking/612551
1051,613999,"Sky Is The Limit, Åby Friidrott, Mölndal",SWE,13 AUG 2022,13 AUG 2022,5,753,62076,1050,62081,https://worldathletics.org/records/competition-performance-rankings/ranking/613999
1052,611526,"Championnat de France des clubs, Stade Helitas, Caen",FRA,08 MAY 2022,08 MAY 2022,0,,62052,1052,62052,https://worldathletics.org/records/competition-performance-rankings/ranking/611526
1053,611594,"WVU Last Chance, The TF Complex at Mylan Park, Morgantown, WV",USA,07 MAY 2022,07 MAY 2022,10,688,62024,1053,62034,https://worldathletics.org/records/competition-performance-rankings/ranking/611594
1054,613042,"Athletics Classic Meeting ACW, Gerard Bontinckstadion, Sint-Niklaas",BEL,19 JUN 2022,19 JUN 2022,45,440,61928,1054,61973,https://worldathletics.org/records/competition-performance-rankings/ranking/613042
1055,608406,"Lovelock Classic, Aorangi Stadium, Timaru",NZL,08 JAN 2022,08 JAN 2022,20,571,61890,1058,61910,https://worldathletics.org/records/competition-performance-rankings/ranking/608406
1055,610452,"AGN League 2, Ruimsig Stadium, Roodepoort, Johannesburg",RSA,05 FEB 2022,05 FEB 2022,0,,61910,1055,61910,https://worldathletics.org/records/competition-performance-rankings/ranking/610452
1057,615987,"Baráž o postup do I. ligy mužů a žen v Čechách, Liberec",CZE,03 SEP 2022,03 SEP 2022,0,,61904,1056,61904,https://worldathletics.org/records/competition-performance-rankings/ranking/615987
1058,615339,"Stonehill Skyhawk Invitational, W.B. Mason Stadium, Easton, MA",USA,30 APR 2022,30 APR 2022,0,,61901,1057,61901,https://worldathletics.org/records/competition-performance-rankings/ranking/615339
1059,611545,"Championnat de France des clubs, Stade municipal JP Garchery, Joinville-le-Point",FRA,08 MAY 2022,08 MAY 2022,35,477,61864,1059,61899,https://worldathletics.org/records/competition-performance-rankings/ranking/611545
1060,615436,"GP Internacional - Marlene Ahrens, Estadio Municipal Alcaldesa Ester Roa Rebolledo, Concepción",CHI,22 OCT 2022,22 OCT 2022,80,336,61799,1062,61879,https://worldathletics.org/records/competition-performance-rankings/ranking/615436
1061,610615,"BAAA CARIFTA Trials, The Bahamas National Stadium, Nassau",BAH,01 APR 2022,02 APR 2022,0,,61863,1060,61863,https://worldathletics.org/records/competition-performance-rankings/ranking/610615
1062,611702,"Rolf-Watter-Sportfest, Universitätsstadion Am Biopark, Regensburg",GER,07 MAY 2022,07 MAY 2022,0,,61814,1061,61814,https://worldathletics.org/records/competition-performance-rankings/ranking/611702
1063,613553,"Pfungstädter Abendsportfest, TSV Stadion, Pfungstadt",GER,06 JUL 2022,06 JUL 2022,0,,61785,1063,61785,https://worldathletics.org/records/competition-performance-rankings/ranking/613553
1064,614774,"5th Kyushu Kyoritsu University Challenge Competition, Kyushu Kyoritsu University Stadium, Kitakyushu",JPN,16 JUL 2022,17 JUL 2022,5,753,61778,1064,61783,https://worldathletics.org/records/competition-performance-rankings/ranking/614774
1065,614761,"4th Chukyo University Saturday Competition, Chukyo Univ. Stadium, Toyota",JPN,06 AUG 2022,07 AUG 2022,20,571,61752,1065,61772,https://worldathletics.org/records/competition-performance-rankings/ranking/614761
1066,614671,"International U16 Five Countries Match, Městský stadion, Znojmo",CZE,24 SEP 2022,24 SEP 2022,0,,61720,1066,61720,https://worldathletics.org/records/competition-performance-rankings/ranking/614671
1067,612109,"Competitie 1e Divisie Poule 2 R2, Atletiekvereniging Hera, Heerhugowaard",NED,22 MAY 2022,22 MAY 2022,0,,61676,1067,61676,https://worldathletics.org/records/competition-performance-rankings/ranking/612109
1068,611419,"MIAA Field Day, Elkin Isaac Track, Albion, MI",USA,05 MAY 2022,06 MAY 2022,0,,61659,1068,61659,https://worldathletics.org/records/competition-performance-rankings/ranking/611419
1069,613730,"Trofeo Peregrina, Pontevedra",ESP,16 JUL 2022,16 JUL 2022,0,,61654,1069,61654,https://worldathletics.org/records/competition-performance-rankings/ranking/613730
1070,609095,"Denise Boyd Shield, QSAC State Athletics Facility, Nathan, Brisbane",AUS,29 JAN 2022,29 JAN 2022,50,419,61602,1074,61652,https://worldathletics.org/records/competition-performance-rankings/ranking/609095
1071,611541,"Championnat de France des clubs, Stade de Stehelin, Bordeaux",FRA,08 MAY 2022,08 MAY 2022,35,477,61609,1073,61644,https://worldathletics.org/records/competition-performance-rankings/ranking/611541
1072,617702,"GPS Hugo Mario La Nasa, Concepción del Uruguay",ARG,03 APR 2022,03 APR 2022,175,238,61468,1080,61643,https://worldathletics.org/records/competition-performance-rankings/ranking/617702
1073,617553,"Anniversary Meeting, Stadion MOSiR, Ruda Slaska",POL,02 JUL 2022,02 JUL 2022,5,753,61633,1070,61638,https://worldathletics.org/records/competition-performance-rankings/ranking/617553
1074,610068,"Cal Opener, Edwards Stadium, Berkeley, CA",USA,05 MAR 2022,05 MAR 2022,10,688,61610,1072,61620,https://worldathletics.org/records/competition-performance-rankings/ranking/610068
1075,611202,"Causeway Classic Dual, Hornet Stadium - Sac St., Sacramento, CA",USA,29 APR 2022,29 APR 2022,0,,61619,1071,61619,https://worldathletics.org/records/competition-performance-rankings/ranking/611202
1076,608547,"Norma Croker Shield, QSAC State Athletics Facility, Nathan, Brisbane",AUS,15 JAN 2022,15 JAN 2022,45,440,61488,1077,61533,https://worldathletics.org/records/competition-performance-rankings/ranking/608547
1077,613121,"Campionat de Catalunya U23, Estadi Joan Serrahima, Barcelona",ESP,19 JUN 2022,19 JUN 2022,0,,61516,1075,61516,https://worldathletics.org/records/competition-performance-rankings/ranking/613121
1078,615886,"Tamil Nadu State Inter-District U20 Championships, Tiruvannamalai",IND,16 OCT 2022,19 OCT 2022,0,,61502,1076,61502,https://worldathletics.org/records/competition-performance-rankings/ranking/615886
1079,617878,"Spring Record Meeting, Athletic Stadium, Isesaki",JPN,09 APR 2022,10 APR 2022,0,,61476,1078,61476,https://worldathletics.org/records/competition-performance-rankings/ranking/617878
1080,615115,"75th Aomori Prefectural HS Meet, New Aomori Sports Park, Aomori",JPN,27 MAY 2022,30 MAY 2022,0,,61475,1079,61475,https://worldathletics.org/records/competition-performance-rankings/ranking/615115
1081,611621,"GVSU 10 Event Last Chance Meet, GVSU Track/Lacrosse Stadium, Allendale, MI",USA,10 MAY 2022,10 MAY 2022,50,419,61419,1081,61469,https://worldathletics.org/records/competition-performance-rankings/ranking/611621
1082,611344,"International Meeting, Stadion Topolica, Bar",MNE,01 MAY 2022,01 MAY 2022,250,191,61177,1093,61427,https://worldathletics.org/records/competition-performance-rankings/ranking/611344
1083,613694,"Regional Meeting, Stadion Iskra, Bialogard",POL,01 JUL 2022,01 JUL 2022,0,,61398,1082,61398,https://worldathletics.org/records/competition-performance-rankings/ranking/613694
1084,615154,"Nagoya Competition, Municipal Mizuho Stadium, Nagoya",JPN,21 JUL 2022,22 JUL 2022,0,,61389,1083,61389,https://worldathletics.org/records/competition-performance-rankings/ranking/615154
1085,610303,"Strive Finale, WA Athletics Stadium, Perth",AUS,19 MAR 2022,19 MAR 2022,30,500,61351,1085,61381,https://worldathletics.org/records/competition-performance-rankings/ranking/610303
1086,615352,"MMaS družstev D+J, Breclav",CZE,10 SEP 2022,10 SEP 2022,0,,61370,1084,61370,https://worldathletics.org/records/competition-performance-rankings/ranking/615352
1087,610738,"Sacramento State Invite, Hornet Stadium - Sac St., Sacramento, CA",USA,09 APR 2022,09 APR 2022,0,,61343,1086,61343,https://worldathletics.org/records/competition-performance-rankings/ranking/610738
1088,610139,"UNT-UTA Dual, Soccer Stadium - North Texas University, Denton, TX",USA,12 MAR 2022,12 MAR 2022,5,753,61330,1087,61335,https://worldathletics.org/records/competition-performance-rankings/ranking/610139
1089,613484,"Kölner Leichtathletikmeeting, Leichtathletikzentrum DSHS, Köln",GER,02 JUL 2022,02 JUL 2022,5,753,61318,1088,61323,https://worldathletics.org/records/competition-performance-rankings/ranking/613484
1090,612601,"Xinzhuang Base Permit Meeting, Shanghai",CHN,27 MAY 2022,29 MAY 2022,55,398,61267,1090,61322,https://worldathletics.org/records/competition-performance-rankings/ranking/612601
1091,610460,"Dr. Jack M. Toms Alumni Invitational, Shellenberger Field & Dr. Jack M. Toms Track, Lynchburg, VA",USA,25 MAR 2022,26 MAR 2022,0,,61292,1089,61292,https://worldathletics.org/records/competition-performance-rankings/ranking/610460
1092,613293,"3rd University of Tsukuba Competition, University Stadium, Tsukuba",JPN,18 JUN 2022,19 JUN 2022,0,,61232,1091,61232,https://worldathletics.org/records/competition-performance-rankings/ranking/613293
1093,612628,"Evento de Fondo y Medio Fondo, Xalapa",MEX,08 MAY 2022,08 MAY 2022,0,,61200,1092,61200,https://worldathletics.org/records/competition-performance-rankings/ranking/612628
1094,616390,"Osaka High School Autumn Tournament, Nagai Stadium No. 2, Osaka",JPN,29 OCT 2022,30 OCT 2022,0,,61175,1094,61175,https://worldathletics.org/records/competition-performance-rankings/ranking/616390
1095,611606,"Velká cena Olomouc - Malá cena Olomouce, Stadion TJ Lokomotiva Olomouc,, Olomouc",CZE,08 MAY 2022,08 MAY 2022,0,,61169,1095,61169,https://worldathletics.org/records/competition-performance-rankings/ranking/611606
1096,612110,"Interclubs, Stade Mainguet, Montfort-sur-Meu",FRA,22 MAY 2022,22 MAY 2022,20,571,61136,1097,61156,https://worldathletics.org/records/competition-performance-rankings/ranking/612110
1097,616871,"77th National Athletic Meet Chiba Final Selection, Prefectural Tendai Stadium, Chiba",JPN,11 AUG 2022,11 AUG 2022,5,753,61148,1096,61153,https://worldathletics.org/records/competition-performance-rankings/ranking/616871
1098,609465,"Camperdown Classic, National Stadium, Kingston",JAM,12 FEB 2022,12 FEB 2022,40,460,61053,1099,61093,https://worldathletics.org/records/competition-performance-rankings/ranking/609465
1099,611437,"Jim Thorpe Invitational, Nittany Lion Outdoor Track, State College, PA",USA,05 MAY 2022,06 MAY 2022,110,292,60980,1107,61090,https://worldathletics.org/records/competition-performance-rankings/ranking/611437
1100,609892,"ACNW Open T&F Meeting, McArthur Stadium, Potchefstroom",RSA,22 FEB 2022,22 FEB 2022,25,537,61062,1098,61087,https://worldathletics.org/records/competition-performance-rankings/ranking/609892
1101,610422,"National Games, Srisaket",THA,17 MAR 2022,22 MAR 2022,0,,61050,1100,61050,https://worldathletics.org/records/competition-performance-rankings/ranking/610422
1102,611170,"Don Church Invitational, McCully Stadium, Wheaton, IL",USA,23 APR 2022,23 APR 2022,0,,61042,1101,61042,https://worldathletics.org/records/competition-performance-rankings/ranking/611170
1103,613655,"South of England U20/Senior Inter Counties Ch., Horspath Athletics Track, Oxford",GBR,09 JUL 2022,09 JUL 2022,10,688,61031,1104,61041,https://worldathletics.org/records/competition-performance-rankings/ranking/613655
1104,615177,"Higashi Osaka City June Record Meeting, Try Stadium, Osaka",JPN,11 JUN 2022,11 JUN 2022,0,,61036,1102,61036,https://worldathletics.org/records/competition-performance-rankings/ranking/615177
1105,612317,"Liga Lekkoatletyczna, Stadion Zygmunta Szelesta, Warszawa",POL,29 MAY 2022,29 MAY 2022,0,,61035,1103,61035,https://worldathletics.org/records/competition-performance-rankings/ranking/612317
1106,610465,"Montreat College Invitational, Montreat College Pulliam Stadium, Montreat, NC",USA,25 MAR 2022,26 MAR 2022,0,,61030,1105,61030,https://worldathletics.org/records/competition-performance-rankings/ranking/610465
1107,612507,"Beijing Athletics Training Base Permit Meeting, Xiannongtan Stadium, Beijing",CHN,12 MAY 2022,13 MAY 2022,5,753,61024,1106,61029,https://worldathletics.org/records/competition-performance-rankings/ranking/612507
1108,609986,"1er Meeting interclubs, Stade omnisports Ahmadou Ahidjo, Yaoundé",CMR,12 FEB 2022,13 FEB 2022,5,753,60979,1108,60984,https://worldathletics.org/records/competition-performance-rankings/ranking/609986
1109,613156,"National University Meeting, Iksan",KOR,24 MAY 2022,26 MAY 2022,0,,60972,1109,60972,https://worldathletics.org/records/competition-performance-rankings/ranking/613156
1110,611968,"Regional Meeting, Kolin",CZE,07 MAY 2022,07 MAY 2022,5,753,60949,1110,60954,https://worldathletics.org/records/competition-performance-rankings/ranking/611968
1111,613876,"National League R2 - SETU Carlow, South Sports Campus, Carlow",IRL,30 JUL 2022,30 JUL 2022,15,620,60936,1111,60951,https://worldathletics.org/records/competition-performance-rankings/ranking/613876
1112,616056,"6th Chukyo University Saturday Competition, Chukyo Univ. Stadium, Toyota",JPN,08 OCT 2022,09 OCT 2022,5,753,60930,1112,60935,https://worldathletics.org/records/competition-performance-rankings/ranking/616056
1113,614611,"Croatian U20 Cup, Zagreb",CRO,17 SEP 2022,18 SEP 2022,0,,60930,1112,60930,https://worldathletics.org/records/competition-performance-rankings/ranking/614611
1114,613569,"Irish Life Health National Juvenile Outdoors U19, Tullamore Harriers AC Stadium, Tullamore",IRL,03 JUL 2022,10 JUL 2022,0,,60928,1114,60928,https://worldathletics.org/records/competition-performance-rankings/ranking/613569
1114,614783,"3rd Osaka Sports University Competition, Nansho Gakuen Stadium, Osaka",JPN,23 JUL 2022,23 JUL 2022,0,,60928,1114,60928,https://worldathletics.org/records/competition-performance-rankings/ranking/614783
1116,611272,"Rochester Alumni Invitational, Rochester, NY",USA,30 APR 2022,30 APR 2022,5,753,60875,1116,60880,https://worldathletics.org/records/competition-performance-rankings/ranking/611272
1117,610935,"Tokyo Metropolitan Spring Competition, Komazawa Olympic Park Athletic Stadium, Tokyo",JPN,02 APR 2022,03 APR 2022,0,,60854,1117,60854,https://worldathletics.org/records/competition-performance-rankings/ranking/610935
1118,610627,"Danny Curran Invitational, Leslie C. Quick Jr. Stadium, Chester, PA",USA,01 APR 2022,02 APR 2022,5,753,60840,1118,60845,https://worldathletics.org/records/competition-performance-rankings/ranking/610627
1119,612706,"35. Sportfest an Himmelfahrt, Gustav-Siegle-Stadion, Besigheim",GER,26 MAY 2022,26 MAY 2022,10,688,60821,1119,60831,https://worldathletics.org/records/competition-performance-rankings/ranking/612706
1120,615109,"77th National Athletic Meet Gunma Preliminary Round, Shikishima Park Prefectural Athletic Field, Maebashi",JPN,16 JUL 2022,17 JUL 2022,0,,60820,1120,60820,https://worldathletics.org/records/competition-performance-rankings/ranking/615109
1121,611986,"Hebei Olympic Center Base Permit Meeting, Hebei Olympic Sports Center, Qinhuangdao",CHN,06 MAY 2022,06 MAY 2022,185,231,60615,1133,60800,https://worldathletics.org/records/competition-performance-rankings/ranking/611986
1122,614608,"National Middle & High School Athletics Meeting, Boeun",KOR,11 AUG 2022,15 AUG 2022,0,,60796,1121,60796,https://worldathletics.org/records/competition-performance-rankings/ranking/614608
1123,610620,"39th Millersville Metrics, Biemesderfer Stadium, Millersville, PA",USA,02 APR 2022,02 APR 2022,0,,60772,1122,60772,https://worldathletics.org/records/competition-performance-rankings/ranking/610620
1124,610305,"Athletics Performance, Estadio Olímpico de Querétaro, Queretaro",MEX,25 FEB 2022,27 FEB 2022,0,,60755,1123,60755,https://worldathletics.org/records/competition-performance-rankings/ranking/610305
1125,611359,"Meeting do Trabalhador, Lisboa",POR,01 MAY 2022,01 MAY 2022,10,688,60695,1124,60705,https://worldathletics.org/records/competition-performance-rankings/ranking/611359
1126,617510,"Athletics Events Test Competition, Shanghai",CHN,15 APR 2022,17 APR 2022,5,753,60691,1125,60696,https://worldathletics.org/records/competition-performance-rankings/ranking/617510
1126,612947,"Memorial Grzegorz Dunecki, Stadion Miejski, Toruń",POL,16 JUN 2022,16 JUN 2022,20,571,60676,1126,60696,https://worldathletics.org/records/competition-performance-rankings/ranking/612947
1128,615781,"73rd Aichi Festival Competition, Wave Stadium, Kariya",JPN,29 AUG 2022,29 AUG 2022,0,,60675,1127,60675,https://worldathletics.org/records/competition-performance-rankings/ranking/615781
1129,610210,"South Alabama Invitational, Jaguar Track, Mobile, AL",USA,11 MAR 2022,12 MAR 2022,0,,60655,1128,60655,https://worldathletics.org/records/competition-performance-rankings/ranking/610210
1130,615896,"Kerala State U20 Championships, Thenhipalam",IND,20 OCT 2022,23 OCT 2022,0,,60643,1129,60643,https://worldathletics.org/records/competition-performance-rankings/ranking/615896
1131,611935,"Regional Meeting, Stadion Miejski, Jelenia Góra",POL,15 MAY 2022,15 MAY 2022,0,,60642,1130,60642,https://worldathletics.org/records/competition-performance-rankings/ranking/611935
1132,611215,"Meeting Città di Palmanova, Campo D. Bruseschi, Palmanova",ITA,30 APR 2022,30 APR 2022,15,620,60621,1132,60636,https://worldathletics.org/records/competition-performance-rankings/ranking/611215
1133,613657,"Match estival Interligues, Stade Josette et Roger Mikulak, Angers",FRA,09 JUL 2022,10 JUL 2022,0,,60626,1131,60626,https://worldathletics.org/records/competition-performance-rankings/ranking/613657
1134,610937,"Saitama Combined Event Festival, Prefectural Stadium, Kumagaya",JPN,02 APR 2022,03 APR 2022,0,,60565,1134,60565,https://worldathletics.org/records/competition-performance-rankings/ranking/610937
1135,613493,"Spor Toto Kulüpler 1. Lig Yarışmaları, Seha Aksoy Atletizm Pisti, Izmir",TUR,02 JUL 2022,03 JUL 2022,0,,60554,1135,60554,https://worldathletics.org/records/competition-performance-rankings/ranking/613493
1136,610231,"Redlands Invitational, Redlands Ashel Cunningham Track, Redlands, CA",USA,18 MAR 2022,18 MAR 2022,0,,60553,1136,60553,https://worldathletics.org/records/competition-performance-rankings/ranking/610231
1137,613186,"1st Nishi-Mikawa Record Meeting, Athletic Park Stadium, Toyota",JPN,02 APR 2022,03 APR 2022,30,500,60508,1138,60538,https://worldathletics.org/records/competition-performance-rankings/ranking/613186
1138,611298,"Competitie 1e Divisie Poule 2 R1, Sportpark De Hondsheuvels, Eindhoven",NED,01 MAY 2022,01 MAY 2022,15,620,60519,1137,60534,https://worldathletics.org/records/competition-performance-rankings/ranking/611298
1139,613135,"Pré Régionaux Zone Nord, Stade R. Gaillard, Niort",FRA,19 JUN 2022,19 JUN 2022,5,753,60498,1139,60503,https://worldathletics.org/records/competition-performance-rankings/ranking/613135
1140,612558,"Croatian U18 Championships, Karlovac",CRO,04 JUN 2022,05 JUN 2022,0,,60476,1140,60476,https://worldathletics.org/records/competition-performance-rankings/ranking/612558
1141,612743,"Liiga Iberdrola de Clubes, Monzón",ESP,11 JUN 2022,11 JUN 2022,10,688,60445,1141,60455,https://worldathletics.org/records/competition-performance-rankings/ranking/612743
1142,614047,"Ian Hume Invitational, Stade University Sherbrooke, Sherbrooke",CAN,18 JUN 2022,19 JUN 2022,0,,60424,1142,60424,https://worldathletics.org/records/competition-performance-rankings/ranking/614047
1143,611952,"Kerala State Championships, Thenhipalam",IND,14 MAY 2022,15 MAY 2022,0,,60407,1143,60407,https://worldathletics.org/records/competition-performance-rankings/ranking/611952
1144,615684,"Osaka High School District Spring Meeting, Nagai Stadium No. 2, Osaka",JPN,16 APR 2022,17 APR 2022,0,,60404,1144,60404,https://worldathletics.org/records/competition-performance-rankings/ranking/615684
1145,612588,"Regional Meeting, Stadion Miejski, Jelenia Góra",POL,05 JUN 2022,05 JUN 2022,0,,60402,1145,60402,https://worldathletics.org/records/competition-performance-rankings/ranking/612588
1146,617236,"Regional Meeting, Centro di Atletica, Busto Arsizio",ITA,03 JUL 2022,03 JUL 2022,0,,60380,1146,60380,https://worldathletics.org/records/competition-performance-rankings/ranking/617236
1147,612296,"Control Absolut Antonio Amorós, Camp d’Atletisme Antoni Amorós, Santa Coloma de Gramenet",ESP,21 MAY 2022,21 MAY 2022,20,571,60356,1148,60376,https://worldathletics.org/records/competition-performance-rankings/ranking/612296
1148,614382,"UK Youth Development League Upper National Final, Sportcity Regional Arena, Manchester",GBR,04 SEP 2022,04 SEP 2022,0,,60367,1147,60367,https://worldathletics.org/records/competition-performance-rankings/ranking/614382
1149,614429,"Competitie 1e - 2e Divisie, Sportpark De Bongerd, Barendrecht",NED,11 SEP 2022,11 SEP 2022,5,753,60352,1149,60357,https://worldathletics.org/records/competition-performance-rankings/ranking/614429
1150,611309,"Opening Meeting, Golęcin Stadion, Poznan",POL,30 APR 2022,30 APR 2022,10,688,60329,1150,60339,https://worldathletics.org/records/competition-performance-rankings/ranking/611309
1151,615569,"75th Chiba Prefecture High School Tournament, Nakadai Sports Park Stadium, Narita",JPN,23 APR 2022,24 APR 2022,0,,60325,1151,60325,https://worldathletics.org/records/competition-performance-rankings/ranking/615569
1152,615745,"Match des 6 cantons romands, Centre sportif Bout-du-Monde, Genève",SUI,28 MAY 2022,28 MAY 2022,15,620,60309,1152,60324,https://worldathletics.org/records/competition-performance-rankings/ranking/615745
1153,614937,"Ageo City Championship Summer Tournament, Athletic Park, Ageo",JPN,30 JUL 2022,31 JUL 2022,0,,60303,1153,60303,https://worldathletics.org/records/competition-performance-rankings/ranking/614937
1153,614089,"MATE-GEAC liga verseny, MATE Atlétika Centrum, Gödöllő",HUN,21 AUG 2022,21 AUG 2022,0,,60303,1153,60303,https://worldathletics.org/records/competition-performance-rankings/ranking/614089
1155,611884,"Torneo Carlos Strutz, Club Atlético Manquehue, Santiago de Chile",CHI,30 APR 2022,30 APR 2022,30,500,60244,1156,60274,https://worldathletics.org/records/competition-performance-rankings/ranking/611884
1156,615911,"Austrian Club Championships, Stadion Eggenberg, Graz",AUT,16 JUN 2022,16 JUN 2022,5,753,60246,1155,60251,https://worldathletics.org/records/competition-performance-rankings/ranking/615911
1157,613177,"Hyvän Tuulen Kisat 1, Eläintarhan urheilukenttä, Helsinki",FIN,21 JUN 2022,21 JUN 2022,0,,60242,1157,60242,https://worldathletics.org/records/competition-performance-rankings/ranking/613177
1158,611069,"Doug Max Invitational, CSU Jack Christiansen Track, Fort Collins, CO",USA,16 APR 2022,16 APR 2022,10,688,60227,1158,60237,https://worldathletics.org/records/competition-performance-rankings/ranking/611069
1159,615406,"Ch. LBFA Juniors et Espoirs + OPEN TC, Centre Sportif Communal de Bertrix, Bertrix",BEL,03 JUL 2022,03 JUL 2022,0,,60224,1159,60224,https://worldathletics.org/records/competition-performance-rankings/ranking/615406
1160,613921,"Spanish U16 Championships, Avilés",ESP,23 JUL 2022,24 JUL 2022,0,,60210,1160,60210,https://worldathletics.org/records/competition-performance-rankings/ranking/613921
1161,613295,"Podlaski Mityng Witajcie Wakacje, Stadion Miejski, Jelenia Góra",POL,23 JUN 2022,23 JUN 2022,0,,60206,1161,60206,https://worldathletics.org/records/competition-performance-rankings/ranking/613295
1162,614524,"3rd Japan University Competition, Nihon University Athletics Stadium, Setagaya, Tokyo",JPN,23 APR 2022,24 APR 2022,35,477,60170,1163,60205,https://worldathletics.org/records/competition-performance-rankings/ranking/614524
1163,610807,"IMG Academy Invitational, IMG Academy, Bradenton, FL",USA,08 APR 2022,09 APR 2022,0,,60189,1162,60189,https://worldathletics.org/records/competition-performance-rankings/ranking/610807
1164,612952,"Meeting CUS, Campo Comunale, Modena",ITA,30 APR 2022,30 APR 2022,20,571,60162,1164,60182,https://worldathletics.org/records/competition-performance-rankings/ranking/612952
1164,612158,"Circuito Paulista Open, Pista de Atletismo CEAR, Campinas",BRA,07 MAY 2022,07 MAY 2022,30,500,60152,1165,60182,https://worldathletics.org/records/competition-performance-rankings/ranking/612158
1166,612613,"Nikola Valchanov Meeting, Stadium Hristo Botev, Gabrovo",BUL,29 MAY 2022,29 MAY 2022,30,500,60095,1170,60125,https://worldathletics.org/records/competition-performance-rankings/ranking/612613
1167,612635,"Copa Tepic, Estadio Olímpico Santa Teresita, Tepic",MEX,06 MAY 2022,08 MAY 2022,0,,60123,1166,60123,https://worldathletics.org/records/competition-performance-rankings/ranking/612635
1168,613693,"Speed King Trentino, Stadio Quercia, Rovereto",ITA,29 JUN 2022,29 JUN 2022,0,,60122,1167,60122,https://worldathletics.org/records/competition-performance-rankings/ranking/613693
1169,614969,"16th Ritsumeikan Athletics Games, Biwako-Kusatsu Campus, Kusatsu",JPN,14 MAY 2022,14 MAY 2022,0,,60104,1168,60104,https://worldathletics.org/records/competition-performance-rankings/ranking/614969
1170,610804,"Wilton Wright Invitational, SCSU Jess Dow Field, New Haven, CT",USA,09 APR 2022,09 APR 2022,0,,60101,1169,60101,https://worldathletics.org/records/competition-performance-rankings/ranking/610804
1171,614480,"North Zone U20 Championships, Karnal",IND,02 SEP 2022,04 SEP 2022,0,,60094,1171,60094,https://worldathletics.org/records/competition-performance-rankings/ranking/614480
1172,610959,"Gaucho Invitational, Glendale CC, Glendale, AZ",USA,16 APR 2022,16 APR 2022,0,,60066,1172,60066,https://worldathletics.org/records/competition-performance-rankings/ranking/610959
1173,611583,"Championnat de France des clubs, Stade Mainguet, Montfort-sur-Meu",FRA,08 MAY 2022,08 MAY 2022,20,571,59997,1173,60017,https://worldathletics.org/records/competition-performance-rankings/ranking/611583
1174,611184,"West Point Twilight, Military Academy Shea Stadium, West Point, NY",USA,28 APR 2022,28 APR 2022,0,,59965,1174,59965,https://worldathletics.org/records/competition-performance-rankings/ranking/611184
1175,612243,"Meeting du SEC, Stade de la Rudelière, Les Sables d'Olonne",FRA,28 MAY 2022,28 MAY 2022,10,688,59937,1176,59947,https://worldathletics.org/records/competition-performance-rankings/ranking/612243
1176,610559,"George Glass Invitational, Taylor University, Upland, IN",USA,02 APR 2022,02 APR 2022,0,,59942,1175,59942,https://worldathletics.org/records/competition-performance-rankings/ranking/610559
1177,613292,"Chpts régionaux U20/U18, Stade des Maradas, Cergy-Pontoise",FRA,25 JUN 2022,26 JUN 2022,0,,59881,1177,59881,https://worldathletics.org/records/competition-performance-rankings/ranking/613292
1178,615467,"Marugame Carnival, Prefectural Stadium, Marugame",JPN,01 OCT 2022,02 OCT 2022,0,,59855,1178,59855,https://worldathletics.org/records/competition-performance-rankings/ranking/615467
1179,610407,"Cal State LA Invitaitonal, Cal State LA Jesse Owens Track, Los Angeles, CA",USA,26 FEB 2022,26 FEB 2022,0,,59834,1179,59834,https://worldathletics.org/records/competition-performance-rankings/ranking/610407
1180,615736,"National Games, Riyadh",KSA,05 NOV 2022,07 NOV 2022,45,440,59748,1182,59793,https://worldathletics.org/records/competition-performance-rankings/ranking/615736
1181,617066,"2nd Shiga Rikukai High School Division, Ojiyama Athletic Field, Otsu",JPN,03 MAY 2022,04 MAY 2022,0,,59786,1180,59786,https://worldathletics.org/records/competition-performance-rankings/ranking/617066
1182,614437,"Belgian U18 Championships, Atletiekpiste Lebbeke, Lebbeke",BEL,10 SEP 2022,11 SEP 2022,0,,59777,1181,59777,https://worldathletics.org/records/competition-performance-rankings/ranking/614437
1183,609188,"Strive Program B, WA Athletics Stadium, Perth",AUS,04 FEB 2022,04 FEB 2022,5,753,59710,1183,59715,https://worldathletics.org/records/competition-performance-rankings/ranking/609188
1184,614689,"Slovenian U20 Cup, Stadion ""Ob jezeru"", Velenje",SLO,24 SEP 2022,25 SEP 2022,15,620,59697,1184,59712,https://worldathletics.org/records/competition-performance-rankings/ranking/614689
1185,613074,"Sokołów Cup, Stadion TOSiR, Tarnów",POL,18 JUN 2022,18 JUN 2022,0,,59692,1185,59692,https://worldathletics.org/records/competition-performance-rankings/ranking/613074
1186,612502,"Eleftheria Meeting, Municipal Stadium, Kilkis",GRE,04 JUN 2022,04 JUN 2022,0,,59661,1186,59661,https://worldathletics.org/records/competition-performance-rankings/ranking/612502
1187,612389,"Egialia Meeting, Municipal Stadium, Egio",GRE,28 MAY 2022,28 MAY 2022,0,,59636,1187,59636,https://worldathletics.org/records/competition-performance-rankings/ranking/612389
1188,617399,"75th Hyogo Prefectural High School Hanshin Region Preliminaries, Memorial Park Stadium, Amagasaki",JPN,07 MAY 2022,08 MAY 2022,0,,59628,1188,59628,https://worldathletics.org/records/competition-performance-rankings/ranking/617399
1189,613477,"Laxaspelen, Halmstad Arena IP, Halmstad",SWE,02 JUL 2022,03 JUL 2022,10,688,59600,1189,59610,https://worldathletics.org/records/competition-performance-rankings/ranking/613477
1190,611442,"BvV vrouwen - Ere VAL, Sportcentrum Den Uyt, Mol",BEL,07 MAY 2022,07 MAY 2022,15,620,59581,1190,59596,https://worldathletics.org/records/competition-performance-rankings/ranking/611442
1191,615927,"Joanna Stone Shield, QSAC State Athletics Facility, Nathan, Brisbane",AUS,12 NOV 2022,12 NOV 2022,30,500,59514,1192,59544,https://worldathletics.org/records/competition-performance-rankings/ranking/615927
1192,611695,"Carey Last Chance, William Carey University, Hattiesburg, MS",USA,13 MAY 2022,13 MAY 2022,0,,59538,1191,59538,https://worldathletics.org/records/competition-performance-rankings/ranking/611695
1193,611639,"Regional Meeting, Stadion SOSiR, Słupsk",POL,07 MAY 2022,07 MAY 2022,10,688,59498,1193,59508,https://worldathletics.org/records/competition-performance-rankings/ranking/611639
1194,611926,"Campeonatos Estaduais Loterias Caixa de Atletismo Adulto, Timbó",BRA,14 MAY 2022,15 MAY 2022,20,571,59447,1196,59467,https://worldathletics.org/records/competition-performance-rankings/ranking/611926
1195,611182,"East Texas Quad, Memorial Stadium, Commerce, TX",USA,28 APR 2022,28 APR 2022,15,620,59450,1195,59465,https://worldathletics.org/records/competition-performance-rankings/ranking/611182
1196,617455,"21st Hannawa High School Competition, Kimiidera Park Athletic Field, Wakayama",JPN,29 APR 2022,29 APR 2022,0,,59460,1194,59460,https://worldathletics.org/records/competition-performance-rankings/ranking/617455
1197,615525,"Oxford v Cambridge 147th Athletics Varsity Match, Oxford University Track, Oxford",GBR,08 MAY 2022,08 MAY 2022,15,620,59432,1198,59447,https://worldathletics.org/records/competition-performance-rankings/ranking/615525
1198,611171,"NSU Dewey Donat Classic, Aberdeen, SD",USA,22 APR 2022,23 APR 2022,0,,59444,1197,59444,https://worldathletics.org/records/competition-performance-rankings/ranking/611171
1199,611276,"3. Fly- up and far Meeting, Bezirkssportanlage Hahnstraße, Frankfurt",GER,01 MAY 2022,01 MAY 2022,75,350,59347,1203,59422,https://worldathletics.org/records/competition-performance-rankings/ranking/611276
1200,615858,"70th Tokyo Universities Competition, Kokushikan University Stadium, Tama",JPN,09 OCT 2022,09 OCT 2022,0,,59419,1199,59419,https://worldathletics.org/records/competition-performance-rankings/ranking/615858
1201,624038,"NNU Invitational & Multi, Ford Idaho Ctr. Jacksons Track, Nampa, ID",USA,01 APR 2022,02 APR 2022,0,,59367,1200,59367,https://worldathletics.org/records/competition-performance-rankings/ranking/624038
1202,615565,"1st Osaka Sports University Competition, Nansho Gakuen Stadium, Osaka",JPN,23 APR 2022,23 APR 2022,0,,59356,1201,59356,https://worldathletics.org/records/competition-performance-rankings/ranking/615565
1203,612394,"Gustav Sule Memoriaal, Tamme staadion, Tartu",EST,01 JUN 2022,01 JUN 2022,0,,59351,1202,59351,https://worldathletics.org/records/competition-performance-rankings/ranking/612394
1204,613026,"Venezuelan U20 Championships, Polideportivo Agustin Tovar, Barinas",VEN,17 JUN 2022,18 JUN 2022,15,620,59272,1204,59287,https://worldathletics.org/records/competition-performance-rankings/ranking/613026
1205,616441,"Albie Thomas Mile, The Crest Athletics Centre, Bankstown, Sydney",AUS,03 DEC 2022,03 DEC 2022,5,753,59266,1205,59271,https://worldathletics.org/records/competition-performance-rankings/ranking/616441
1206,613275,"ACAN Pre-National Trials Competition, MKO Abiola National Stadium, Abuja",NGR,10 JUN 2022,10 JUN 2022,0,,59264,1206,59264,https://worldathletics.org/records/competition-performance-rankings/ranking/613275
1207,610939,"Don Kirby Tailwind Invitational, Albuquerque, NM",USA,21 APR 2022,21 APR 2022,30,500,59208,1207,59238,https://worldathletics.org/records/competition-performance-rankings/ranking/610939
1208,613106,"Control Meeting, Estadi Joan Serrahima, Barcelona",ESP,15 JUN 2022,15 JUN 2022,5,753,59176,1208,59181,https://worldathletics.org/records/competition-performance-rankings/ranking/613106
1209,616853,"National School Challenge, SA Athletic Stadium, Adelaide",AUS,12 DEC 2022,12 DEC 2022,0,,59084,1209,59084,https://worldathletics.org/records/competition-performance-rankings/ranking/616853
1210,610962,"Battle For The OC, CSU Titan Track Complex, Fullerton, CA",USA,22 APR 2022,22 APR 2022,0,,59081,1210,59081,https://worldathletics.org/records/competition-performance-rankings/ranking/610962
1211,615061,"4th Kyushu Kyoritsu University Challenge Competition, Kyushu Kyoritsu University Stadium, Kitakyushu",JPN,04 JUN 2022,04 JUN 2022,5,753,59069,1211,59074,https://worldathletics.org/records/competition-performance-rankings/ranking/615061
1212,610936,"Rex Foster Twilight, UW - Rex Foster at Fiskum Field, Whitewater, WI",USA,10 APR 2022,10 APR 2022,0,,59052,1212,59052,https://worldathletics.org/records/competition-performance-rankings/ranking/610936
1213,610354,"Todo Competidor AARM, Club Atlético Manquehue, Santiago de Chile",CHI,19 MAR 2022,19 MAR 2022,30,500,58990,1213,59020,https://worldathletics.org/records/competition-performance-rankings/ranking/610354
1214,610743,"Messiah Invitational & Multis, Starry Outdoor Track, Grantham, PA",USA,07 APR 2022,09 APR 2022,0,,58980,1214,58980,https://worldathletics.org/records/competition-performance-rankings/ranking/610743
1215,611942,"Control Meeting, Estadi Municipal, Mataró",ESP,18 MAY 2022,18 MAY 2022,0,,58964,1215,58964,https://worldathletics.org/records/competition-performance-rankings/ranking/611942
1216,615156,"National Southern District Tournament, Athletic Park, Ageo",JPN,15 JUL 2022,16 JUL 2022,0,,58957,1216,58957,https://worldathletics.org/records/competition-performance-rankings/ranking/615156
1217,613306,"Qualification Meeting, Stadion Iskra, Bialogard",POL,19 JUN 2022,19 JUN 2022,0,,58956,1217,58956,https://worldathletics.org/records/competition-performance-rankings/ranking/613306
1218,610896,"McMurry War Hawk Classic, Abilene, TX",USA,15 APR 2022,15 APR 2022,0,,58950,1218,58950,https://worldathletics.org/records/competition-performance-rankings/ranking/610896
1219,611377,"Virginia High Performance, UVA Lanningan Field, Charlottesville, VA",USA,04 MAY 2022,04 MAY 2022,55,398,58892,1224,58947,https://worldathletics.org/records/competition-performance-rankings/ranking/611377
1220,616378,"Gunma Prefecture High School Competition, Shikishima Park Prefectural Athletic Field, Maebashi",JPN,17 SEP 2022,18 SEP 2022,0,,58930,1219,58930,https://worldathletics.org/records/competition-performance-rankings/ranking/616378
1221,613016,"86. Juhannuskisat, Keskusurheilukenttä, Saarijärvi",FIN,19 JUN 2022,19 JUN 2022,5,753,58920,1220,58925,https://worldathletics.org/records/competition-performance-rankings/ranking/613016
1222,614473,"South of England U15/17 Inter Counties Ch., Horspath Athletics Track, Oxford",GBR,10 SEP 2022,10 SEP 2022,0,,58919,1221,58919,https://worldathletics.org/records/competition-performance-rankings/ranking/614473
1223,610529,"Desafio CBAt / CPB, São Paulo",BRA,31 MAR 2022,01 APR 2022,95,311,58817,1227,58912,https://worldathletics.org/records/competition-performance-rankings/ranking/610529
1224,616198,"40th All Kyushu HS Meeting, Prefectural Stadium, Kumamoto",JPN,16 SEP 2022,21 SEP 2022,0,,58906,1222,58906,https://worldathletics.org/records/competition-performance-rankings/ranking/616198
1225,611345,"Brown Springtime Invitational, Brown Stadium, Providence, RI",USA,01 MAY 2022,01 MAY 2022,0,,58904,1223,58904,https://worldathletics.org/records/competition-performance-rankings/ranking/611345
1226,614651,"27th Toyama Cup, Athletics Stadium, Toyama",JPN,06 AUG 2022,07 AUG 2022,0,,58880,1225,58880,https://worldathletics.org/records/competition-performance-rankings/ranking/614651
1227,608450,"Jai Taurima Shield, QSAC State Athletics Facility, Nathan, Brisbane",AUS,08 JAN 2022,08 JAN 2022,25,537,58814,1228,58839,https://worldathletics.org/records/competition-performance-rankings/ranking/608450
1228,612801,"3. kolo II. ligy Skupina A, Jicin",CZE,11 JUN 2022,11 JUN 2022,0,,58837,1226,58837,https://worldathletics.org/records/competition-performance-rankings/ranking/612801
1229,610855,"8th Record Challenge, Nihon University Athletics Stadium, Setagaya, Tokyo",JPN,20 MAR 2022,20 MAR 2022,15,620,58791,1229,58806,https://worldathletics.org/records/competition-performance-rankings/ranking/610855
1230,615044,"2nd GKU Competition, Kyoritsu University Athletics Stadium, Gifu",JPN,07 MAY 2022,08 MAY 2022,0,,58783,1230,58783,https://worldathletics.org/records/competition-performance-rankings/ranking/615044
1231,612847,"Harju Cup 2, Harjun stadion, Jyväskylä",FIN,13 JUN 2022,13 JUN 2022,10,688,58730,1232,58740,https://worldathletics.org/records/competition-performance-rankings/ranking/612847
1232,611670,"Opening Meeting, Stadion Zygmunta Szelesta, Warszawa",POL,07 MAY 2022,08 MAY 2022,0,,58733,1231,58733,https://worldathletics.org/records/competition-performance-rankings/ranking/611670
1233,612188,"Olimpik Deneme Yarışmaları, Atıcılar Atletizm Sahası, Bursa",TUR,21 MAY 2022,22 MAY 2022,20,571,58707,1236,58727,https://worldathletics.org/records/competition-performance-rankings/ranking/612188
1233,614148,"High Speed League, Pista Atletica, Sestriere",ITA,31 JUL 2022,31 JUL 2022,20,571,58707,1236,58727,https://worldathletics.org/records/competition-performance-rankings/ranking/614148
1235,612924,"Meeting National à thème de Limoges, Stade de Beaublanc, Limoges",FRA,15 JUN 2022,15 JUN 2022,35,477,58689,1238,58724,https://worldathletics.org/records/competition-performance-rankings/ranking/612924
1236,614760,"6th Kyushu Kyoritsu University Challenge Competition, Kyushu Kyoritsu University Stadium, Kitakyushu",JPN,06 AUG 2022,07 AUG 2022,10,688,58709,1235,58719,https://worldathletics.org/records/competition-performance-rankings/ranking/614760
1237,614167,"1st Tokai University Competition, Tokai University Stadium, Hiratsuka",JPN,30 APR 2022,30 APR 2022,0,,58716,1233,58716,https://worldathletics.org/records/competition-performance-rankings/ranking/614167
1238,613469,"Competitie 2e Divisie Poule 4 R3, Atletiekbaan Brakkenstein, Nijmegen",NED,03 JUL 2022,03 JUL 2022,0,,58711,1234,58711,https://worldathletics.org/records/competition-performance-rankings/ranking/613469
1239,610928,"Nebraska Wesleyan - Doane Dual Meet, Woody Greeno Track, Lincoln, NE",USA,15 APR 2022,15 APR 2022,0,,58685,1239,58685,https://worldathletics.org/records/competition-performance-rankings/ranking/610928
1240,610924,"The Trojan Relays, Ray McDonald, Sr., Track Complex, Mount Olive, NC",USA,15 APR 2022,16 APR 2022,0,,58679,1240,58679,https://worldathletics.org/records/competition-performance-rankings/ranking/610924
1240,615599,"Saga Record Meeting, Sunrise Park, Saga",JPN,23 APR 2022,24 APR 2022,0,,58679,1240,58679,https://worldathletics.org/records/competition-performance-rankings/ranking/615599
1242,612465,"ROU-ISR-UKR-CYP U20 Match, Tsirio Stadium, Limassol",CYP,07 MAY 2022,07 MAY 2022,0,,58640,1242,58640,https://worldathletics.org/records/competition-performance-rankings/ranking/612465
1243,614372,"Open Avondmeeting, VITA Atletiek, Ninove",BEL,07 SEP 2022,07 SEP 2022,0,,58630,1243,58630,https://worldathletics.org/records/competition-performance-rankings/ranking/614372
1244,611135,"GCU Invitational, GCU Track & Field, Phoenix, AZ",USA,03 APR 2022,03 APR 2022,30,500,58565,1246,58595,https://worldathletics.org/records/competition-performance-rankings/ranking/611135
1245,616076,"Omuta Autumn Meeting, Gotaiten Memorial Field, Omuta",JPN,03 NOV 2022,03 NOV 2022,0,,58592,1244,58592,https://worldathletics.org/records/competition-performance-rankings/ranking/616076
1246,612800,"Meeting régional du RCN, Stade Michel Lecointre, Nantes",FRA,12 JUN 2022,12 JUN 2022,0,,58580,1245,58580,https://worldathletics.org/records/competition-performance-rankings/ranking/612800
1247,610566,"Louis Lynch Championships, National Stadium, Waterford, Bridgetown",BAR,05 MAR 2022,06 MAR 2022,0,,58563,1247,58563,https://worldathletics.org/records/competition-performance-rankings/ranking/610566
1248,613942,"CIF North Coast Section Meet of Champions, Dublin HS, Dublin, CA",USA,20 MAY 2022,21 MAY 2022,0,,58554,1248,58554,https://worldathletics.org/records/competition-performance-rankings/ranking/613942
1249,611098,"Trofeo della Liberazione, Stadio Paolo Rosi, Roma",ITA,25 APR 2022,25 APR 2022,0,,58551,1249,58551,https://worldathletics.org/records/competition-performance-rankings/ranking/611098
1250,608535,"Strive Program D, WA Athletics Stadium, Perth",AUS,14 JAN 2022,14 JAN 2022,10,688,58529,1250,58539,https://worldathletics.org/records/competition-performance-rankings/ranking/608535
1251,614267,"Ecuadorean U23 Championships, Quito",ECU,27 AUG 2022,28 AUG 2022,45,440,58446,1253,58491,https://worldathletics.org/records/competition-performance-rankings/ranking/614267
1252,611909,"1. kolo II. ligy skupina A, Bílina",CZE,14 MAY 2022,14 MAY 2022,0,,58483,1251,58483,https://worldathletics.org/records/competition-performance-rankings/ranking/611909
1253,611138,"ACNW Open T&F Meeting, McArthur Stadium, Potchefstroom",RSA,02 MAR 2022,02 MAR 2022,45,440,58421,1256,58466,https://worldathletics.org/records/competition-performance-rankings/ranking/611138
1254,610089,"Jaguar Opener, Jaguar Track, Mobile, AL",USA,05 MAR 2022,05 MAR 2022,0,,58465,1252,58465,https://worldathletics.org/records/competition-performance-rankings/ranking/610089
1255,615925,"Kagawa Carnival, Yashima Stadium, Takamatsu",JPN,29 OCT 2022,30 OCT 2022,0,,58441,1254,58441,https://worldathletics.org/records/competition-performance-rankings/ranking/615925
1256,615424,"2nd GKU Summer Night Competition, Kyoritsu University Athletics Stadium, Gifu",JPN,08 AUG 2022,09 AUG 2022,0,,58425,1255,58425,https://worldathletics.org/records/competition-performance-rankings/ranking/615424
1257,612820,"Pré-Régionaux, Stade Gillardeaux, Avignon",FRA,11 JUN 2022,12 JUN 2022,0,,58377,1257,58377,https://worldathletics.org/records/competition-performance-rankings/ranking/612820
1258,615428,"UB Team Invitational, University at Buffalo Stadium, Buffalo, NY",USA,23 APR 2022,23 APR 2022,15,620,58359,1259,58374,https://worldathletics.org/records/competition-performance-rankings/ranking/615428
1259,613830,"South West Inter-Counties & Ch., Exeter Arena Athletics Stadium, Exeter",GBR,24 JUL 2022,24 JUL 2022,0,,58368,1258,58368,https://worldathletics.org/records/competition-performance-rankings/ranking/613830
1260,611816,"Liga Joma de Clubes, Hueska",ESP,14 MAY 2022,14 MAY 2022,5,753,58334,1260,58339,https://worldathletics.org/records/competition-performance-rankings/ranking/611816
1261,610562,"1er Championnat d’Afrique des Clubs Champions Francophone, Stade de la Réunification de Bepanda, Douala",CMR,23 MAR 2022,25 MAR 2022,0,,58312,1261,58312,https://worldathletics.org/records/competition-performance-rankings/ranking/610562
1262,615577,"Jai Taurima Shield, QSAC State Athletics Facility, Nathan, Brisbane",AUS,29 OCT 2022,29 OCT 2022,30,500,58268,1263,58298,https://worldathletics.org/records/competition-performance-rankings/ranking/615577
1263,615035,"Interclubs, Stade des Maradas, Cergy-Pontoise",FRA,21 MAY 2022,21 MAY 2022,0,,58277,1262,58277,https://worldathletics.org/records/competition-performance-rankings/ranking/615035
1264,611490,"Championnat de France des clubs, Stade de Montbauron, Versailles",FRA,07 MAY 2022,07 MAY 2022,0,,58267,1264,58267,https://worldathletics.org/records/competition-performance-rankings/ranking/611490
1265,617059,"Sri Lankan School Championships, Colombo",SRI,02 DEC 2022,06 DEC 2022,0,,58195,1265,58195,https://worldathletics.org/records/competition-performance-rankings/ranking/617059
1266,612414,"Torneo Mario Correa Letelier, Pista Atlética Eliana Gaete Lazo, Las Condes",CHI,22 APR 2022,23 APR 2022,55,398,58133,1267,58188,https://worldathletics.org/records/competition-performance-rankings/ranking/612414
1267,614541,"2nd University of Tsukuba Competition, University Stadium, Tsukuba",JPN,28 MAY 2022,29 MAY 2022,45,440,58130,1268,58175,https://worldathletics.org/records/competition-performance-rankings/ranking/614541
1268,612269,"50. Internationales Leichtathletik-Meeting des LAZ Rhede, Besagroup-Sportpark, Rhede",GER,28 MAY 2022,29 MAY 2022,65,379,58079,1272,58144,https://worldathletics.org/records/competition-performance-rankings/ranking/612269
1269,612336,"Campeonato Nacional de Clubes, Estádio Dr. Magalhães Pessoa, Leiria",POR,28 MAY 2022,29 MAY 2022,5,753,58137,1266,58142,https://worldathletics.org/records/competition-performance-rankings/ranking/612336
1270,611119,"Meeting Primo Nebiolo, Stadio Primo Nebiolo, Torino",ITA,25 APR 2022,25 APR 2022,15,620,58111,1269,58126,https://worldathletics.org/records/competition-performance-rankings/ranking/611119
1271,614212,"ABES Topmeeting, Atletiek Belgica Edegem Sport, Edegem",BEL,28 AUG 2022,28 AUG 2022,15,620,58108,1271,58123,https://worldathletics.org/records/competition-performance-rankings/ranking/614212
1272,614894,"Tour AURA, St-Etienne",FRA,02 OCT 2022,02 OCT 2022,0,,58109,1270,58109,https://worldathletics.org/records/competition-performance-rankings/ranking/614894
1273,613173,"Tilastopajacup 3, Paavo Nurmen Stadion, Turku",FIN,22 JUN 2022,22 JUN 2022,0,,58040,1273,58040,https://worldathletics.org/records/competition-performance-rankings/ranking/613173
1274,613692,"Elite Event & Young Talents ""AAF One Day"", Stade Annexe du 5 Juillet, Algiers",ALG,16 JUL 2022,16 JUL 2022,0,,58011,1274,58011,https://worldathletics.org/records/competition-performance-rankings/ranking/613692
1275,614015,"KVV Cad/Sch, Gerard Bontinckstadion, Sint-Niklaas",BEL,15 AUG 2022,15 AUG 2022,0,,58007,1275,58007,https://worldathletics.org/records/competition-performance-rankings/ranking/614015
1276,615455,"Juegos Universitarios Nacionales, Cali",COL,06 OCT 2022,08 OCT 2022,50,419,57934,1277,57984,https://worldathletics.org/records/competition-performance-rankings/ranking/615455
1277,610817,"Lewis & Clark Invitational, Griswold Stadium, Portland, OR",USA,15 APR 2022,16 APR 2022,0,,57983,1276,57983,https://worldathletics.org/records/competition-performance-rankings/ranking/610817
1278,613890,"London Inter Club Challenge, Barnet Copthall Stadium Hendon, London",GBR,23 JUL 2022,23 JUL 2022,75,350,57896,1278,57971,https://worldathletics.org/records/competition-performance-rankings/ranking/613890
1279,612864,"Míting Ciutat de Mollet, Mollet del Vallès",ESP,27 MAY 2022,27 MAY 2022,0,,57865,1279,57865,https://worldathletics.org/records/competition-performance-rankings/ranking/612864
1280,613329,"4eme Meeting Interclubs, Stade omnisports Ahmadou Ahidjo, Yaoundé",CMR,28 MAY 2022,29 MAY 2022,0,,57849,1280,57849,https://worldathletics.org/records/competition-performance-rankings/ranking/613329
1281,612484,"Meeting National d'Amiens, Stade Urbain Wallet, Amiens",FRA,05 JUN 2022,05 JUN 2022,160,248,57662,1291,57822,https://worldathletics.org/records/competition-performance-rankings/ranking/612484
1282,612550,"Pre-Oceania Meet, Aquatic and Recreation Centre, Mackay",AUS,04 JUN 2022,04 JUN 2022,80,336,57734,1288,57814,https://worldathletics.org/records/competition-performance-rankings/ranking/612550
1283,611933,"1. kolo II. ligy skupina D, Šumperk",CZE,14 MAY 2022,14 MAY 2022,0,,57799,1281,57799,https://worldathletics.org/records/competition-performance-rankings/ranking/611933
1284,612408,"Leinster Junior & Senior Championships, South Sports Campus, Carlow",IRL,28 MAY 2022,29 MAY 2022,0,,57798,1282,57798,https://worldathletics.org/records/competition-performance-rankings/ranking/612408
1285,615414,"Golden Eagle Invitational, Laidley Field @ UC Stadium, Charleston, WV",USA,16 APR 2022,16 APR 2022,0,,57797,1283,57797,https://worldathletics.org/records/competition-performance-rankings/ranking/615414
1286,614492,"Team DM Jugend U20 / U16, Jahnkampfbahn, Hamburg",GER,11 SEP 2022,11 SEP 2022,10,688,57783,1285,57793,https://worldathletics.org/records/competition-performance-rankings/ranking/614492
1287,615215,"Treloar Shield Round 2, The Crest Athletics Centre, Bankstown, Sydney",AUS,15 OCT 2022,15 OCT 2022,5,753,57786,1284,57791,https://worldathletics.org/records/competition-performance-rankings/ranking/615215
1288,616599,"CRL Meeting Bronze Lombardia, Centro sportivo di Villa Gonzaga, Olgiate Olona",ITA,25 JUN 2022,25 JUN 2022,0,,57753,1286,57753,https://worldathletics.org/records/competition-performance-rankings/ranking/616599
1289,616001,"5th Osaka Sports University Competition, Nansho Gakuen Stadium, Osaka",JPN,29 OCT 2022,30 OCT 2022,0,,57741,1287,57741,https://worldathletics.org/records/competition-performance-rankings/ranking/616001
1290,613991,"ACM Gouden 3000 prijzenmeeting, Evergem",BEL,13 AUG 2022,13 AUG 2022,25,537,57703,1290,57728,https://worldathletics.org/records/competition-performance-rankings/ranking/613991
1291,613671,"HämSY:n M/N pm-kilpailut, Läykkälänlahden urheilukenttä, Ikaalinen",FIN,12 JUL 2022,13 JUL 2022,10,688,57711,1289,57721,https://worldathletics.org/records/competition-performance-rankings/ranking/613671
1292,614711,"Tru Fit Athletic Sprint Series #2, Tropical Park Track, Miami, FL",USA,23 APR 2022,23 APR 2022,275,178,57442,1293,57717,https://worldathletics.org/records/competition-performance-rankings/ranking/614711
1293,610646,"Temple Invitational, Temple Sports Complex, Philadelphia, PA",USA,08 APR 2022,08 APR 2022,0,,57658,1292,57658,https://worldathletics.org/records/competition-performance-rankings/ranking/610646
