place,competitionId,competition,country,startDate,endDate,partScore,participationScorePlace,resultScore,resultScorePlace,competitionScore,competitionUrl
1,623656,"Prefontaine Classic, Hayward Field, Eugene, OR",USA,16 SEP 2023,17 SEP 2023,8820,1,90096,1,99156,https://worldathletics.org/records/competition-performance-rankings/ranking/623656
2,622647,"Silesia Kamila Skolimowska Memorial, Stadion Śląski, Chorzów",POL,16 JUL 2023,16 JUL 2023,7460,3,87930,3,95390,https://worldathletics.org/records/competition-performance-rankings/ranking/622647
3,623451,"Weltklasse Zürich, Letzigrund, Zürich",SUI,30 AUG 2023,31 AUG 2023,7490,2,87493,6,94983,https://worldathletics.org/records/competition-performance-rankings/ranking/623451
4,622819,"London Athletics Meet, Olympic Stadium, London",GBR,23 JUL 2023,23 JUL 2023,6845,7,88079,2,94924,https://worldathletics.org/records/competition-performance-rankings/ranking/622819
5,621719,"Oslo Bislett Games, Bislett Stadion, Oslo",NOR,15 JUN 2023,15 JUN 2023,7290,5,87564,5,94854,https://worldathletics.org/records/competition-performance-rankings/ranking/621719
6,621439,"Meeting de Paris, Stade Charléty, Paris",FRA,09 JUN 2023,09 JUN 2023,7360,4,87252,8,94852,https://worldathletics.org/records/competition-performance-rankings/ranking/621439
7,622775,"Herculis Meeting International d’Athlétisme EBS, Stade Louis II, Monaco",MON,21 JUL 2023,21 JUL 2023,6500,10,87860,4,94480,https://worldathletics.org/records/competition-performance-rankings/ranking/622775
8,623460,"Memorial van Damme, Boudewijnstadion, Bruxelles",BEL,07 SEP 2023,08 SEP 2023,6525,9,87341,7,93986,https://worldathletics.org/records/competition-performance-rankings/ranking/623460
9,621180,"Golden Gala Pietro Mennea, Stadio Luigi Ridolfi, Firenze",ITA,02 JUN 2023,02 JUN 2023,7000,6,86567,11,93687,https://worldathletics.org/records/competition-performance-rankings/ranking/621180
10,622251,"Athletissima Lausanne, Stade Olympique de la Pontaise, Lausanne",SUI,29 JUN 2023,30 JUN 2023,6480,12,86722,10,93202,https://worldathletics.org/records/competition-performance-rankings/ranking/622251
11,620929,"USATF Los Angeles Grand Prix, Drake Stadium, Los Angeles, CA",USA,26 MAY 2023,27 MAY 2023,5900,14,86729,9,92749,https://worldathletics.org/records/competition-performance-rankings/ranking/620929
12,620078,"Diamond League Meeting, Suhaim bin Hamad Stadium, Doha",QAT,05 MAY 2023,05 MAY 2023,6620,8,86100,14,92720,https://worldathletics.org/records/competition-performance-rankings/ranking/620078
13,620982,"Meeting International Mohammed VI d'Athletisme de Rabat, Complexe Sportif Prince Moulay Abdellah, Rabat",MAR,28 MAY 2023,28 MAY 2023,6500,10,85594,16,92094,https://worldathletics.org/records/competition-performance-rankings/ranking/620982
14,623347,"Wanda Diamond League Xiamen, Egret Stadium, Xiamen",CHN,02 SEP 2023,02 SEP 2023,5370,15,86138,12,91508,https://worldathletics.org/records/competition-performance-rankings/ranking/623347
15,622711,"Gyulai István Memorial - Hungarian Athletics Grand Prix, Bregyó Athletic Center, Székesfehérvár",HUN,18 JUL 2023,18 JUL 2023,5275,16,86101,13,91376,https://worldathletics.org/records/competition-performance-rankings/ranking/622711
16,622312,"BAUHAUS-Galan, Olympiastadion, Stockholm",SWE,02 JUL 2023,02 JUL 2023,5910,13,84789,23,90699,https://worldathletics.org/records/competition-performance-rankings/ranking/622312
17,623523,"Memorial Borisa Hanžekovića, Sports Park Mladost, Zagreb",CRO,08 SEP 2023,10 SEP 2023,3740,19,85120,19,88860,https://worldathletics.org/records/competition-performance-rankings/ranking/623523
18,621253,"FBK Games, FBK Stadium, Hengelo",NED,03 JUN 2023,04 JUN 2023,3605,22,85062,20,88667,https://worldathletics.org/records/competition-performance-rankings/ranking/621253
19,621635,"Paavo Nurmi Games, Paavo Nurmen Stadion, Turku",FIN,13 JUN 2023,13 JUN 2023,3980,18,84619,25,88599,https://worldathletics.org/records/competition-performance-rankings/ranking/621635
20,619532,"Tom Jones Memorial, Percy Beard Track, Gainesville, FL",USA,14 APR 2023,15 APR 2023,2585,28,85994,15,88579,https://worldathletics.org/records/competition-performance-rankings/ranking/619532
21,622174,"62nd Ostrava Golden Spike, Mestský Stadion, Ostrava",CZE,27 JUN 2023,27 JUN 2023,3735,20,84824,22,88559,https://worldathletics.org/records/competition-performance-rankings/ranking/622174
22,623430,"Gala dei Castelli, Stadio Comunale, Bellinzona",SUI,03 SEP 2023,04 SEP 2023,4040,17,84510,26,88550,https://worldathletics.org/records/competition-performance-rankings/ranking/623430
23,622040,"USATF NYC Grand Prix, Icahn Stadium, New York, NY",USA,24 JUN 2023,24 JUN 2023,3650,21,84623,24,88273,https://worldathletics.org/records/competition-performance-rankings/ranking/622040
24,621353,"5th Irena Szewińska Memorial, Zdzisław Krzyszkowiak Stadium, Bydgoszcz",POL,06 JUN 2023,06 JUN 2023,3560,23,84256,28,87816,https://worldathletics.org/records/competition-performance-rankings/ranking/621353
25,623027,"Ed Murphey Classic, Rhodes College, Memphis, TN",USA,04 AUG 2023,05 AUG 2023,2690,27,84875,21,87565,https://worldathletics.org/records/competition-performance-rankings/ranking/623027
26,620889,"Kip Keino Classic, Moi International Sports Centre, Kasarani, Nairobi",KEN,13 MAY 2023,13 MAY 2023,3415,24,84149,31,87564,https://worldathletics.org/records/competition-performance-rankings/ranking/620889
27,622805,"Spitzen Leichathletik Luzern, Stadion Allmend, Luzern",SUI,20 JUL 2023,20 JUL 2023,2485,30,84431,27,86916,https://worldathletics.org/records/competition-performance-rankings/ranking/622805
28,621269,"69° ORLEN Janusz Kusociński Memorial, Stadion Śląski, Chorzów",POL,04 JUN 2023,04 JUN 2023,3045,25,83688,35,86733,https://worldathletics.org/records/competition-performance-rankings/ranking/621269
29,619355,"Clyde Littlefield Texas Relays presented by Truist, Mike A. Myers Stadium, Austin, TX",USA,29 MAR 2023,01 APR 2023,1470,48,85191,18,86661,https://worldathletics.org/records/competition-performance-rankings/ranking/619355
30,620400,"SEC Outdoor Track & Field Championships, LSU Bernie Moore Stadium, Baton Rouge, LA",USA,11 MAY 2023,13 MAY 2023,1135,66,85395,17,86530,https://worldathletics.org/records/competition-performance-rankings/ranking/620400
31,620688,"USATF Bermuda Grand Prix, Flora Duffy Stadium, Devonshire",BER,21 MAY 2023,21 MAY 2023,2325,31,84152,30,86477,https://worldathletics.org/records/competition-performance-rankings/ranking/620688
32,620049,"Botswana Golden Grand Prix, National Stadium, Gaborone",BOT,29 APR 2023,29 APR 2023,2230,33,83946,34,86176,https://worldathletics.org/records/competition-performance-rankings/ranking/620049
33,622799,"Meeting Madrid, Estadio Vallehermoso, Madrid",ESP,21 JUL 2023,22 JUL 2023,1790,40,84240,29,86030,https://worldathletics.org/records/competition-performance-rankings/ranking/622799
34,623373,"ISTAF, Olympiastadion, Berlin",GER,03 SEP 2023,03 SEP 2023,2815,26,83137,41,85952,https://worldathletics.org/records/competition-performance-rankings/ranking/623373
35,619655,"Mt. SAC Relays, Hilmer Lodge Stadium, Walnut, CA",USA,12 APR 2023,15 APR 2023,1850,38,84017,32,85867,https://worldathletics.org/records/competition-performance-rankings/ranking/619655
36,623449,"59. Palio Citta' della Quercia, Stadio Quercia, Rovereto",ITA,06 SEP 2023,06 SEP 2023,2270,32,83118,42,85388,https://worldathletics.org/records/competition-performance-rankings/ranking/623449
37,621238,"Montreuil International Meeting, Stade des Grands Pêchers, Montreuil",FRA,31 MAY 2023,31 MAY 2023,2030,36,83270,39,85300,https://worldathletics.org/records/competition-performance-rankings/ranking/621238
38,621235,"Music City Track Carnival, Vanderbilt Track, Nashville, TN",USA,02 JUN 2023,03 JUN 2023,1310,56,83987,33,85297,https://worldathletics.org/records/competition-performance-rankings/ranking/621235
39,620647,"Seiko Golden Grand Prix, International Stadium, Yokohama",JPN,21 MAY 2023,21 MAY 2023,2045,35,83166,40,85211,https://worldathletics.org/records/competition-performance-rankings/ranking/620647
40,623030,"CITIUS Meeting, Stadion Wankdorf, Bern",SUI,04 AUG 2023,04 AUG 2023,1655,42,83437,38,85092,https://worldathletics.org/records/competition-performance-rankings/ranking/623030
41,621451,"Atletica Geneve - EAP, Centre sportif Bout-du-Monde, Genève",SUI,10 JUN 2023,10 JUN 2023,1390,52,83570,36,84960,https://worldathletics.org/records/competition-performance-rankings/ranking/621451
42,619412,"Miramar Invitational, Ansin Sports Complex, Miramar, FL",USA,08 APR 2023,08 APR 2023,1840,39,82938,43,84778,https://worldathletics.org/records/competition-performance-rankings/ranking/619412
43,622458,"Meeting International de Sotteville 2023, Stade Sottevillais 76, Sotteville-lès-Rouen",FRA,07 JUL 2023,07 JUL 2023,1995,37,82346,48,84341,https://worldathletics.org/records/competition-performance-rankings/ranking/622458
44,619342,"Pepsi Florida Relays, Percy Beard Track, Gainesville, FL",USA,31 MAR 2023,01 APR 2023,775,93,83553,37,84328,https://worldathletics.org/records/competition-performance-rankings/ranking/619342
45,620081,"Drake Relays, Drake Stadium, Des Moines, IA",USA,26 APR 2023,29 APR 2023,2525,29,81505,62,84030,https://worldathletics.org/records/competition-performance-rankings/ranking/620081
46,621248,"Racers Grand Prix, National Stadium, Kingston",JAM,03 JUN 2023,03 JUN 2023,2120,34,81859,58,83979,https://worldathletics.org/records/competition-performance-rankings/ranking/621248
47,623419,"36th Meeting Citta' Di Padova, Stadio Colbachini, Padova",ITA,03 SEP 2023,03 SEP 2023,1480,47,82357,47,83837,https://worldathletics.org/records/competition-performance-rankings/ranking/623419
48,621852,"Meeting Stanislas Nancy, Stade Raymond Petit, Tomblaine",FRA,18 JUN 2023,18 JUN 2023,1270,59,82444,45,83714,https://worldathletics.org/records/competition-performance-rankings/ranking/621852
49,619893,"LSU Invitational, LSU Bernie Moore Stadium, Baton Rouge, LA",USA,29 APR 2023,29 APR 2023,1350,54,82303,50,83653,https://worldathletics.org/records/competition-performance-rankings/ranking/619893
50,622637,"Night of Athletics, Stadion De Veen, Heusden-Zolder",BEL,15 JUL 2023,15 JUL 2023,1045,70,82607,44,83652,https://worldathletics.org/records/competition-performance-rankings/ranking/622637
51,619752,"LSU Alumni Gold, LSU Bernie Moore Stadium, Baton Rouge, LA",USA,22 APR 2023,22 APR 2023,1325,55,82322,49,83647,https://worldathletics.org/records/competition-performance-rankings/ranking/619752
52,621828,"Czeslaw Cybulski Memorial, Golęcin Stadion, Poznan",POL,18 JUN 2023,18 JUN 2023,1570,44,82003,54,83573,https://worldathletics.org/records/competition-performance-rankings/ranking/621828
53,620991,"58th International Pentecost Sport Meeting Rehlingen, Bungertstadion, Rehlingen",GER,28 MAY 2023,28 MAY 2023,1525,46,82001,55,83526,https://worldathletics.org/records/competition-performance-rankings/ranking/620991
54,622439,"Resisprint International, Stade de La Charrière, La Chaux-de-Fonds",SUI,02 JUL 2023,02 JUL 2023,1205,65,82110,52,83315,https://worldathletics.org/records/competition-performance-rankings/ranking/622439
55,622745,"P-T-S meeting 2023, Štadión SNP, Banská Bystrica",SVK,20 JUL 2023,20 JUL 2023,1375,53,81928,56,83303,https://worldathletics.org/records/competition-performance-rankings/ranking/622745
56,622401,"Meeting Iberoamericano, Estadio Iberoamericano, Huelva",ESP,06 JUN 2023,06 JUN 2023,1100,67,82174,51,83274,https://worldathletics.org/records/competition-performance-rankings/ranking/622401
57,620861,"12th International Meeting ""Citta' Di Savona"", Centro Sportivo Fontanassa, Savona",ITA,24 MAY 2023,24 MAY 2023,1285,58,81910,57,83195,https://worldathletics.org/records/competition-performance-rankings/ranking/620861
58,620459,"Pac 12 Men's and Women's Track and Field Championships, Hilmer Lodge Stadium, Walnut, CA",USA,12 MAY 2023,14 MAY 2023,640,104,82425,46,83065,https://worldathletics.org/records/competition-performance-rankings/ranking/620459
59,620939,"IFAM Oordegem, Putbosstadion, Oordegem",BEL,27 MAY 2023,27 MAY 2023,960,77,82012,53,82972,https://worldathletics.org/records/competition-performance-rankings/ranking/620939
60,620403,"NACAC New Life Invitational, Grand Bahama Sports Complex, Freeport",BAH,13 MAY 2023,13 MAY 2023,1270,59,81620,60,82890,https://worldathletics.org/records/competition-performance-rankings/ranking/620403
61,622700,"International Marseille Meeting, Stade Delort, Marseille",FRA,17 JUL 2023,17 JUL 2023,1400,50,81398,65,82798,https://worldathletics.org/records/competition-performance-rankings/ranking/622700
62,620233,"The Penn Relays Carnival, Franklin Field, Philadelphia, PA",USA,27 APR 2023,29 APR 2023,855,81,81859,58,82714,https://worldathletics.org/records/competition-performance-rankings/ranking/620233
63,622957,"Spanish Championships, Pista Parc Central, Torrent",ESP,28 JUL 2023,30 JUL 2023,1220,63,81469,63,82689,https://worldathletics.org/records/competition-performance-rankings/ranking/622957
64,623245,"Final of the Queen of Sports, Kalininets Stadium, Yekaterinburg",RUS,17 AUG 2023,19 AUG 2023,830,84,81467,64,82297,https://worldathletics.org/records/competition-performance-rankings/ranking/623245
65,622633,"Harry Jerome Track Classic, McLeod Stadium, Langley",CAN,14 JUL 2023,14 JUL 2023,1025,73,81183,67,82208,https://worldathletics.org/records/competition-performance-rankings/ranking/622633
66,621827,"ATL All-Comers Series, Marietta HS, Marietta, GA",USA,17 JUN 2023,17 JUN 2023,675,100,81510,61,82185,https://worldathletics.org/records/competition-performance-rankings/ranking/621827
67,621785,"25th International Athletics Meeting Anhalt 2023, Paul-Greifzu-Stadion, Dessau",GER,17 JUN 2023,17 JUN 2023,1060,69,81089,69,82149,https://worldathletics.org/records/competition-performance-rankings/ranking/621785
68,622306,"Folksam Grand Prix Sollentuna, Sollentunavallen, Sollentuna",SWE,11 JUN 2023,11 JUN 2023,1630,43,80428,79,82058,https://worldathletics.org/records/competition-performance-rankings/ranking/622306
69,621206,"Trond Mohn Games, Fana Stadion, Bergen",NOR,03 JUN 2023,03 JUN 2023,1535,45,80497,76,82032,https://worldathletics.org/records/competition-performance-rankings/ranking/621206
70,618569,"Maurie Plant Meet – Melbourne, Lakeside Stadium, Melbourne",AUS,22 FEB 2023,23 FEB 2023,1290,57,80668,74,81958,https://worldathletics.org/records/competition-performance-rankings/ranking/618569
71,622628,"Meeting Sport e Solidarieta Lignano, Stadio G. Teghil, Lignano Sabbiadoro",ITA,14 JUL 2023,14 JUL 2023,805,89,81141,68,81946,https://worldathletics.org/records/competition-performance-rankings/ranking/622628
72,619704,"Michael Johnson Invitational, Clyde Hart Track & Field Stadium, Waco, TX",USA,21 APR 2023,22 APR 2023,560,114,81289,66,81849,https://worldathletics.org/records/competition-performance-rankings/ranking/619704
73,621640,"Kladno hází a Kladenské Memoriály 2023, Mestský Stadion Sletište, Kladno",CZE,13 JUN 2023,13 JUN 2023,1465,49,80242,81,81707,https://worldathletics.org/records/competition-performance-rankings/ranking/621640
74,619197,"Brisbane Track Classic, QSAC State Athletics Facility, Nathan, Brisbane",AUS,25 MAR 2023,25 MAR 2023,1220,63,80467,77,81687,https://worldathletics.org/records/competition-performance-rankings/ranking/619197
75,621695,"VII Memorial José Antonio Cansino, Pistes d'atletisme Gaetà Huguet, Castellón",ESP,14 JUN 2023,14 JUN 2023,635,106,80831,71,81466,https://worldathletics.org/records/competition-performance-rankings/ranking/621695
76,619911,"Texas Invitational, Mike A. Myers Stadium, Austin, TX",USA,28 APR 2023,29 APR 2023,780,92,80685,73,81465,https://worldathletics.org/records/competition-performance-rankings/ranking/619911
77,621328,"Memorial Josef Odložil, Stadion Juliska, Praha",CZE,05 JUN 2023,05 JUN 2023,1250,62,80047,84,81297,https://worldathletics.org/records/competition-performance-rankings/ranking/621328
78,620158,"10th Kinami Michitaka Memorial Athletics Meet, Yanmar Stadium Nagai, Osaka",JPN,06 MAY 2023,07 MAY 2023,765,94,80499,75,81264,https://worldathletics.org/records/competition-performance-rankings/ranking/620158
79,619824,"Bryan Clay Invitational, Cougar Athletic Stadium, Azusa, CA",USA,13 APR 2023,15 APR 2023,260,190,80997,70,81257,https://worldathletics.org/records/competition-performance-rankings/ranking/619824
80,618919,"Sydney Track Classic, SOPAC, Sydney",AUS,11 MAR 2023,11 MAR 2023,785,90,80466,78,81251,https://worldathletics.org/records/competition-performance-rankings/ranking/618919
81,622600,"Meeting Internationald'Athletisme de la Province de Liège, Stade Naimette-Xhovémont, Liège",BEL,12 JUL 2023,12 JUL 2023,825,85,80389,80,81214,https://worldathletics.org/records/competition-performance-rankings/ranking/622600
82,619880,"Desert Heat Classic, Univ. of Arizona Roy P. Drachman Stadium, Tucson, AZ",USA,29 APR 2023,29 APR 2023,380,146,80790,72,81170,https://worldathletics.org/records/competition-performance-rankings/ranking/619880
83,621781,"Kuortane Games, Kuortaneen keskusurheilukenttä, Kuortane",FIN,17 JUN 2023,17 JUN 2023,1400,50,79735,91,81135,https://worldathletics.org/records/competition-performance-rankings/ranking/621781
84,622939,"Meeting International Schifflange, Stade Jean Jacoby, Schifflange",LUX,30 JUL 2023,30 JUL 2023,1010,75,79928,87,80938,https://worldathletics.org/records/competition-performance-rankings/ranking/622939
85,622921,"#True Athletes Classics 2023, Stadion Manfort, Leverkusen",GER,29 JUL 2023,29 JUL 2023,1255,61,79639,93,80894,https://worldathletics.org/records/competition-performance-rankings/ranking/622921
86,621913,"Meeting Nikaïa, Parc des Sports C. Ehrmann, Nice",FRA,17 JUN 2023,17 JUN 2023,1025,73,79748,90,80773,https://worldathletics.org/records/competition-performance-rankings/ranking/621913
87,622610,"Guldensporenmeeting, Sportcentrum Wembley, Kortrijk",BEL,08 JUL 2023,08 JUL 2023,510,124,80239,82,80749,https://worldathletics.org/records/competition-performance-rankings/ranking/622610
88,621426,"Hungarian GP Series - Budapest, Lantos Mihály Sportközpont, Budapest",HUN,08 JUN 2023,08 JUN 2023,810,88,79896,88,80706,https://worldathletics.org/records/competition-performance-rankings/ranking/621426
89,620918,"Grifone Meeting, Stadio Zecchini, Grosseto",ITA,27 MAY 2023,27 MAY 2023,455,132,80088,83,80543,https://worldathletics.org/records/competition-performance-rankings/ranking/620918
90,622443,"Míting Internacional d'Atletisme Ciutat de Barcelona, Estadi Joan Serrahima, Barcelona",ESP,05 JUL 2023,05 JUL 2023,535,120,79987,86,80522,https://worldathletics.org/records/competition-performance-rankings/ranking/622443
91,620984,"Meeting International de Forbach, Stade Omnisports Schlossberg, Forbach",FRA,28 MAY 2023,28 MAY 2023,845,82,79675,92,80520,https://worldathletics.org/records/competition-performance-rankings/ranking/620984
92,620902,"Meeting Jaen Paraiso Interior, Polideportivo Municipal, Andújar",ESP,26 MAY 2023,26 MAY 2023,905,78,79527,95,80432,https://worldathletics.org/records/competition-performance-rankings/ranking/620902
93,622024,"Arkansas Grand Prix, John McDonnell Field, Fayetteville, AR",USA,23 JUN 2023,23 JUN 2023,390,143,79990,85,80380,https://worldathletics.org/records/competition-performance-rankings/ranking/622024
94,626357,"BMW Louyet Meeting, Provincial domain Huizingen, Huizingen",BEL,12 AUG 2023,12 AUG 2023,590,109,79785,89,80375,https://worldathletics.org/records/competition-performance-rankings/ranking/626357
95,621280,"2° Meeting Citta' Di Lucca, Campo Scuola Moreno Martini, Lucca",ITA,04 JUN 2023,04 JUN 2023,975,76,79238,101,80213,https://worldathletics.org/records/competition-performance-rankings/ranking/621280
96,619874,"57th Oda Mikio Memorial, Municipal Stadium, Hiroshima",JPN,29 APR 2023,29 APR 2023,750,96,79362,99,80112,https://worldathletics.org/records/competition-performance-rankings/ranking/619874
97,622706,"Russian Cup, Meteor, Zhukovskiy",RUS,14 JUL 2023,15 JUL 2023,665,101,79423,97,80088,https://worldathletics.org/records/competition-performance-rankings/ranking/622706
98,622348,"Meeting National d'Athlétisme de Troyes, Stade d'Athletisme Pierre Voillequin, Troyes",FRA,01 JUL 2023,01 JUL 2023,380,146,79554,94,79934,https://worldathletics.org/records/competition-performance-rankings/ranking/622348
99,623873,"Yogibo Athletics Challenge Cup 2023, Denka Big Swan Stadium, Niigata",JPN,30 SEP 2023,01 OCT 2023,375,150,79340,100,79715,https://worldathletics.org/records/competition-performance-rankings/ranking/623873
100,619894,"Texas Tech Corky/Crofoot Shootout, Terry & Linda Fuller T&F Complex, Lubbock, TX",USA,28 APR 2023,29 APR 2023,170,243,79426,96,79596,https://worldathletics.org/records/competition-performance-rankings/ranking/619894
101,621189,"Stanford Invitational, Cobb Track and Angell Field, Palo Alto, CA",USA,31 MAR 2023,01 APR 2023,185,236,79393,98,79578,https://worldathletics.org/records/competition-performance-rankings/ranking/621189
102,620180,"Troféu Adhemar Ferreira da Silva, CNDA, Bragança Paulista",BRA,07 MAY 2023,07 MAY 2023,820,86,78707,108,79527,https://worldathletics.org/records/competition-performance-rankings/ranking/620180
103,620339,"6th AK Track and Field weekend Meet, Nyayo National Stadium, Nairobi",KEN,27 APR 2023,29 APR 2023,465,130,78995,102,79460,https://worldathletics.org/records/competition-performance-rankings/ranking/620339
104,622428,"Folksam Grand Prix Karlstad, Tingvalla IP, Karlstad",SWE,04 JUL 2023,05 JUL 2023,1085,68,78356,117,79441,https://worldathletics.org/records/competition-performance-rankings/ranking/622428
105,623089,"Folksam Grand Prix Malmö, Malmö Stadion, Malmö",SWE,05 AUG 2023,05 AUG 2023,900,79,78457,114,79357,https://worldathletics.org/records/competition-performance-rankings/ranking/623089
106,622883,"Johnny Loaring Classic, Alumni Field, Windsor",CAN,24 JUN 2023,24 JUN 2023,380,146,78971,103,79351,https://worldathletics.org/records/competition-performance-rankings/ranking/622883
107,620330,"Grande Prêmio Internacional Brasil Loterias Caixa de Atletismo, COTP Stadium, São Paulo",BRA,10 MAY 2023,10 MAY 2023,880,80,78358,116,79238,https://worldathletics.org/records/competition-performance-rankings/ranking/620330
108,620880,"Cyprus International Athletics Meeting, Tsirio Stadium, Limassol",CYP,25 MAY 2023,25 MAY 2023,1040,71,78179,122,79219,https://worldathletics.org/records/competition-performance-rankings/ranking/620880
109,622800,"Flanders Cup Vita, Stedelijke Atletiekpiste, Ninove",BEL,22 JUL 2023,22 JUL 2023,305,165,78913,104,79218,https://worldathletics.org/records/competition-performance-rankings/ranking/622800
110,622736,"Motonet GP Lappeenranta, Kimpisen yleisurheilukenttä, Lappeenranta",FIN,19 JUL 2023,19 JUL 2023,545,118,78641,109,79186,https://worldathletics.org/records/competition-performance-rankings/ranking/622736
111,621390,"Copenhagen Athletics Games, Østerbro Stadion, København",DEN,07 JUN 2023,07 JUN 2023,695,98,78480,112,79175,https://worldathletics.org/records/competition-performance-rankings/ranking/621390
112,620013,"38th Shizuoka International Athletics Meet, Prefectural Shizuoka Stadium, Fukuroi",JPN,03 MAY 2023,03 MAY 2023,390,143,78725,107,79115,https://worldathletics.org/records/competition-performance-rankings/ranking/620013
113,621272,"Portland Track Festival - High Performance, Mt. Hood Community College, Gresham, OR",USA,03 JUN 2023,04 JUN 2023,505,125,78561,110,79066,https://worldathletics.org/records/competition-performance-rankings/ranking/621272
114,622438,"Meeting International Montgeron-Essonne, Stade Pierre de Coubertin, Montgeron",FRA,05 JUL 2023,05 JUL 2023,520,123,78541,111,79061,https://worldathletics.org/records/competition-performance-rankings/ranking/622438
115,621332,"Sparkassen Gala Regensburg, Universitätsstadion Am Biopark, Regensburg",GER,03 JUN 2023,03 JUN 2023,145,262,78861,105,79006,https://worldathletics.org/records/competition-performance-rankings/ranking/621332
116,623092,"Tampere Motonet GP meeting, Ratinan Stadion, Tampere",FIN,08 AUG 2023,08 AUG 2023,560,114,78317,120,78877,https://worldathletics.org/records/competition-performance-rankings/ranking/623092
117,620677,"Track Night NYC, Icahn Stadium, New York, NY",USA,19 MAY 2023,19 MAY 2023,545,118,78323,119,78868,https://worldathletics.org/records/competition-performance-rankings/ranking/620677
118,619252,"Raleigh Relays, Paul Derr TF Facility, Raleigh, NC",USA,23 MAR 2023,25 MAR 2023,60,418,78798,106,78858,https://worldathletics.org/records/competition-performance-rankings/ranking/619252
119,622279,"Meeting Internazionale Citta' Di Nembro, Centro Sportivo Saletti, Nembro",ITA,01 JUL 2023,01 JUL 2023,230,213,78474,113,78704,https://worldathletics.org/records/competition-performance-rankings/ranking/622279
120,621963,"Folksam Grand Prix Göteborg, Slottsskogsvallen, Göteborg",SWE,17 JUN 2023,18 JUN 2023,640,104,77980,131,78620,https://worldathletics.org/records/competition-performance-rankings/ranking/621963
121,622027,"VII Ordizia Sari Nagusia - International Meeting Jose Antonio Peña, Altamira estadioa, Ordizia",ESP,24 JUN 2023,24 JUN 2023,180,239,78419,115,78599,https://worldathletics.org/records/competition-performance-rankings/ranking/622027
122,621978,"Royal City Inferno Track & Field Festival, Alumni Stadium, Guelph",CAN,20 JUN 2023,21 JUN 2023,295,172,78292,121,78587,https://worldathletics.org/records/competition-performance-rankings/ranking/621978
123,619533,"ASA Athletics Grand Prix 1, Bestmed Tuks Stadium, Pretoria",RSA,12 APR 2023,12 APR 2023,420,135,78159,124,78579,https://worldathletics.org/records/competition-performance-rankings/ranking/619533
123,622629,"Morton Games, Morton Stadium, Santry, Dublin",IRL,14 JUL 2023,14 JUL 2023,480,127,78099,125,78579,https://worldathletics.org/records/competition-performance-rankings/ranking/622629
125,619853,"South Carolina Open, Cregger Track, Columbia, SC",USA,22 APR 2023,22 APR 2023,160,252,78341,118,78501,https://worldathletics.org/records/competition-performance-rankings/ranking/619853
126,619776,"Virginia Challenge, UVA Lanningan Field, Charlottesville, VA",USA,20 APR 2023,22 APR 2023,400,140,78090,126,78490,https://worldathletics.org/records/competition-performance-rankings/ranking/619776
127,622899,"Raiffeisen AUSTRIAN OPEN Eisenstadt, Leichtathletikarena, Eisenstadt",AUT,25 JUL 2023,26 JUL 2023,700,97,77688,141,78388,https://worldathletics.org/records/competition-performance-rankings/ranking/622899
128,622431,"Joensuu Motonet GP, Keskusurheilukenttä, Joensuu",FIN,05 JUL 2023,05 JUL 2023,590,109,77784,135,78374,https://worldathletics.org/records/competition-performance-rankings/ranking/622431
129,620587,"26th National Federation Cup Senior Athletics Championships, Birsa Munda Foot Ball Stadium, Morabadi, Ranchi",IND,15 MAY 2023,18 MAY 2023,280,180,78064,127,78344,https://worldathletics.org/records/competition-performance-rankings/ranking/620587
130,622371,"All Star Night Games, Lemon Gas Stadium, Hiratsuka",JPN,01 JUL 2023,01 JUL 2023,285,178,78058,128,78343,https://worldathletics.org/records/competition-performance-rankings/ranking/622371
131,621734,"Znamensky Brothers Memorial, Luzhniki, South Arena, Moskva",RUS,10 JUN 2023,10 JUN 2023,330,157,78008,130,78338,https://worldathletics.org/records/competition-performance-rankings/ranking/621734
132,622423,"Republican competition ""We Are Together"", Regional Sport Complex, Brest",BLR,01 JUL 2023,02 JUL 2023,530,121,77794,134,78324,https://worldathletics.org/records/competition-performance-rankings/ranking/622423
133,619082,"Hurricane Invitational, UMiami Cobb Stadium, Coral Gables, FL",USA,17 MAR 2023,18 MAR 2023,135,279,78165,123,78300,https://worldathletics.org/records/competition-performance-rankings/ranking/619082
134,624199,"37th National Games, Athletics Stadium, Bambolim",IND,29 OCT 2023,03 NOV 2023,290,176,77938,132,78228,https://worldathletics.org/records/competition-performance-rankings/ranking/624199
135,622220,"Boysen Memorial, Bislett Stadion, Oslo",NOR,28 JUN 2023,28 JUN 2023,455,132,77769,136,78224,https://worldathletics.org/records/competition-performance-rankings/ranking/622220
136,619453,"Hurricane Alumni Invitational, UMiami Cobb Stadium, Coral Gables, FL",USA,07 APR 2023,08 APR 2023,120,302,78048,129,78168,https://worldathletics.org/records/competition-performance-rankings/ranking/619453
137,619663,"ASA Athletics Grand Prix 2, Germiston Stadium, Johannesburg",RSA,19 APR 2023,19 APR 2023,270,184,77752,137,78022,https://worldathletics.org/records/competition-performance-rankings/ranking/619663
138,622735,"34° Meeting Arcobaleno EAP AtleticaEuropa, Centro Sportivo G. Olmo-P. Ferro, Celle Ligure",ITA,19 JUL 2023,19 JUL 2023,380,146,77632,143,78012,https://worldathletics.org/records/competition-performance-rankings/ranking/622735
139,621717,"Bislett Games pre-programme, Bislett Stadion, Oslo",NOR,15 JUN 2023,15 JUN 2023,680,99,77317,149,77997,https://worldathletics.org/records/competition-performance-rankings/ranking/621717
140,622145,"Meeting de Cergy-Pontoise, Stade des Maradas, Cergy-Pontoise",FRA,24 JUN 2023,25 JUN 2023,35,495,77928,133,77963,https://worldathletics.org/records/competition-performance-rankings/ranking/622145
141,621747,"Heino Lipp Memorial – JÕHVI 2023, Linnastaadion, Jöhvi",EST,16 JUN 2023,16 JUN 2023,755,95,77207,155,77962,https://worldathletics.org/records/competition-performance-rankings/ranking/621747
142,621522,"Hungarian GP Series - Nyíregyháza, Nyíregyházi Atlétikai Centrum, Nyíregyháza",HUN,11 JUN 2023,11 JUN 2023,785,90,77118,162,77903,https://worldathletics.org/records/competition-performance-rankings/ranking/621522
143,619306,"Aztec Invitational, Aztrack Sports Deck, San Diego, CA",USA,23 MAR 2023,25 MAR 2023,150,259,77701,139,77851,https://worldathletics.org/records/competition-performance-rankings/ranking/619306
144,623000,"Open de France, Stade R. Bobin, Bondoufle",FRA,22 JUL 2023,23 JUL 2023,135,279,77711,138,77846,https://worldathletics.org/records/competition-performance-rankings/ranking/623000
145,619601,"Beach Invitational, Jack Rose Track, Long Beach, CA",USA,14 APR 2023,15 APR 2023,315,162,77516,145,77831,https://worldathletics.org/records/competition-performance-rankings/ranking/619601
146,621587,"Putbos Memoria Leon Buyle VS Flanders Cup, Putbosstadion, Oordegem",BEL,10 JUN 2023,10 JUN 2023,160,252,77661,142,77821,https://worldathletics.org/records/competition-performance-rankings/ranking/621587
147,621872,"Meeting Meilen, Allmend, Meilen",SUI,17 JUN 2023,17 JUN 2023,120,302,77699,140,77819,https://worldathletics.org/records/competition-performance-rankings/ranking/621872
148,619847,"ASA Athletics Grand Prix 3, McArthur Stadium, Potchefstroom",RSA,26 APR 2023,26 APR 2023,295,172,77402,147,77697,https://worldathletics.org/records/competition-performance-rankings/ranking/619847
149,620975,"Venizelia - Chania International Meeting, Elena Venizelou National Stadium, Chania",GRE,28 MAY 2023,28 MAY 2023,525,122,77156,158,77681,https://worldathletics.org/records/competition-performance-rankings/ranking/620975
150,622347,"Edmonton Athletics Invitational, Foote Field, Edmonton",CAN,02 JUL 2023,02 JUL 2023,1030,72,76637,179,77667,https://worldathletics.org/records/competition-performance-rankings/ranking/622347
151,619685,"John McDonnell Invitational, John McDonnell Field, Fayetteville, AR",USA,20 APR 2023,21 APR 2023,140,272,77512,146,77652,https://worldathletics.org/records/competition-performance-rankings/ranking/619685
152,623083,"Fuji Hokuroku World Trials 2023, Prefectural Stadium, Fujiyoshida",JPN,06 AUG 2023,06 AUG 2023,95,342,77548,144,77643,https://worldathletics.org/records/competition-performance-rankings/ranking/623083
153,621393,"Jyväskylä Motonet GP, Harjun stadion, Jyväskylä",FIN,07 JUN 2023,07 JUN 2023,320,160,77287,150,77607,https://worldathletics.org/records/competition-performance-rankings/ranking/621393
154,622697,"Belarus Cup, Regional Sport Complex, Brest",BLR,14 JUL 2023,16 JUL 2023,415,138,77185,156,77600,https://worldathletics.org/records/competition-performance-rankings/ranking/622697
155,626193,"A.V. Ignatiev Memorial, Olympic Stadium, Cheboksary",RUS,17 JUN 2023,17 JUN 2023,550,116,77029,166,77579,https://worldathletics.org/records/competition-performance-rankings/ranking/626193
156,619703,"MVP Velocity Fest 13, National Stadium, Kingston",JAM,22 APR 2023,22 APR 2023,815,87,76737,172,77552,https://worldathletics.org/records/competition-performance-rankings/ranking/619703
157,622802,"16º Triveneto Meeting Internationale, Campo Sportivo G. Draghicchio, Trieste",ITA,22 JUL 2023,22 JUL 2023,375,150,77150,159,77525,https://worldathletics.org/records/competition-performance-rankings/ranking/622802
158,622642,"Necheukhin Memorial, Yelena Yelesina Stadium, Chelyabinsk",RUS,08 JUL 2023,09 JUL 2023,300,169,77209,154,77509,https://worldathletics.org/records/competition-performance-rankings/ranking/622642
159,622319,"French U23 Championships, Stade Philippe Mahut, Fontainebleau",FRA,01 JUL 2023,02 JUL 2023,100,333,77381,148,77481,https://worldathletics.org/records/competition-performance-rankings/ranking/622319
160,623087,"Flanders Cup DCLA/Polsstokgala - Meeting voor Mon, AtletiekArena Gaston Roelants Kessel-Lo / Hal 5, Leuven",BEL,05 AUG 2023,05 AUG 2023,305,165,77159,157,77464,https://worldathletics.org/records/competition-performance-rankings/ranking/623087
161,619419,"Lloyd Wills Invitational, LSU Bernie Moore Stadium, Baton Rouge, LA",USA,08 APR 2023,08 APR 2023,190,234,77257,151,77447,https://worldathletics.org/records/competition-performance-rankings/ranking/619419
162,622433,"Meeting of Braga, Estádio 1o de Maio, Braga",POR,05 JUL 2023,05 JUL 2023,235,207,77144,160,77379,https://worldathletics.org/records/competition-performance-rankings/ranking/622433
163,619700,"Georgia Tech Invitational, Geroge C. Griffin Track, Atlanta, GA",USA,21 APR 2023,22 APR 2023,285,178,77088,164,77373,https://worldathletics.org/records/competition-performance-rankings/ranking/619700
164,620729,"Loughborough International, Loughborough University Track, Loughborough",GBR,21 MAY 2023,21 MAY 2023,275,183,77097,163,77372,https://worldathletics.org/records/competition-performance-rankings/ranking/620729
165,619271,"Masked Rider Open, Terry & Linda Fuller T&F Complex, Lubbock, TX",USA,24 MAR 2023,25 MAR 2023,100,333,77242,152,77342,https://worldathletics.org/records/competition-performance-rankings/ranking/619271
166,620935,"Kurpfalz Gala, Sepp-Herberger-Stadion, Weinheim",GER,27 MAY 2023,27 MAY 2023,90,350,77231,153,77321,https://worldathletics.org/records/competition-performance-rankings/ranking/620935
167,620316,"Ivy League ""HEPS"" Outdoor Championships, Franklin Field, Philadelphia, PA",USA,06 MAY 2023,07 MAY 2023,150,259,77121,161,77271,https://worldathletics.org/records/competition-performance-rankings/ranking/620316
168,619425,"Jim Click Shootout & Multis, Univ. of Arizona Roy P. Drachman Stadium, Tucson, AZ",USA,06 APR 2023,08 APR 2023,155,255,77088,164,77243,https://worldathletics.org/records/competition-performance-rankings/ranking/619425
169,619829,"Crimson Tide Invitational, Sam Bailey Track Stadium, Tuscaloosa, AL",USA,21 APR 2023,22 APR 2023,165,246,77015,167,77180,https://worldathletics.org/records/competition-performance-rankings/ranking/619829
170,622575,"Sinyaev Memorial, Stadium Desna, Bryansk",RUS,08 JUL 2023,08 JUL 2023,335,156,76829,169,77164,https://worldathletics.org/records/competition-performance-rankings/ranking/622575
171,619687,"Wake Forest Invitational, Kentner Stadium Wake Forest University, Winston Salem, NC",USA,21 APR 2023,21 APR 2023,90,350,76996,168,77086,https://worldathletics.org/records/competition-performance-rankings/ranking/619687
172,622477,"Meeting Maia Cidade do Desporto, Estádio José Vieira de Carvalho, Maia",POR,08 JUL 2023,08 JUL 2023,550,116,76456,184,77006,https://worldathletics.org/records/competition-performance-rankings/ranking/622477
173,620087,"Arkansas Twilight, John McDonnell Field, Fayetteville, AR",USA,05 MAY 2023,05 MAY 2023,230,213,76773,171,77003,https://worldathletics.org/records/competition-performance-rankings/ranking/620087
174,621554,"Spanish Club Championships Division Honor Liga Iberdrola Final, Estadio Vallehermoso, Madrid",ESP,11 JUN 2023,11 JUN 2023,585,111,76351,188,76936,https://worldathletics.org/records/competition-performance-rankings/ranking/621554
175,621341,"Taiwan Athletics Open, Banqiao Stadium, New Taipei City",TPE,27 MAY 2023,28 MAY 2023,225,219,76671,176,76896,https://worldathletics.org/records/competition-performance-rankings/ranking/621341
176,621876,"England Athletics U20 & U23 Open Championships, Chelmsford Sport And Athletics Centre Melbourne Park, Chelmsford",GBR,17 JUN 2023,18 JUN 2023,100,333,76790,170,76890,https://worldathletics.org/records/competition-performance-rankings/ranking/621876
177,621750,"Horst Mandl Memorial, Stadion Eggenberg, Graz",AUT,16 JUN 2023,16 JUN 2023,230,213,76653,178,76883,https://worldathletics.org/records/competition-performance-rankings/ranking/621750
178,619809,"Payton Jordan Invitational, Cobb Track and Angell Field, Palo Alto, CA",USA,21 APR 2023,22 APR 2023,115,315,76698,174,76813,https://worldathletics.org/records/competition-performance-rankings/ranking/619809
179,623093,"5° Meeting Brazzale, Campo Scuola G. Perraro, Vicenza",ITA,08 AUG 2023,08 AUG 2023,565,113,76245,190,76810,https://worldathletics.org/records/competition-performance-rankings/ranking/623093
180,621580,"Meeting EAP d'Annecy, Stade Municipal, Annecy",FRA,11 JUN 2023,11 JUN 2023,145,262,76661,177,76806,https://worldathletics.org/records/competition-performance-rankings/ranking/621580
181,622933,"20th Tajima Naoto Memorial, Ishin Me-Life Stadium, Yamaguchi",JPN,29 JUL 2023,30 JUL 2023,240,202,76548,182,76788,https://worldathletics.org/records/competition-performance-rankings/ranking/622933
182,622795,"The 18th Twilight Games, AGF Field, Tokyo",JPN,22 JUL 2023,22 JUL 2023,45,457,76707,173,76752,https://worldathletics.org/records/competition-performance-rankings/ranking/622795
183,622328,"Pärnu Beach Stadium Meeting 2023, Rannastaadion, Pärnu",EST,02 JUL 2023,02 JUL 2023,580,112,76165,193,76745,https://worldathletics.org/records/competition-performance-rankings/ranking/622328
184,622507,"Challenge Assoluto su Pista, Campo Comunale, Modena",ITA,08 JUL 2023,09 JUL 2023,30,514,76695,175,76725,https://worldathletics.org/records/competition-performance-rankings/ranking/622507
185,619434,"Ron & Sharlene Allice Trojan Invitational, USC Cromwell Field at Loker Track Stadium, Los Angeles, CA",USA,07 APR 2023,08 APR 2023,145,262,76559,181,76704,https://worldathletics.org/records/competition-performance-rankings/ranking/619434
186,620702,"Championnat de France des clubs Elite 1, Stade Bachelard, Grenoble",FRA,21 MAY 2023,21 MAY 2023,460,131,76202,192,76662,https://worldathletics.org/records/competition-performance-rankings/ranking/620702
187,622314,"Spanish U23 Championships, Estadi Natalia Rodríguez, Tarragona",ESP,01 JUL 2023,02 JUL 2023,80,364,76575,180,76655,https://worldathletics.org/records/competition-performance-rankings/ranking/622314
188,618274,"Adelaide Track Classic, SA Athletic Stadium, Adelaide",AUS,11 FEB 2023,11 FEB 2023,410,139,76205,191,76615,https://worldathletics.org/records/competition-performance-rankings/ranking/618274
189,621226,"Trofeo de Atletismo Ciudad de Salamanca Memorial Carlos Gil Perez, Helmántico, Salamanca",ESP,03 JUN 2023,03 JUN 2023,220,223,76378,187,76598,https://worldathletics.org/records/competition-performance-rankings/ranking/621226
190,619205,"Battle On The Bayou, LSU Bernie Moore Stadium, Baton Rouge, LA",USA,25 MAR 2023,25 MAR 2023,130,288,76447,185,76577,https://worldathletics.org/records/competition-performance-rankings/ranking/619205
191,622134,"DLV Junioren Gala, Michael-Hoffmann-Stadion, Mannheim",GER,24 JUN 2023,25 JUN 2023,55,431,76488,183,76543,https://worldathletics.org/records/competition-performance-rankings/ranking/622134
192,621026,"Bob Vigars Classic, Alumni Stadium, London",CAN,28 MAY 2023,28 MAY 2023,50,447,76438,186,76488,https://worldathletics.org/records/competition-performance-rankings/ranking/621026
193,622861,"V.P. Kuts Memorial, Znamenskikh Stadion, Moskva",RUS,22 JUL 2023,22 JUL 2023,395,141,76018,199,76413,https://worldathletics.org/records/competition-performance-rankings/ranking/622861
194,619495,"Pacific Coast Invitational, Jack Rose Track, Long Beach, CA",USA,13 APR 2023,13 APR 2023,325,159,76053,198,76378,https://worldathletics.org/records/competition-performance-rankings/ranking/619495
195,622613,"Reunión Internacional de Atletismo Villa De Bilbao, Polideportivo Zorrotza, Bilbao",ESP,12 JUL 2023,12 JUL 2023,230,213,76083,197,76313,https://worldathletics.org/records/competition-performance-rankings/ranking/622613
196,619086,"USF Bulls Invitational, University of South Florida Track & Field Stadium, Tampa, FL",USA,17 MAR 2023,18 MAR 2023,45,457,76257,189,76302,https://worldathletics.org/records/competition-performance-rankings/ranking/619086
197,622472,"Motonet GP, Oulu – Games of Northern City, Raatin Stadion, Oulu",FIN,08 JUL 2023,08 JUL 2023,475,128,75818,206,76293,https://worldathletics.org/records/competition-performance-rankings/ranking/622472
198,619967,"Fresno State Invitational, Veterans Memorial Stadium, Clovis, CA",USA,28 APR 2023,29 APR 2023,120,302,76162,194,76282,https://worldathletics.org/records/competition-performance-rankings/ranking/619967
199,622668,"Campeonato España Federaciones Autonómicas, Estadio de Larrabide, Pamplona",ESP,15 JUL 2023,15 JUL 2023,420,135,75855,204,76275,https://worldathletics.org/records/competition-performance-rankings/ranking/622668
200,623586,"Troféu Bandeirantes, Centro de Atletismo Professor Oswaldo Terra, Sao Bernardo do Campo",BRA,09 SEP 2023,10 SEP 2023,120,302,76119,196,76239,https://worldathletics.org/records/competition-performance-rankings/ranking/623586
201,623666,"Brazlilian U23 Championships, CNDA, Bragança Paulista",BRA,15 SEP 2023,17 SEP 2023,80,364,76139,195,76219,https://worldathletics.org/records/competition-performance-rankings/ranking/623666
202,622052,"Meeting National de Carquefou, Stade Du Moulin Boisseau, Carquefou",FRA,24 JUN 2023,24 JUN 2023,130,288,75972,201,76102,https://worldathletics.org/records/competition-performance-rankings/ranking/622052
203,622853,"England Athletics Senior Open Championships, Chelmsford Sport And Athletics Centre Melbourne Park, Chelmsford",GBR,22 JUL 2023,23 JUL 2023,160,252,75924,203,76084,https://worldathletics.org/records/competition-performance-rankings/ranking/622853
204,623412,"Czech Teams Championships, Stadion U Červených domků, Hodonín",CZE,02 SEP 2023,03 SEP 2023,635,106,75440,215,76075,https://worldathletics.org/records/competition-performance-rankings/ranking/623412
205,619426,"UC San Diego Triton Invitational, Triton Stadium, San Diego, CA",USA,07 APR 2023,08 APR 2023,840,83,75209,222,76049,https://worldathletics.org/records/competition-performance-rankings/ranking/619426
206,620232,"CAA Outdoor Track and Field Championships, Zable Stadium - College of William & Mary, Williamsburg, VA",USA,05 MAY 2023,06 MAY 2023,25,541,75984,200,76009,https://worldathletics.org/records/competition-performance-rankings/ranking/620232
207,619905,"Jim Green Invitational, Un. of Kentucky Outdoor Track Facility, Lexington, KY",USA,28 APR 2023,29 APR 2023,65,406,75940,202,76005,https://worldathletics.org/records/competition-performance-rankings/ranking/619905
208,622243,"La Classique D’Athletisme De Montreal, Complexe Sportif Claude-Robillard, Montréal",CAN,29 JUN 2023,29 JUN 2023,240,202,75629,209,75869,https://worldathletics.org/records/competition-performance-rankings/ranking/622243
209,620570,"UIL Texas State Championships, Mike A. Myers Stadium, Austin, TX",USA,11 MAY 2023,13 MAY 2023,5,700,75830,205,75835,https://worldathletics.org/records/competition-performance-rankings/ranking/620570
210,619269,"Clyde Hart Classic, Clyde Hart Track & Field Stadium, Waco, TX",USA,24 MAR 2023,25 MAR 2023,20,586,75761,207,75781,https://worldathletics.org/records/competition-performance-rankings/ranking/619269
211,621134,"Papaflessia 2023, Ethnikou Stadiou, Kalamata",GRE,31 MAY 2023,31 MAY 2023,420,135,75348,217,75768,https://worldathletics.org/records/competition-performance-rankings/ranking/621134
212,620945,"2. kolo extraligy, Atletický stadion města Plzně, Plzeň",CZE,27 MAY 2023,27 MAY 2023,250,199,75469,213,75719,https://worldathletics.org/records/competition-performance-rankings/ranking/620945
213,620951,"47. Pfingstmeeting, Stadion Trinermatten, Zofingen",SUI,27 MAY 2023,27 MAY 2023,80,364,75638,208,75718,https://worldathletics.org/records/competition-performance-rankings/ranking/620951
214,621753,"Meeting National de Strasbourg, Stade d'Athlétisme Hautepierre, Strasbourg",FRA,16 JUN 2023,16 JUN 2023,85,355,75551,210,75636,https://worldathletics.org/records/competition-performance-rankings/ranking/621753
215,621996,"Meeting Internacional Ciudad de Málaga, Estadio Ciudad de Málaga, Málaga",ESP,22 JUN 2023,22 JUN 2023,140,272,75469,213,75609,https://worldathletics.org/records/competition-performance-rankings/ranking/621996
216,620392,"Belfast Irish Milers Meet, Mary Peters Track, Belfast",GBR,13 MAY 2023,13 MAY 2023,75,375,75519,211,75594,https://worldathletics.org/records/competition-performance-rankings/ranking/620392
217,622566,"36th Nambu Chuhei Memorial, Atsubetsu Park Stadium, Sapporo",JPN,09 JUL 2023,09 JUL 2023,85,355,75494,212,75579,https://worldathletics.org/records/competition-performance-rankings/ranking/622566
218,622681,"Victoria International Track Classic, Centennial Stadium, Victoria",CAN,16 JUL 2023,16 JUL 2023,360,155,75214,221,75574,https://worldathletics.org/records/competition-performance-rankings/ranking/622681
219,619973,"Encuentro Selectivo FMAA, Macrocentro Deportivo León, León",MEX,28 APR 2023,30 APR 2023,205,231,75325,219,75530,https://worldathletics.org/records/competition-performance-rankings/ranking/619973
220,619845,"Jesse Owens Track & Field Classic, Jesse Owens Stadium, Columbus, OH",USA,21 APR 2023,22 APR 2023,65,406,75435,216,75500,https://worldathletics.org/records/competition-performance-rankings/ranking/619845
221,620937,"23rd International Athletics Meeting Slovenska Bistrica 2023, Športni park, Slovenska Bistrica",SLO,27 MAY 2023,27 MAY 2023,260,190,75148,223,75408,https://worldathletics.org/records/competition-performance-rankings/ranking/620937
222,619336,"VertKlasse Meeting, Dick Vert Stadium, High Point, NC",USA,31 MAR 2023,01 APR 2023,70,390,75335,218,75405,https://worldathletics.org/records/competition-performance-rankings/ranking/619336
223,622213,"Spanish Club Championships DIvision Honor Liga Joma Final, Estadio Vallehermoso, Madrid",ESP,10 JUN 2023,10 JUN 2023,260,190,75096,227,75356,https://worldathletics.org/records/competition-performance-rankings/ranking/622213
224,619260,"Weems Baskin Invitational, Cregger Track, Columbia, SC",USA,24 MAR 2023,25 MAR 2023,35,495,75316,220,75351,https://worldathletics.org/records/competition-performance-rankings/ranking/619260
225,621468,"Meeting of Lisbon, Estadio Nacional, Lisboa",POR,10 JUN 2023,10 JUN 2023,225,219,75096,227,75321,https://worldathletics.org/records/competition-performance-rankings/ranking/621468
226,621616,"Spring Open Meeting, National Stadium, Serres",GRE,10 JUN 2023,11 JUN 2023,240,202,75060,231,75300,https://worldathletics.org/records/competition-performance-rankings/ranking/621616
227,619837,"J Fred Duckett Rice Twilight Meet, Rice University Ley Track/Holloway Field, Houston, TX",USA,22 APR 2023,22 APR 2023,135,279,75125,224,75260,https://worldathletics.org/records/competition-performance-rankings/ranking/619837
228,620953,"Meeting Atletismo Paco Sanchez Vargas, Estadio de la Juventud de Granada, Granada",ESP,27 MAY 2023,27 MAY 2023,165,246,75086,229,75251,https://worldathletics.org/records/competition-performance-rankings/ranking/620953
229,620909,"Campeonato Paulista, COTP Stadium, São Paulo",BRA,19 MAY 2023,21 MAY 2023,170,243,75068,230,75238,https://worldathletics.org/records/competition-performance-rankings/ranking/620909
230,620268,"Occidental Invitational, Jack Kemp Stadium - Occidental College, Los Angeles, CA",USA,06 MAY 2023,06 MAY 2023,230,213,74988,233,75218,https://worldathletics.org/records/competition-performance-rankings/ranking/620268
231,619177,"FSU Relays, Florida State University - Mike Long Track, Tallahassee, FL",USA,23 MAR 2023,24 MAR 2023,75,375,75114,225,75189,https://worldathletics.org/records/competition-performance-rankings/ranking/619177
231,619896,"Music City Challenge, Vanderbilt Track, Nashville, TN",USA,28 APR 2023,29 APR 2023,240,202,74949,237,75189,https://worldathletics.org/records/competition-performance-rankings/ranking/619896
233,623550,"Indian Grand Prix 5, Chandigarh",IND,10 SEP 2023,11 SEP 2023,80,364,75103,226,75183,https://worldathletics.org/records/competition-performance-rankings/ranking/623550
234,619445,"Joe Walker Invitational, Ole Miss T&F Complex, Oxford, MS",USA,07 APR 2023,08 APR 2023,130,288,74974,235,75104,https://worldathletics.org/records/competition-performance-rankings/ranking/619445
235,619263,"Willie Williams Classic, Univ. of Arizona Roy P. Drachman Stadium, Tucson, AZ",USA,24 MAR 2023,25 MAR 2023,40,473,75024,232,75064,https://worldathletics.org/records/competition-performance-rankings/ranking/619263
236,622918,"Loughborough EAP, Loughborough University Track, Loughborough",GBR,29 JUL 2023,29 JUL 2023,260,190,74798,239,75058,https://worldathletics.org/records/competition-performance-rankings/ranking/622918
237,620187,"Troféu Adhemar Ferreira da Silva, CNDA, Bragança Paulista",BRA,05 MAY 2023,06 MAY 2023,155,255,74901,238,75056,https://worldathletics.org/records/competition-performance-rankings/ranking/620187
238,619460,"Duke Invitational, Morris Williams T&F Stadium, Durham, NC",USA,06 APR 2023,08 APR 2023,60,418,74981,234,75041,https://worldathletics.org/records/competition-performance-rankings/ranking/619460
239,619755,"71st Hyogo Relay Carnival, Universiade Commemorative Stadium, Kobe",JPN,22 APR 2023,23 APR 2023,300,169,74689,242,74989,https://worldathletics.org/records/competition-performance-rankings/ranking/619755
240,619012,"Troféu São Paulo, COTP Stadium, São Paulo",BRA,11 MAR 2023,12 MAR 2023,270,184,74712,241,74982,https://worldathletics.org/records/competition-performance-rankings/ranking/619012
241,619435,"South Florida Invitational, University of South Florida Track & Field Stadium, Tampa, FL",USA,07 APR 2023,08 APR 2023,15,617,74960,236,74975,https://worldathletics.org/records/competition-performance-rankings/ranking/619435
242,619033,"Sir Graeme Douglas International, Douglas Track & Field, Auckland",NZL,16 MAR 2023,16 MAR 2023,450,134,74382,251,74832,https://worldathletics.org/records/competition-performance-rankings/ranking/619033
243,619368,"The 56th Tokyo Big6 Track Field League, National Stadium, Tokyo",JPN,02 APR 2023,02 APR 2023,50,447,74723,240,74773,https://worldathletics.org/records/competition-performance-rankings/ranking/619368
244,620998,"Budapest OPEN Schulek Ágoston Emlékverseny - Budapest Felnőtt Bajnokság, Ikarus BSE Sporttelep, Budapest",HUN,27 MAY 2023,28 MAY 2023,90,350,74663,243,74753,https://worldathletics.org/records/competition-performance-rankings/ranking/620998
245,620010,"Rock Chalk Classic, Rock Chalk Park, Lawrence, KS",USA,29 APR 2023,29 APR 2023,55,431,74638,244,74693,https://worldathletics.org/records/competition-performance-rankings/ranking/620010
246,622062,"JAAA All Comers Meet, Jamaica College Ashenheim Stadium, Kingston",JAM,24 JUN 2023,24 JUN 2023,215,226,74404,249,74619,https://worldathletics.org/records/competition-performance-rankings/ranking/622062
247,621195,"Memorial José Luis Hernandez, Estadio de Larrabide, Pamplona",ESP,02 JUN 2023,02 JUN 2023,255,196,74323,253,74578,https://worldathletics.org/records/competition-performance-rankings/ranking/621195
248,620089,"Tom Tellez Invitational, Tom Tellez Track, Houston, TX",USA,05 MAY 2023,05 MAY 2023,85,355,74490,247,74575,https://worldathletics.org/records/competition-performance-rankings/ranking/620089
249,618832,"Longhorn Invitational, Mike A. Myers Stadium, Austin, TX",USA,04 MAR 2023,04 MAR 2023,55,431,74513,246,74568,https://worldathletics.org/records/competition-performance-rankings/ranking/618832
250,619266,"Hurricane Collegiate Invitational, UMiami Cobb Stadium, Coral Gables, FL",USA,25 MAR 2023,25 MAR 2023,10,646,74547,245,74557,https://worldathletics.org/records/competition-performance-rankings/ranking/619266
251,621490,"14. Internationales Sparkassenmeeting, Jahnstadion, Osterode",GER,10 JUN 2023,10 JUN 2023,110,322,74433,248,74543,https://worldathletics.org/records/competition-performance-rankings/ranking/621490
252,622310,"Flanders Cup AVLL, Netestadion, Lier",BEL,01 JUL 2023,01 JUL 2023,105,329,74397,250,74502,https://worldathletics.org/records/competition-performance-rankings/ranking/622310
253,619071,"17th Carolina Spring Break Classic, Pista Basilio Rodriguez, Carolina",PUR,16 MAR 2023,18 MAR 2023,390,143,74075,263,74465,https://worldathletics.org/records/competition-performance-rankings/ranking/619071
254,619889,"Charlotte Invitational, Irwin Belk TF Center, Charlotte, NC",USA,28 APR 2023,29 APR 2023,25,541,74376,252,74401,https://worldathletics.org/records/competition-performance-rankings/ranking/619889
255,621034,"Meeting National de la Martinique, Stade L. Achille, Fort-de-France",FRA,27 MAY 2023,27 MAY 2023,145,262,74173,257,74318,https://worldathletics.org/records/competition-performance-rankings/ranking/621034
256,619406,"Spec Towns + Torrin Lawrence Invitational, Spec Towns Track, Athens, GA",USA,06 APR 2023,07 APR 2023,140,272,74176,256,74316,https://worldathletics.org/records/competition-performance-rankings/ranking/619406
257,620699,"Meeting Desafio Nerja 2023 Restaurante Pulguilla y Ayo, Estadio Enrique Lopez Cuenca, Nerja",ESP,18 MAY 2023,18 MAY 2023,130,288,74172,258,74302,https://worldathletics.org/records/competition-performance-rankings/ranking/620699
258,619048,"Cardinal Classic, Cobb Track and Angell Field, Palo Alto, CA",USA,18 MAR 2023,18 MAR 2023,55,431,74199,255,74254,https://worldathletics.org/records/competition-performance-rankings/ranking/619048
259,619887,"Steve Scott Invitational, Anteater Stadium, Irvine, CA",USA,28 APR 2023,29 APR 2023,45,457,74206,254,74251,https://worldathletics.org/records/competition-performance-rankings/ranking/619887
260,622505,"Slovenian Championships, Stadion ""Ob jezeru"", Velenje",SLO,08 JUL 2023,09 JUL 2023,375,150,73869,270,74244,https://worldathletics.org/records/competition-performance-rankings/ranking/622505
261,621864,"JAAA Budapest Quest #2, National Stadium, Kingston",JAM,17 JUN 2023,17 JUN 2023,395,141,73841,273,74236,https://worldathletics.org/records/competition-performance-rankings/ranking/621864
262,621729,"Nesterenko Prizes, Regional Sport Complex, Brest",BLR,08 JUN 2023,09 JUN 2023,280,180,73953,268,74233,https://worldathletics.org/records/competition-performance-rankings/ranking/621729
263,620113,"Billy Hayes Invitational, Billy Hayes T& F Complex, Bloomington, IN",USA,05 MAY 2023,05 MAY 2023,105,329,74111,260,74216,https://worldathletics.org/records/competition-performance-rankings/ranking/620113
263,622639,"Grand Prix Nové Mesto Nad Metují, General Klapálek ́s stadium, Nové Město nad Metují",CZE,15 JUL 2023,15 JUL 2023,180,239,74036,264,74216,https://worldathletics.org/records/competition-performance-rankings/ranking/622639
265,620707,"Championnat de France des clubs Elite 2, Stade Pierre Paul Bernard, Talence",FRA,21 MAY 2023,21 MAY 2023,95,342,74117,259,74212,https://worldathletics.org/records/competition-performance-rankings/ranking/620707
266,619803,"Canyon Invitational, GCU Track & Field, Phoenix, AZ",USA,21 APR 2023,22 APR 2023,70,390,74094,262,74164,https://worldathletics.org/records/competition-performance-rankings/ranking/619803
267,621733,"Memorial José Barrientos, Estadio Panamericano, La Habana",CUB,09 JUN 2023,10 JUN 2023,165,246,73986,267,74151,https://worldathletics.org/records/competition-performance-rankings/ranking/621733
268,624096,"Grand Prix International de Cali, Pascual Guerrero Stadium, Cali",COL,21 OCT 2023,21 OCT 2023,135,279,73995,265,74130,https://worldathletics.org/records/competition-performance-rankings/ranking/624096
269,622064,"Internationales LAZ Meeting/Rhede, Besagroup-Sportpark, Rhede",GER,25 JUN 2023,25 JUN 2023,290,176,73827,274,74117,https://worldathletics.org/records/competition-performance-rankings/ranking/622064
270,624110,"3rd National Open U23 Athletics Championships, Sports Complex, Sector 7, Chandigarh",IND,20 OCT 2023,22 OCT 2023,0,,74096,261,74096,https://worldathletics.org/records/competition-performance-rankings/ranking/624110
271,622579,"2nd AFN Golden League, Samuel Ogbemudia Stadium, Benin City",NGR,14 JUN 2023,15 JUN 2023,5,700,73995,265,74000,https://worldathletics.org/records/competition-performance-rankings/ranking/622579
272,620721,"Championnat de France des clubs N1A Poule A, Stade Colette Besson, Dijon",FRA,21 MAY 2023,21 MAY 2023,145,262,73854,272,73999,https://worldathletics.org/records/competition-performance-rankings/ranking/620721
273,619039,"AGN Track & Field League 6 - Seniors & U20, Pilditch Stadium, Pretoria",RSA,04 MAR 2023,04 MAR 2023,125,295,73859,271,73984,https://worldathletics.org/records/competition-performance-rankings/ranking/619039
274,623423,"10. Atlétikai Magyar Szuper Liga Döntő, Atlétikai Centrum, Kecskemét",HUN,02 SEP 2023,03 SEP 2023,500,126,73466,290,73966,https://worldathletics.org/records/competition-performance-rankings/ranking/623423
275,619420,"Tennessee Invite, Tom Black Track at LaPorte Stadium, Knoxville, TN",USA,06 APR 2023,08 APR 2023,60,418,73890,269,73950,https://worldathletics.org/records/competition-performance-rankings/ranking/619420
276,620993,"Lubelskie Koziołki, Stadion MOSiR, Lublin",POL,28 MAY 2023,28 MAY 2023,270,184,73674,280,73944,https://worldathletics.org/records/competition-performance-rankings/ranking/620993
277,619356,"Colombian Club Championships, Estadio de Atletismo - Unidad Deportiva el Salitre, Bogotá",COL,31 MAR 2023,02 APR 2023,235,207,73684,279,73919,https://worldathletics.org/records/competition-performance-rankings/ranking/619356
278,622106,"Warszawska Liga Lekkoatletyczna, Stadion Zygmunta Szelesta, Warszawa",POL,25 JUN 2023,25 JUN 2023,85,355,73724,278,73809,https://worldathletics.org/records/competition-performance-rankings/ranking/622106
279,619328,"West Coast Relays, Veterans Memorial Stadium, Clovis, CA",USA,30 MAR 2023,31 MAR 2023,25,541,73783,276,73808,https://worldathletics.org/records/competition-performance-rankings/ranking/619328
280,618963,"Ben Brown Invite/AstroAI Distance Classic, CSU Titan Track Complex, Fullerton, CA",USA,10 MAR 2023,11 MAR 2023,25,541,73779,277,73804,https://worldathletics.org/records/competition-performance-rankings/ranking/618963
281,622847,"34th Six University Inter-College Track and Field Tournament, NITTAIDAI Athletic Stadium, Yokohama",JPN,23 JUL 2023,23 JUL 2023,0,,73785,275,73785,https://worldathletics.org/records/competition-performance-rankings/ranking/622847
282,619326,"Felix Sánchez Classic, Estadio Olimpico Juan Pablo Duarte, Santo Domingo",DOM,01 APR 2023,01 APR 2023,315,162,73469,289,73784,https://worldathletics.org/records/competition-performance-rankings/ranking/619326
283,624472,"JAAA Budapest Quest, National Stadium, Kingston",JAM,27 MAY 2023,27 MAY 2023,235,207,73535,286,73770,https://worldathletics.org/records/competition-performance-rankings/ranking/624472
284,621494,"JAAA All Comers Meet 4, Jamaica College Ashenheim Stadium, Kingston",JAM,10 JUN 2023,10 JUN 2023,185,236,73501,288,73686,https://worldathletics.org/records/competition-performance-rankings/ranking/621494
285,619525,"High Point Meet of Champions, Dick Vert Stadium, High Point, NC",USA,14 APR 2023,15 APR 2023,25,541,73629,281,73654,https://worldathletics.org/records/competition-performance-rankings/ranking/619525
286,619450,"59th Four University Inter-College Track and Field Tournament, Gion Stadium, Sagamihara",JPN,09 APR 2023,09 APR 2023,20,586,73620,282,73640,https://worldathletics.org/records/competition-performance-rankings/ranking/619450
287,625378,"Liese Prokop Memorial, Sportzentrum Niederösterreich, St. Pölten",AUT,08 JUN 2023,08 JUN 2023,230,213,73385,292,73615,https://worldathletics.org/records/competition-performance-rankings/ranking/625378
288,619556,"Virginia Grand Prix, UVA Lanningan Field, Charlottesville, VA",USA,15 APR 2023,15 APR 2023,35,495,73577,283,73612,https://worldathletics.org/records/competition-performance-rankings/ranking/619556
289,623322,"Världsungdomsspelen, Slottsskogsvallen, Göteborg",SWE,30 JUN 2023,02 JUL 2023,30,514,73570,284,73600,https://worldathletics.org/records/competition-performance-rankings/ranking/623322
290,621936,"Championnats Ile-de-France, Stade des Maradas, Cergy-Pontoise",FRA,17 JUN 2023,18 JUN 2023,20,586,73564,285,73584,https://worldathletics.org/records/competition-performance-rankings/ranking/621936
291,619982,"The Big Meet, Edwards Stadium, Berkeley, CA",USA,29 APR 2023,29 APR 2023,180,239,73350,294,73530,https://worldathletics.org/records/competition-performance-rankings/ranking/619982
292,621964,"Minami Kanto High school Meeting, JIT Recycled Ink Stadium, Kofu",JPN,16 JUN 2023,19 JUN 2023,0,,73521,287,73521,https://worldathletics.org/records/competition-performance-rankings/ranking/621964
293,620321,"51st Flag of KBS National Athletics Meeting, Yecheon Stadium, Yecheon",KOR,05 MAY 2023,09 MAY 2023,200,233,73309,297,73509,https://worldathletics.org/records/competition-performance-rankings/ranking/620321
294,619437,"USD Early Bird, USD Lillibridge Track Complex, Vermillion, SD",USA,07 APR 2023,08 APR 2023,45,457,73408,291,73453,https://worldathletics.org/records/competition-performance-rankings/ranking/619437
295,620487,"1. kolo extraligy, Sports Stadium CESA VUT, Brno",CZE,14 MAY 2023,14 MAY 2023,210,229,73236,298,73446,https://worldathletics.org/records/competition-performance-rankings/ranking/620487
296,621040,"59. Susanne Meier Mem, Stadion Schützenmatte, Basel",SUI,29 MAY 2023,29 MAY 2023,115,315,73317,296,73432,https://worldathletics.org/records/competition-performance-rankings/ranking/621040
297,619486,"Southwest China Regional Invitation Meeting, Sichuan Xipu Training Base, Chengdu",CHN,07 APR 2023,08 APR 2023,15,617,73373,293,73388,https://worldathletics.org/records/competition-performance-rankings/ranking/619486
298,620354,"Yangtze River Delta Sprints, Hurdles, Jumps and Relays Meeting, Olympic Sports Center, Huzhou",CHN,09 MAY 2023,10 MAY 2023,30,514,73331,295,73361,https://worldathletics.org/records/competition-performance-rankings/ranking/620354
299,622522,"Croatian Championships, Stadion Branko Čavlović-Čavlek, Karlovac",CRO,08 JUL 2023,09 JUL 2023,240,202,73099,304,73339,https://worldathletics.org/records/competition-performance-rankings/ranking/622522
300,620616,"ALLIANZ Kampioenschap van Vlaanderen Alle Categorieën, Blaarmeersen, Gent",BEL,18 MAY 2023,18 MAY 2023,100,333,73181,300,73281,https://worldathletics.org/records/competition-performance-rankings/ranking/620616
301,621585,"Meeting National à thème de Joinville, Stade municipal JP Garchery, Joinville-le-Point",FRA,11 JUN 2023,11 JUN 2023,30,514,73202,299,73232,https://worldathletics.org/records/competition-performance-rankings/ranking/621585
302,619721,"Indiana Invitational, Billy Hayes T& F Complex, Bloomington, IN",USA,21 APR 2023,22 APR 2023,70,390,73131,301,73201,https://worldathletics.org/records/competition-performance-rankings/ranking/619721
303,622542,"Campionat de Catalunya, Complex Esportiu L’Hospitalet Nord, L'Hospitalet",ESP,08 JUL 2023,09 JUL 2023,80,364,73114,303,73194,https://worldathletics.org/records/competition-performance-rankings/ranking/622542
304,622451,"Turkcell Super League Club Competition, Seha Aksoy Atletizm Pisti, Izmir",TUR,04 JUL 2023,05 JUL 2023,220,223,72972,307,73192,https://worldathletics.org/records/competition-performance-rankings/ranking/622451
305,621301,"Campionatele Internationale ale Romaniei ""Iolanda Balas Soter"", Stadionul Iolanda Balas Soter, Bucureşti",ROU,03 JUN 2023,04 JUN 2023,140,272,73041,306,73181,https://worldathletics.org/records/competition-performance-rankings/ranking/621301
306,619148,"KGRR Spring Challenge Meet 2023, National Stadium, Tokyo",JPN,17 MAR 2023,19 MAR 2023,30,514,73130,302,73160,https://worldathletics.org/records/competition-performance-rankings/ranking/619148
307,619938,"Oregon State High Performance, Oregon State Whyte Track and Field Center, Corvallis, OR",USA,28 APR 2023,29 APR 2023,25,541,73067,305,73092,https://worldathletics.org/records/competition-performance-rankings/ranking/619938
308,619520,"Indian Grand Prix, Sree Kanteerava Outdoor Stadium, Bengaluru",IND,15 APR 2023,15 APR 2023,130,288,72904,309,73034,https://worldathletics.org/records/competition-performance-rankings/ranking/619520
309,622714,"Lagos Athletics Series League Finals, Yabatech Sport Complex, Lagos",NGR,03 JUN 2023,03 JUN 2023,25,541,72931,308,72956,https://worldathletics.org/records/competition-performance-rankings/ranking/622714
310,624039,"2023 New Taipei City Cup Athletics Opens, Banqiao Stadium, New Taipei City",TPE,23 SEP 2023,27 SEP 2023,5,700,72900,310,72905,https://worldathletics.org/records/competition-performance-rankings/ranking/624039
311,622856,"Spanish U20 Championships, Soria",ESP,22 JUL 2023,23 JUL 2023,0,,72873,311,72873,https://worldathletics.org/records/competition-performance-rankings/ranking/622856
312,621995,"Jogos Universitários Brasileiros - JUBs Seletivas 2023, Estadio Olimpico do Complexo Militar do Planalto, Brasilia",BRA,12 JUN 2023,14 JUN 2023,20,586,72822,312,72842,https://worldathletics.org/records/competition-performance-rankings/ranking/621995
313,621735,"National Athletics League Premiership, Thames Valley Athletics Stadium, Eton",GBR,11 JUN 2023,11 JUN 2023,55,431,72735,315,72790,https://worldathletics.org/records/competition-performance-rankings/ranking/621735
314,623094,"16th Iwakabe Cup, Hokuroku Park Athletic Field, Fujiyoshida",JPN,08 AUG 2023,08 AUG 2023,0,,72774,313,72774,https://worldathletics.org/records/competition-performance-rankings/ranking/623094
315,622654,"French U20 Championships, Stade de la Margotière, Chateauroux",FRA,14 JUL 2023,16 JUL 2023,10,646,72743,314,72753,https://worldathletics.org/records/competition-performance-rankings/ranking/622654
316,621139,"T-Meeting, Sportpark Stappegoor, Tilburg",NED,29 MAY 2023,29 MAY 2023,50,447,72687,317,72737,https://worldathletics.org/records/competition-performance-rankings/ranking/621139
317,625098,"Dromia International Sprint and Relays Meeting, Konstantinos Baglatzis Municipal Stadium, Vari",GRE,03 JUN 2023,03 JUN 2023,165,246,72564,321,72729,https://worldathletics.org/records/competition-performance-rankings/ranking/625098
318,621946,"Tokai Inter High Scool Athletic Meeting, Prefectural Shizuoka Stadium, Fukuroi",JPN,16 JUN 2023,18 JUN 2023,0,,72728,316,72728,https://worldathletics.org/records/competition-performance-rankings/ranking/621946
319,620828,"Memoriál Ludvíka Daňka, Atletický stadion Turnov, Turnov",CZE,23 MAY 2023,23 MAY 2023,225,219,72491,326,72716,https://worldathletics.org/records/competition-performance-rankings/ranking/620828
320,619081,"Alan Connie Shamrock Invitational, Doug Shaw Memorial Stadium, Myrtle Beach, SC",USA,16 MAR 2023,18 MAR 2023,35,495,72675,318,72710,https://worldathletics.org/records/competition-performance-rankings/ranking/619081
321,621453,"Gouden Spike, Sportcomplex De Leidse Hout, Leiden",NED,10 JUN 2023,10 JUN 2023,180,239,72512,323,72692,https://worldathletics.org/records/competition-performance-rankings/ranking/621453
321,623073,"Grand Prix Internacional de Bogotá, Estadio de Atletismo - Unidad Deportiva el Salitre, Bogotá",COL,05 AUG 2023,06 AUG 2023,110,322,72582,320,72692,https://worldathletics.org/records/competition-performance-rankings/ranking/623073
323,621068,"Championnats de France Universitaire FFSU, Stade d'Honneur Marcel Roustan, Salon-de-Provence",FRA,27 MAY 2023,28 MAY 2023,25,541,72601,319,72626,https://worldathletics.org/records/competition-performance-rankings/ranking/621068
324,622345,"XXXIII Qosanov Memorial, Central Stadium, Almaty",KAZ,01 JUL 2023,02 JUL 2023,100,333,72524,322,72624,https://worldathletics.org/records/competition-performance-rankings/ranking/622345
325,620919,"1st Zygmunt Walczak Memorial, Stadion im.Lubuskich Olimpijczyków, Gorzów Wielkopolski",POL,27 MAY 2023,27 MAY 2023,125,295,72493,324,72618,https://worldathletics.org/records/competition-performance-rankings/ranking/620919
326,619005,"GC Foster Classics, GC Foster College, Spanish Town",JAM,11 MAR 2023,11 MAR 2023,305,165,72304,329,72609,https://worldathletics.org/records/competition-performance-rankings/ranking/619005
327,620382,"Ter Specke Bokaal, Sportpark Ter Specke, Lisse",NED,13 MAY 2023,13 MAY 2023,150,259,72419,327,72569,https://worldathletics.org/records/competition-performance-rankings/ranking/620382
328,620086,"Oregon Twilight, Hayward Field, Eugene, OR",USA,05 MAY 2023,05 MAY 2023,70,390,72492,325,72562,https://worldathletics.org/records/competition-performance-rankings/ranking/620086
329,619484,"Brutus Hamilton Invitational & Multis, Edwards Stadium, Berkeley, CA",USA,06 APR 2023,08 APR 2023,280,180,72218,334,72498,https://worldathletics.org/records/competition-performance-rankings/ranking/619484
330,623447,"6. Memoriał Wiesława Maniaka, Wieslaw Maniak Municipal Athletic Stadium, Szczecin",POL,06 SEP 2023,06 SEP 2023,650,102,71847,354,72497,https://worldathletics.org/records/competition-performance-rankings/ranking/623447
331,623219,"Abendmeeting, Sportanlage Wisacher, Regensdorf",SUI,19 AUG 2023,19 AUG 2023,75,375,72396,328,72471,https://worldathletics.org/records/competition-performance-rankings/ranking/623219
332,623862,"Grand Prix Sudamericano Semana del Mar, Mar del Plata",ARG,01 OCT 2023,01 OCT 2023,295,172,72146,338,72441,https://worldathletics.org/records/competition-performance-rankings/ranking/623862
333,623571,"Turkcell Club Super League Final, Seha Aksoy Atletizm Pisti, Izmir",TUR,05 SEP 2023,06 SEP 2023,250,199,72139,339,72389,https://worldathletics.org/records/competition-performance-rankings/ranking/623571
334,622584,"Velká cena Tábora, Stadion Míru, Tábor",CZE,11 JUL 2023,11 JUL 2023,65,406,72297,330,72362,https://worldathletics.org/records/competition-performance-rankings/ranking/622584
335,621191,"Meeting National d'Angoulême, Stade Ma Campagne, Angoulême",FRA,02 JUN 2023,02 JUN 2023,70,390,72273,332,72343,https://worldathletics.org/records/competition-performance-rankings/ranking/621191
336,622412,"III Trofeo Internacional de Atletismo Nocturna de Gandia, Pista de Atletismo del Polideportivo Municipal de Gandia, Gandía",ESP,01 JUL 2023,01 JUL 2023,30,514,72280,331,72310,https://worldathletics.org/records/competition-performance-rankings/ranking/622412
337,622762,"National Athletics League Premiership, Ashton Playing Fields Woodford Green, London",GBR,15 JUL 2023,15 JUL 2023,75,375,72220,333,72295,https://worldathletics.org/records/competition-performance-rankings/ranking/622762
338,622511,"Wakacyjne Zawody Lekkoatletyczne, Stadion Zygmunta Szelesta, Warszawa",POL,09 JUL 2023,09 JUL 2023,75,375,72160,335,72235,https://worldathletics.org/records/competition-performance-rankings/ranking/622511
339,619276,"Indian Grand Prix, LNCPE, Trivandrum",IND,27 MAR 2023,27 MAR 2023,85,355,72148,337,72233,https://worldathletics.org/records/competition-performance-rankings/ranking/619276
340,619711,"EKU Rick Erdmann Twilight, Tom Samuels Track, Richmond, KY",USA,21 APR 2023,22 APR 2023,65,406,72159,336,72224,https://worldathletics.org/records/competition-performance-rankings/ranking/619711
341,619241,"MVP Velocity Fest 12, National Stadium, Kingston",JAM,25 MAR 2023,25 MAR 2023,645,103,71509,372,72154,https://worldathletics.org/records/competition-performance-rankings/ranking/619241
342,619637,"Botswana Golden Grand Prix Pre Meet, National Stadium, Gaborone",BOT,25 MAR 2023,25 MAR 2023,25,541,72111,340,72136,https://worldathletics.org/records/competition-performance-rankings/ranking/619637
343,619802,"Juegos Deportivos Militares, Estadio Olimpico de La Romana, La Romana",DOM,13 APR 2023,15 APR 2023,295,172,71826,355,72121,https://worldathletics.org/records/competition-performance-rankings/ranking/619802
344,621399,"2023 Yecheon KTFL Athletics Meeting, Yecheon Stadium, Yecheon",KOR,23 MAY 2023,25 MAY 2023,20,586,72078,341,72098,https://worldathletics.org/records/competition-performance-rankings/ranking/621399
345,620043,"Liberty Twilight Qualifier, Matthes-Hopkins Track Complex, Lynchburg, VA",USA,03 MAY 2023,03 MAY 2023,45,457,72031,345,72076,https://worldathletics.org/records/competition-performance-rankings/ranking/620043
346,623416,"47th National Sports Festival, Sugathadasa Stadium, Colombo",SRI,24 AUG 2023,26 AUG 2023,20,586,72044,342,72064,https://worldathletics.org/records/competition-performance-rankings/ranking/623416
347,623072,"National Athletics League Premiership, Scotstoun Stadium, Glasgow",GBR,05 AUG 2023,05 AUG 2023,65,406,71996,347,72061,https://worldathletics.org/records/competition-performance-rankings/ranking/623072
348,620238,"V Prueba de Confrontación, Estadio Panamericano, La Habana",CUB,06 MAY 2023,07 MAY 2023,205,231,71853,353,72058,https://worldathletics.org/records/competition-performance-rankings/ranking/620238
349,621183,"Meeting di Primavera, Pista Fantoni, Mondovi",ITA,02 JUN 2023,02 JUN 2023,15,617,72041,343,72056,https://worldathletics.org/records/competition-performance-rankings/ranking/621183
350,622246,"National Intercollegiate Athletics Games, Chung Yuan Christian University, Taoyuan",TPE,07 MAY 2023,10 MAY 2023,10,646,72034,344,72044,https://worldathletics.org/records/competition-performance-rankings/ranking/622246
351,622471,"Campeonato Castilla y Leon, Estadio Atletismo Antonio Prieto, Segovia",ESP,08 JUL 2023,08 JUL 2023,30,514,72000,346,72030,https://worldathletics.org/records/competition-performance-rankings/ranking/622471
352,619064,"Yellow Jacket Invitational, Geroge C. Griffin Track, Atlanta, GA",USA,17 MAR 2023,18 MAR 2023,40,473,71982,348,72022,https://worldathletics.org/records/competition-performance-rankings/ranking/619064
353,622843,"Campeonato Nacional de Clubes - 1ª divisão, Estádio Municipal Manuela Machado, Viana do Castelo",POR,22 JUL 2023,23 JUL 2023,470,129,71547,370,72017,https://worldathletics.org/records/competition-performance-rankings/ranking/622843
354,620796,"Přebor Prahy, Stadion Juliska, Praha",CZE,20 MAY 2023,21 MAY 2023,60,418,71956,349,72016,https://worldathletics.org/records/competition-performance-rankings/ranking/620796
355,621598,"National Athletics League Premiership, Manchester Regional Arena, Manchester",GBR,11 JUN 2023,11 JUN 2023,80,364,71879,352,71959,https://worldathletics.org/records/competition-performance-rankings/ranking/621598
356,620107,"Track Festival, Hilmer Lodge Stadium, Walnut, CA",USA,06 MAY 2023,06 MAY 2023,635,106,71322,380,71957,https://worldathletics.org/records/competition-performance-rankings/ranking/620107
357,622649,"AAI Games, Morton Stadium, Santry, Dublin",IRL,15 JUL 2023,16 JUL 2023,40,473,71911,350,71951,https://worldathletics.org/records/competition-performance-rankings/ranking/622649
358,618868,"AGN Track & Field League 5, Seniors, U20, U18 & U16, Pilditch Stadium, Pretoria",RSA,25 FEB 2023,25 FEB 2023,25,541,71898,351,71923,https://worldathletics.org/records/competition-performance-rankings/ranking/618868
359,619448,"Indian Grand Prix, Sree Kanteerava Outdoor Stadium, Bengaluru",IND,10 APR 2023,10 APR 2023,110,322,71788,358,71898,https://worldathletics.org/records/competition-performance-rankings/ranking/619448
360,623615,"SVM Nationalliga A, Stade d'Octodure, Martigny",SUI,16 SEP 2023,16 SEP 2023,145,262,71708,362,71853,https://worldathletics.org/records/competition-performance-rankings/ranking/623615
361,620120,"Wisconsin Classic, McClimon Outdoor Track, Madison, WI",USA,05 MAY 2023,05 MAY 2023,35,495,71808,357,71843,https://worldathletics.org/records/competition-performance-rankings/ranking/620120
362,622224,"Encuentro de Atletismo Diputación de Cáceres, Pista de Atletismo El Cuartillo, Cáceres",ESP,28 JUN 2023,28 JUN 2023,120,302,71717,361,71837,https://worldathletics.org/records/competition-performance-rankings/ranking/622224
363,621915,"The Elliott Denman NJ International Track & Field Meet, Monmouth University Joe Compagni Track at Kessler Stadium, West Long Branch, NJ",USA,17 JUN 2023,17 JUN 2023,60,418,71772,359,71832,https://worldathletics.org/records/competition-performance-rankings/ranking/621915
364,622835,"Nordic U20 Match, Bislett Stadion, Oslo",NOR,22 JUL 2023,23 JUL 2023,10,646,71820,356,71830,https://worldathletics.org/records/competition-performance-rankings/ranking/622835
365,620593,"Auffahrts-Meeting, Stadion Hard, Langenthal",SUI,18 MAY 2023,18 MAY 2023,55,431,71753,360,71808,https://worldathletics.org/records/competition-performance-rankings/ranking/620593
366,621550,"Croatian Teams Championships for Clubs, Sports Park Mladost, Zagreb",CRO,10 JUN 2023,11 JUN 2023,135,279,71635,365,71770,https://worldathletics.org/records/competition-performance-rankings/ranking/621550
367,621475,"Józef Żylewicz Memorial, Stadion GOS, Gdansk",POL,10 JUN 2023,10 JUN 2023,95,342,71662,364,71757,https://worldathletics.org/records/competition-performance-rankings/ranking/621475
368,620350,"Interclubs mixtes TC | Super League, Stade Naimette-Xhovémont, Liège",BEL,07 MAY 2023,07 MAY 2023,85,355,71615,368,71700,https://worldathletics.org/records/competition-performance-rankings/ranking/620350
368,622232,"78th Tohoku Highschool Meeting, ND Soft Stadium, Tendo",JPN,15 JUN 2023,18 JUN 2023,0,,71700,363,71700,https://worldathletics.org/records/competition-performance-rankings/ranking/622232
370,618982,"IV Prueba de Confrontación, Estadio Panamericano, La Habana",CUB,10 MAR 2023,12 MAR 2023,215,226,71469,374,71684,https://worldathletics.org/records/competition-performance-rankings/ranking/618982
371,622849,"Młodzieżowe Zawody Lekkoatletyczne - Mityng Warszawski, Stadion Zygmunta Szelesta, Warszawa",POL,21 JUL 2023,21 JUL 2023,45,457,71620,367,71665,https://worldathletics.org/records/competition-performance-rankings/ranking/622849
372,622025,"U20 Four Countries Match, Štadión SNP, Banská Bystrica",SVK,24 JUN 2023,24 JUN 2023,20,586,71630,366,71650,https://worldathletics.org/records/competition-performance-rankings/ranking/622025
373,620353,"Championnat de France des clubs - 1er tour - I-F - Poule C, Stade des Maradas, Cergy-Pontoise",FRA,07 MAY 2023,07 MAY 2023,120,302,71504,373,71624,https://worldathletics.org/records/competition-performance-rankings/ranking/620353
374,621234,"Flanders Cup OLSE, Olse Merksem Atletiek Arena, Antwerpen",BEL,03 JUN 2023,03 JUN 2023,80,364,71524,371,71604,https://worldathletics.org/records/competition-performance-rankings/ranking/621234
375,619274,"Ole Miss Classic, Ole Miss T&F Complex, Oxford, MS",USA,24 MAR 2023,25 MAR 2023,40,473,71560,369,71600,https://worldathletics.org/records/competition-performance-rankings/ranking/619274
376,622453,"Meeting de Bron, Stade Pierre Duboeuf, Bron",FRA,06 JUL 2023,06 JUL 2023,120,302,71421,376,71541,https://worldathletics.org/records/competition-performance-rankings/ranking/622453
377,622131,"Meeting National de Limoges, Stade de Beaublanc, Limoges",FRA,24 JUN 2023,24 JUN 2023,25,541,71422,375,71447,https://worldathletics.org/records/competition-performance-rankings/ranking/622131
378,622284,"39. Honvéd Kupa, Iharos Sándor Atlétikai Pálya, Budapest",HUN,01 JUL 2023,01 JUL 2023,75,375,71354,378,71429,https://worldathletics.org/records/competition-performance-rankings/ranking/622284
379,622116,"Campeonato Madrid, Estadio Vallehermoso, Madrid",ESP,24 JUN 2023,25 JUN 2023,5,700,71385,377,71390,https://worldathletics.org/records/competition-performance-rankings/ranking/622116
380,620594,"Harry Schulting Games, Vughtse Sports Club Prins Hendrik, Vught",NED,18 MAY 2023,18 MAY 2023,10,646,71348,379,71358,https://worldathletics.org/records/competition-performance-rankings/ranking/620594
381,622709,"3ème Meeting Fédéral, Piste d'athletisme taza, Taza",MAR,07 MAY 2023,07 MAY 2023,30,514,71315,381,71345,https://worldathletics.org/records/competition-performance-rankings/ranking/622709
382,618737,"Copa Nuevo Leon, Pista del CARE, Monterrey",MEX,25 FEB 2023,26 FEB 2023,70,390,71252,385,71322,https://worldathletics.org/records/competition-performance-rankings/ranking/618737
383,624145,"The 11th Nike University Athletics Elite Challenge, Athletics Field of South China University of Technology, Guangzhou",CHN,24 SEP 2023,24 SEP 2023,25,541,71289,383,71314,https://worldathletics.org/records/competition-performance-rankings/ranking/624145
384,622130,"Championnats AURA, Stade Jacques Forestier, Aix-les-Bains",FRA,24 JUN 2023,25 JUN 2023,0,,71306,382,71306,https://worldathletics.org/records/competition-performance-rankings/ranking/622130
385,621940,"CALTAF Classic, Foothills Athletic Park, Calgary",CAN,16 JUN 2023,18 JUN 2023,20,586,71269,384,71289,https://worldathletics.org/records/competition-performance-rankings/ranking/621940
386,621320,"LAF Open Cup Competition, S. Darius & S. Girėnas Stadium, Kaunas",LTU,03 JUN 2023,04 JUN 2023,300,169,70921,394,71221,https://worldathletics.org/records/competition-performance-rankings/ranking/621320
387,619656,"FSU Relays HS, Florida State University - Mike Long Track, Tallahassee, FL",USA,24 MAR 2023,25 MAR 2023,10,646,71162,386,71172,https://worldathletics.org/records/competition-performance-rankings/ranking/619656
388,621479,"Grand Prix Sudamericano Andres Calonge, Concepción del Uruguay",ARG,09 JUN 2023,09 JUN 2023,145,262,71024,390,71169,https://worldathletics.org/records/competition-performance-rankings/ranking/621479
389,621242,"Slovenian Team Championships, Športni center Vinko Cajnko, Slovenj Gradec",SLO,02 JUN 2023,03 JUN 2023,250,199,70913,395,71163,https://worldathletics.org/records/competition-performance-rankings/ranking/621242
390,622203,"Welsh Senior & U15 T&F Championships, Cardiff Athletic Stadium, Cardiff",GBR,24 JUN 2023,25 JUN 2023,70,390,71092,388,71162,https://worldathletics.org/records/competition-performance-rankings/ranking/622203
391,619489,"Regional (Yangtze River Delta) Invitation Meeting, Cixi Stadium, Ningbo",CHN,12 APR 2023,13 APR 2023,10,646,71123,387,71133,https://worldathletics.org/records/competition-performance-rankings/ranking/619489
392,617801,"Potts Classic, Hawke's Bay Sports Park, Hastings",NZL,21 JAN 2023,21 JAN 2023,255,196,70877,399,71132,https://worldathletics.org/records/competition-performance-rankings/ranking/617801
393,619826,"Loughborough Open inc. BUCS 10,000m, Loughborough University Track, Loughborough",GBR,22 APR 2023,22 APR 2023,20,586,71037,389,71057,https://worldathletics.org/records/competition-performance-rankings/ranking/619826
394,620429,"WT Last Chance Meet, West Texas A&M University Track & Soccer Complex, Canyon, TX",USA,12 MAY 2023,12 MAY 2023,20,586,70969,391,70989,https://worldathletics.org/records/competition-performance-rankings/ranking/620429
395,623082,"National Athletics League Premiership, Alexander Stadium, Birmingham",GBR,05 AUG 2023,05 AUG 2023,50,447,70907,396,70957,https://worldathletics.org/records/competition-performance-rankings/ranking/623082
396,618882,"2023 Kaohsiung Harbour City Cup National Athletics Championships, National Stadium, Kaohsiung",TPE,22 FEB 2023,26 FEB 2023,10,646,70943,393,70953,https://worldathletics.org/records/competition-performance-rankings/ranking/618882
397,622487,"ESAA English Schools Championships, Alexander Stadium, Birmingham",GBR,30 JUN 2023,01 JUL 2023,0,,70952,392,70952,https://worldathletics.org/records/competition-performance-rankings/ranking/622487
398,620640,"Volvo Charels Grote Prijs Stad Lokeren Flanders Cup AVLO, Oscar van Rumst Stadion, Lokeren",BEL,20 MAY 2023,20 MAY 2023,95,342,70852,400,70947,https://worldathletics.org/records/competition-performance-rankings/ranking/620640
399,618086,"Capital Classic, Newtown Park Stadium, Wellington",NZL,03 FEB 2023,03 FEB 2023,225,219,70703,406,70928,https://worldathletics.org/records/competition-performance-rankings/ranking/618086
400,619442,"Brazilian U20 Championships, Pista de Atletismo do CNTA, Cascavel",BRA,07 APR 2023,09 APR 2023,15,617,70904,397,70919,https://worldathletics.org/records/competition-performance-rankings/ranking/619442
401,621791,"Meeting National d'Amiens, Stade Urbain Wallet, Amiens",FRA,17 JUN 2023,17 JUN 2023,130,288,70784,404,70914,https://worldathletics.org/records/competition-performance-rankings/ranking/621791
402,622689,"Cupa Romaniei Seniori si U20, Stadionul de atletism ""Nicolae Mărășescu"", Craiova",ROU,15 JUL 2023,16 JUL 2023,115,315,70790,402,70905,https://worldathletics.org/records/competition-performance-rankings/ranking/622689
403,618837,"Beach Opener, Jack Rose Track, Long Beach, CA",USA,03 MAR 2023,04 MAR 2023,10,646,70887,398,70897,https://worldathletics.org/records/competition-performance-rankings/ranking/618837
404,622336,"Interenational Athletic Meeting Mladost 2023, Sports Park Mladost, Zagreb",CRO,01 JUL 2023,02 JUL 2023,75,375,70809,401,70884,https://worldathletics.org/records/competition-performance-rankings/ranking/622336
405,620834,"Atletski Miting Ptuj 2023 Ter 3. Memorial Roberta Preloga, Mestni stadion, Ptuj",SLO,23 MAY 2023,23 MAY 2023,265,188,70614,411,70879,https://worldathletics.org/records/competition-performance-rankings/ranking/620834
406,621559,"Spanish Club Championships Division Honor Liga Iberdrola Permanence, Estadio Corona de Aragón, Zaragoza",ESP,11 JUN 2023,11 JUN 2023,30,514,70787,403,70817,https://worldathletics.org/records/competition-performance-rankings/ranking/621559
407,620900,"Oliympic Trial, Seha Aksoy Atletizm Pisti, Izmir",TUR,20 MAY 2023,21 MAY 2023,130,288,70619,409,70749,https://worldathletics.org/records/competition-performance-rankings/ranking/620900
408,624200,"National league club athletics competition - second leg, Aftab Enghelab Sport Complex, Tehran",IRI,17 AUG 2023,21 AUG 2023,15,617,70714,405,70729,https://worldathletics.org/records/competition-performance-rankings/ranking/624200
409,622207,"27th National Club Athletics Championships, Naju Sports Complex, Naju",KOR,13 JUN 2023,15 JUN 2023,45,457,70626,408,70671,https://worldathletics.org/records/competition-performance-rankings/ranking/622207
410,622989,"Slovak Championships, Štadión SNP, Banská Bystrica",SVK,29 JUL 2023,30 JUL 2023,85,355,70583,412,70668,https://worldathletics.org/records/competition-performance-rankings/ranking/622989
411,618918,"Gibson McCook Relays, National Stadium, Kingston",JAM,25 FEB 2023,25 FEB 2023,75,375,70570,414,70645,https://worldathletics.org/records/competition-performance-rankings/ranking/618918
412,622536,"Spanish U18 Championships, Pista de Atletismo Las Mestas, Gijón",ESP,08 JUL 2023,09 JUL 2023,0,,70638,407,70638,https://worldathletics.org/records/competition-performance-rankings/ranking/622536
413,620045,"Maverick Open #1, Track & Field Complex, Mankato, MN",USA,03 MAY 2023,03 MAY 2023,10,646,70617,410,70627,https://worldathletics.org/records/competition-performance-rankings/ranking/620045
414,621566,"Spanish Club Championships Division Honor Liga Joma Permanence, Estadio Los Pajaritos, Soria",ESP,11 JUN 2023,11 JUN 2023,110,322,70513,417,70623,https://worldathletics.org/records/competition-performance-rankings/ranking/621566
415,622803,"Fukuoka University Competition, Fukuoka University Stadium, Fukuoka",JPN,22 JUL 2023,22 JUL 2023,25,541,70579,413,70604,https://worldathletics.org/records/competition-performance-rankings/ranking/622803
416,620094,"Kehoe Twilight Meet, University of Maryland, College Park, MD",USA,05 MAY 2023,05 MAY 2023,270,184,70332,428,70602,https://worldathletics.org/records/competition-performance-rankings/ranking/620094
417,623649,"SVM Nationalliga B, Stadion Lachen, Thun",SUI,16 SEP 2023,16 SEP 2023,25,541,70569,415,70594,https://worldathletics.org/records/competition-performance-rankings/ranking/623649
418,619892,"Indian U20 Championships, District Sports Complex Collectorate, Tiruvannamalai",IND,28 APR 2023,30 APR 2023,0,,70561,416,70561,https://worldathletics.org/records/competition-performance-rankings/ranking/619892
419,622832,"Atlétikai Magyar Szuper Liga - 3. forduló (A+B nap), Lantos Mihály Sportközpont, Budapest",HUN,22 JUL 2023,23 JUL 2023,90,350,70442,419,70532,https://worldathletics.org/records/competition-performance-rankings/ranking/622832
420,620959,"XXXIII Reunión Internacional Ciudad de Valladolid - Trofeo Ana Perez, Pista de Atletismo Río Esgueva,, Valladolid",ESP,27 MAY 2023,27 MAY 2023,75,375,70454,418,70529,https://worldathletics.org/records/competition-performance-rankings/ranking/620959
421,623701,"Korean Club Athletics Competitions, Seocheon Sports Complex, Seocheon",KOR,07 SEP 2023,09 SEP 2023,90,350,70433,420,70523,https://worldathletics.org/records/competition-performance-rankings/ranking/623701
422,623648,"Slovenian Cup Championships, Stadion Portoval, Novo Mesto",SLO,16 SEP 2023,17 SEP 2023,100,333,70404,424,70504,https://worldathletics.org/records/competition-performance-rankings/ranking/623648
423,620556,"2023 Iksan KTFL National Club Meeting, Iksan Stadium, Iksan",KOR,29 MAR 2023,31 MAR 2023,45,457,70424,421,70469,https://worldathletics.org/records/competition-performance-rankings/ranking/620556
424,623175,"4J Studios scottishathletics National Senior and Under 17 Ch., Grangemouth Sports Stadium, Grangemouth",GBR,12 AUG 2023,13 AUG 2023,30,514,70412,423,70442,https://worldathletics.org/records/competition-performance-rankings/ranking/623175
425,622854,"National Athletics League Premiership, Harvey Hadden Stadium, Nottingham",GBR,15 JUL 2023,15 JUL 2023,110,322,70315,430,70425,https://worldathletics.org/records/competition-performance-rankings/ranking/622854
426,619464,"Encuentro FMAA César Moreno Bravo 2023, Centro Deportivo Olímpico Mexicano, Ciudad de México",MEX,07 APR 2023,09 APR 2023,5,700,70416,422,70421,https://worldathletics.org/records/competition-performance-rankings/ranking/619464
426,620725,"Championnat de France des clubs N1A Poule B, Stade R. Bobin, Bondoufle",FRA,21 MAY 2023,21 MAY 2023,30,514,70391,425,70421,https://worldathletics.org/records/competition-performance-rankings/ranking/620725
428,620194,"Spanish Clubs Championships Division Honor Liga Joma - Match 1, Pistes d'atletisme Gaetà Huguet, Castellón",ESP,06 MAY 2023,06 MAY 2023,95,342,70312,431,70407,https://worldathletics.org/records/competition-performance-rankings/ranking/620194
429,624260,"NWU ACNW Top 30 Athletics Meeting, McArthur Stadium, Potchefstroom",RSA,20 OCT 2023,21 OCT 2023,0,,70384,426,70384,https://worldathletics.org/records/competition-performance-rankings/ranking/624260
430,619916,"Justas de Atletismo LAI, Estadio Jose A. Figueroa Freyre, Mayagüez",PUR,27 APR 2023,29 APR 2023,0,,70378,427,70378,https://worldathletics.org/records/competition-performance-rankings/ranking/619916
431,620690,"Agram - International Athletic Meeting, Sports Park Mladost, Zagreb",CRO,20 MAY 2023,20 MAY 2023,25,541,70322,429,70347,https://worldathletics.org/records/competition-performance-rankings/ranking/620690
432,618483,"International Track Meet, Nga Puna Wai Sports Hub, Christchurch",NZL,19 FEB 2023,19 FEB 2023,260,190,70085,437,70345,https://worldathletics.org/records/competition-performance-rankings/ranking/618483
433,619723,"Gary Weineke Memorial, Demirjian Park, Champaign, IL",USA,21 APR 2023,22 APR 2023,5,700,70305,432,70310,https://worldathletics.org/records/competition-performance-rankings/ranking/619723
434,623764,"Virginia High Performance, UVA Lanningan Field, Charlottesville, VA",USA,30 APR 2023,30 APR 2023,25,541,70271,433,70296,https://worldathletics.org/records/competition-performance-rankings/ranking/623764
435,621296,"Offene TH/SH Einkampfmeisterschaften, Kleine Allmend, Frauenfeld",SUI,03 JUN 2023,04 JUN 2023,20,586,70238,434,70258,https://worldathletics.org/records/competition-performance-rankings/ranking/621296
436,620850,"Campionatul National, Stadionul Iolanda Balas Soter, Bucureşti",ROU,20 MAY 2023,21 MAY 2023,95,342,70154,436,70249,https://worldathletics.org/records/competition-performance-rankings/ranking/620850
437,622283,"Meeting Città di Parma, Campo Lauro Grossi, Parma",ITA,01 JUL 2023,01 JUL 2023,155,255,70082,438,70237,https://worldathletics.org/records/competition-performance-rankings/ranking/622283
438,622003,"Kita Kanto High School Meeting, JIT Recycled Ink Stadium, Kofu",JPN,16 JUN 2023,19 JUN 2023,0,,70211,435,70211,https://worldathletics.org/records/competition-performance-rankings/ranking/622003
439,619917,"Desafio CBAt/CPB, Centro de Treinamento Paralímpico Brasileiro, São Paulo",BRA,30 APR 2023,30 APR 2023,215,226,69971,444,70186,https://worldathletics.org/records/competition-performance-rankings/ranking/619917
440,621434,"18. Memorial Matica Sustarsica in Patrika Cvetana, Športni center, Kranj",SLO,08 JUN 2023,08 JUN 2023,55,431,70029,441,70084,https://worldathletics.org/records/competition-performance-rankings/ranking/621434
441,621671,"Meeting de Montpellier, Stade Philippides, Montpellier",FRA,11 JUN 2023,11 JUN 2023,15,617,70041,439,70056,https://worldathletics.org/records/competition-performance-rankings/ranking/621671
442,619858,"Singaporean Open Championships, The Kallang - Singapore Sports Hub, Singapore",SGP,26 APR 2023,28 APR 2023,5,700,70031,440,70036,https://worldathletics.org/records/competition-performance-rankings/ranking/619858
443,620989,"Mityng 600-lecia Łodzi, Stadion RKS, Łódź",POL,28 MAY 2023,28 MAY 2023,75,375,69950,445,70025,https://worldathletics.org/records/competition-performance-rankings/ranking/620989
444,624030,"Grand Prix Internacional de Barranquilla, Barranquilla",COL,14 OCT 2023,14 OCT 2023,265,188,69758,458,70023,https://worldathletics.org/records/competition-performance-rankings/ranking/624030
445,621350,"Northern Senior & U20 Outdoor Championships 2023, Manchester Regional Arena, Manchester",GBR,03 JUN 2023,04 JUN 2023,10,646,70012,442,70022,https://worldathletics.org/records/competition-performance-rankings/ranking/621350
446,621957,"Euskadi Championships, Mendizorrotza, Vitoria",ESP,17 JUN 2023,18 JUN 2023,20,586,69992,443,70012,https://worldathletics.org/records/competition-performance-rankings/ranking/621957
447,624029,"Coupe de France, Stade Jean Leroi, Blois",FRA,14 OCT 2023,15 OCT 2023,120,302,69864,449,69984,https://worldathletics.org/records/competition-performance-rankings/ranking/624029
448,620730,"Championnat de France des clubs N1B Poule C, Stade Henri Lux, St-Etienne",FRA,21 MAY 2023,21 MAY 2023,125,295,69843,453,69968,https://worldathletics.org/records/competition-performance-rankings/ranking/620730
449,624031,"32° Copa Nacional Clubes Mayores, CeNARD, Buenos Aires",ARG,14 OCT 2023,15 OCT 2023,75,375,69885,447,69960,https://worldathletics.org/records/competition-performance-rankings/ranking/624031
450,619971,"Campeonato Nacional de Especialidades, Estadio de la Universidad Militar Bolivariana, Caracas",VEN,30 MAR 2023,31 MAR 2023,40,473,69916,446,69956,https://worldathletics.org/records/competition-performance-rankings/ranking/619971
451,621558,"Estonian Cup, Rannastaadion, Pärnu",EST,11 JUN 2023,11 JUN 2023,50,447,69862,451,69912,https://worldathletics.org/records/competition-performance-rankings/ranking/621558
452,621119,"Regional (Southwest China) Invitation Meeting (Chongqing - Sichuan Friendship Meeting), Olympic Sports Center, Chongqing",CHN,14 MAY 2023,15 MAY 2023,0,,69881,448,69881,https://worldathletics.org/records/competition-performance-rankings/ranking/621119
452,624768,"Glynis Nunn Shield & Queensland Combined Events Championships, QSAC State Athletics Facility, Nathan, Brisbane",AUS,16 DEC 2023,17 DEC 2023,115,315,69766,457,69881,https://worldathletics.org/records/competition-performance-rankings/ranking/624768
454,618811,"Botswana Athletics Series 4, National Stadium, Gaborone",BOT,04 MAR 2023,04 MAR 2023,70,390,69795,455,69865,https://worldathletics.org/records/competition-performance-rankings/ranking/618811
455,622650,"French U18 Championships, Stade de la Margotière, Chateauroux",FRA,14 JUL 2023,16 JUL 2023,0,,69863,450,69863,https://worldathletics.org/records/competition-performance-rankings/ranking/622650
456,622640,"Akii-Bua Memorial, Nelson Mandela Stadium - Warm Up Track, Namboole",UGA,04 JUN 2023,04 JUN 2023,20,586,69826,454,69846,https://worldathletics.org/records/competition-performance-rankings/ranking/622640
457,619429,"Ebanks Invitational, George Mason Stadium, Fairfax, VA",USA,07 APR 2023,08 APR 2023,0,,69844,452,69844,https://worldathletics.org/records/competition-performance-rankings/ranking/619429
457,620154,"Spanish Clubs Championships Division Honor Liga Joma - Match 3, Estadio de Atletismo del Turia, Valencia",ESP,06 MAY 2023,06 MAY 2023,145,262,69699,459,69844,https://worldathletics.org/records/competition-performance-rankings/ranking/620154
459,620151,"Spanish Clubs Championships Division de Honor Liga Iberdrola - Match 1, Estadi Joan Serrahima, Barcelona",ESP,06 MAY 2023,06 MAY 2023,135,279,69695,460,69830,https://worldathletics.org/records/competition-performance-rankings/ranking/620151
460,626949,"Mikhail Zhelobovsky Prizes, RTSOP, Minsk",BLR,22 JUN 2023,23 JUN 2023,45,457,69779,456,69824,https://worldathletics.org/records/competition-performance-rankings/ranking/626949
461,622043,"Athletics Classic Meeting ACW, Gerard Bontinckstadion, Sint-Niklaas",BEL,24 JUN 2023,24 JUN 2023,70,390,69660,461,69730,https://worldathletics.org/records/competition-performance-rankings/ranking/622043
462,621067,"Circuito Paulista Open, COTP Stadium, São Paulo",BRA,27 MAY 2023,27 MAY 2023,35,495,69635,463,69670,https://worldathletics.org/records/competition-performance-rankings/ranking/621067
463,619521,"Desafio CBAt/CPB, Centro de Treinamento Paralímpico Brasileiro, São Paulo",BRA,15 APR 2023,15 APR 2023,190,234,69461,474,69651,https://worldathletics.org/records/competition-performance-rankings/ranking/619521
464,622414,"Championnats Régionaux LANA CJES, Stade R.Monseau, St-Médard",FRA,01 JUL 2023,02 JUL 2023,0,,69646,462,69646,https://worldathletics.org/records/competition-performance-rankings/ranking/622414
465,622752,"Pražské memoriály meeting, Atletický stadion Slavia Praha, Praha",CZE,20 JUL 2023,20 JUL 2023,10,646,69634,464,69644,https://worldathletics.org/records/competition-performance-rankings/ranking/622752
466,621308,"Meeting National de Poitiers, Stade Paul Rebeilleau, Poitiers",FRA,04 JUN 2023,04 JUN 2023,60,418,69580,467,69640,https://worldathletics.org/records/competition-performance-rankings/ranking/621308
467,619407,"Challenge Cup Classic, Pauley Track & Field Complex UC Santa Barbara, Goleta, CA",USA,07 APR 2023,07 APR 2023,0,,69618,465,69618,https://worldathletics.org/records/competition-performance-rankings/ranking/619407
468,619361,"The Vince O’Boyle Track and Field Classic, Anteater Stadium, Irvine, CA",USA,31 MAR 2023,01 APR 2023,0,,69603,466,69603,https://worldathletics.org/records/competition-performance-rankings/ranking/619361
469,623292,"Uppsalaspelen, Uppsala Friidrottsarena, Uppsala",SWE,25 AUG 2023,27 AUG 2023,115,315,69486,471,69601,https://worldathletics.org/records/competition-performance-rankings/ranking/623292
470,621804,"Meeting Internazionale Città di Pergine, Stadio Comunale, Pergine Valsugana",ITA,17 JUN 2023,17 JUN 2023,140,272,69451,475,69591,https://worldathletics.org/records/competition-performance-rankings/ranking/621804
471,617961,"Cooks Classic, Cooks Gardens, Whanganui",NZL,28 JAN 2023,28 JAN 2023,315,162,69273,484,69588,https://worldathletics.org/records/competition-performance-rankings/ranking/617961
472,622474,"Andalucia Championships, Estadio Enrique Lopez Cuenca, Nerja",ESP,08 JUL 2023,08 JUL 2023,40,473,69535,468,69575,https://worldathletics.org/records/competition-performance-rankings/ranking/622474
473,621222,"Atletica 2000 Meeting, Polisportivo Comunale, San Vito al Tagliamento",ITA,03 JUN 2023,03 JUN 2023,110,322,69436,476,69546,https://worldathletics.org/records/competition-performance-rankings/ranking/621222
474,622902,"All Comers Meet, Levy Mwanawasa Stadion, Ndola",ZAM,11 MAR 2023,12 MAR 2023,30,514,69514,469,69544,https://worldathletics.org/records/competition-performance-rankings/ranking/622902
475,621533,"Liikkuu Games, Leppävaaran Stadion, Espoo",FIN,11 JUN 2023,11 JUN 2023,30,514,69500,470,69530,https://worldathletics.org/records/competition-performance-rankings/ranking/621533
476,622801,"The Road to Olympus, Salyut Geraklion Stadion, Moskva",RUS,22 JUL 2023,22 JUL 2023,255,196,69265,485,69520,https://worldathletics.org/records/competition-performance-rankings/ranking/622801
477,619095,"Bob Davidson Memorial Invitational, Dick Vert Stadium, High Point, NC",USA,17 MAR 2023,18 MAR 2023,40,473,69474,472,69514,https://worldathletics.org/records/competition-performance-rankings/ranking/619095
478,620084,"Mito Invitational, Municipal Stadium, Mito",JPN,05 MAY 2023,05 MAY 2023,45,457,69464,473,69509,https://worldathletics.org/records/competition-performance-rankings/ranking/620084
479,620115,"Portland Twilight, Griswold Stadium, Portland, OR",USA,06 MAY 2023,06 MAY 2023,40,473,69432,477,69472,https://worldathletics.org/records/competition-performance-rankings/ranking/620115
480,624483,"JASC - Jogos Abertos de Santa Catarina, Complexo Esportivo Timbo, Timbó",BRA,10 NOV 2023,12 NOV 2023,110,322,69336,479,69446,https://worldathletics.org/records/competition-performance-rankings/ranking/624483
481,621526,"3° Meeting della Leonessa, 7° memorial Davide Boroni, Centro Gabre Gabric, Brescia",ITA,04 JUN 2023,04 JUN 2023,60,418,69330,480,69390,https://worldathletics.org/records/competition-performance-rankings/ranking/621526
482,621548,"International U18 Match, Mestni stadion, Ptuj",SLO,11 JUN 2023,11 JUN 2023,0,,69354,478,69354,https://worldathletics.org/records/competition-performance-rankings/ranking/621548
483,621679,"Campionatul National, Stadionul Iolanda Balas Soter, Bucureşti",ROU,10 JUN 2023,11 JUN 2023,35,495,69307,481,69342,https://worldathletics.org/records/competition-performance-rankings/ranking/621679
484,621414,"Championnats de zone 95, Stade Nelson Mandela, Sarcelles",FRA,03 JUN 2023,04 JUN 2023,40,473,69277,483,69317,https://worldathletics.org/records/competition-performance-rankings/ranking/621414
485,622767,"National Outdoor Cup, Arena SKIF, Lviv",UKR,15 JUL 2023,15 JUL 2023,60,418,69236,487,69296,https://worldathletics.org/records/competition-performance-rankings/ranking/622767
486,618566,"AGN Track & Field League 3 - Seniors Blitz Program, Pilditch Stadium, Pretoria",RSA,04 FEB 2023,04 FEB 2023,15,617,69279,482,69294,https://worldathletics.org/records/competition-performance-rankings/ranking/618566
487,621549,"Grand Prix Sudamericano Huga Mario La Nasa, Concepción del Uruguay",ARG,11 JUN 2023,11 JUN 2023,65,406,69210,488,69275,https://worldathletics.org/records/competition-performance-rankings/ranking/621549
488,622363,"Pre France individuels CJES, Parc des Sports Bernard Amsalem, Val-de-Reuil",FRA,01 JUL 2023,02 JUL 2023,5,700,69248,486,69253,https://worldathletics.org/records/competition-performance-rankings/ranking/622363
489,623418,"Zbigniew Ludwichowski Memorial, Uniwersytetu Warmińsko-Mazurskiego, Olsztyn",POL,03 SEP 2023,03 SEP 2023,330,157,68917,509,69247,https://worldathletics.org/records/competition-performance-rankings/ranking/623418
490,621544,"Serbian Cup - Final, Atletski Stadion, Kraljevo",SRB,10 JUN 2023,11 JUN 2023,30,514,69201,489,69231,https://worldathletics.org/records/competition-performance-rankings/ranking/621544
490,623445,"České akademické hry, Stadion TJ Lokomotiva Olomouc,, Olomouc",CZE,05 SEP 2023,05 SEP 2023,40,473,69191,490,69231,https://worldathletics.org/records/competition-performance-rankings/ranking/623445
492,618536,"S.W. Isaac Henry Invitational, National Stadium, Kingston",JAM,18 FEB 2023,18 FEB 2023,80,364,69140,492,69220,https://worldathletics.org/records/competition-performance-rankings/ranking/618536
493,620211,"3rd Alexandrino Meeting - Georgios Pantos Memorial, Municipal Sports Center, Alexandria",GRE,06 MAY 2023,06 MAY 2023,45,457,69173,491,69218,https://worldathletics.org/records/competition-performance-rankings/ranking/620211
494,620206,"1er Tour Elite Interclubs AURA, Stade Jacques Forestier, Aix-les-Bains",FRA,07 MAY 2023,07 MAY 2023,70,390,69128,493,69198,https://worldathletics.org/records/competition-performance-rankings/ranking/620206
495,618281,"Porritt Classic, Porritt Stadium, Hamilton",NZL,11 FEB 2023,11 FEB 2023,120,302,69038,498,69158,https://worldathletics.org/records/competition-performance-rankings/ranking/618281
496,619227,"Mark Conover Classic, Miller& Capriotti Athletics Complex, San Luis Obispo, CA",USA,24 MAR 2023,25 MAR 2023,10,646,69105,494,69115,https://worldathletics.org/records/competition-performance-rankings/ranking/619227
497,622645,"Meeting national de courses and sauts, Stade Olympique de la Pontaise, Lausanne",SUI,15 JUL 2023,15 JUL 2023,0,,69104,495,69104,https://worldathletics.org/records/competition-performance-rankings/ranking/622645
498,622385,"Pista y Campo Rumbo a los nacionales de 1 fuerza, Pista del CARE, Monterrey",MEX,01 JUL 2023,02 JUL 2023,0,,69093,496,69093,https://worldathletics.org/records/competition-performance-rankings/ranking/622385
499,622086,"Meeting du Val de Marne - FFA, Stade Sous La Lune - Stade Alain Mimoun, Nogent-sur-Marne",FRA,25 JUN 2023,25 JUN 2023,0,,69091,497,69091,https://worldathletics.org/records/competition-performance-rankings/ranking/622086
500,623969,"24th Chubu Area Corporate Teams Championships, Hoshigadai Stadium, Tajimi",JPN,07 OCT 2023,08 OCT 2023,55,431,69021,499,69076,https://worldathletics.org/records/competition-performance-rankings/ranking/623969
501,618897,"CGA League Meeting 5, Germiston Stadium, Johannesburg",RSA,25 FEB 2023,25 FEB 2023,120,302,68949,505,69069,https://worldathletics.org/records/competition-performance-rankings/ranking/618897
502,620156,"Spanish Club Championships Division Honor Liga Joma - Match 2, Estadio de Larrabide, Pamplona",ESP,06 MAY 2023,06 MAY 2023,65,406,68988,502,69053,https://worldathletics.org/records/competition-performance-rankings/ranking/620156
503,620731,"Championnat de France des clubs N1B Poule D, Stade de Montbauron, Versailles",FRA,21 MAY 2023,21 MAY 2023,35,495,69017,500,69052,https://worldathletics.org/records/competition-performance-rankings/ranking/620731
504,623128,"Aarauer Abendmeeting, Leichtathletikstadion Schachen, Aarau",SUI,11 AUG 2023,12 AUG 2023,15,617,69001,501,69016,https://worldathletics.org/records/competition-performance-rankings/ranking/623128
505,620727,"Championnat de France des clubs N1B Poule A, Stade Michel Lecointre, Nantes",FRA,21 MAY 2023,21 MAY 2023,35,495,68959,504,68994,https://worldathletics.org/records/competition-performance-rankings/ranking/620727
506,623144,"Summer Record Meeting, Hakatanomori Athletic Stadium, Fukuoka",JPN,11 AUG 2023,12 AUG 2023,0,,68978,503,68978,https://worldathletics.org/records/competition-performance-rankings/ranking/623144
507,623953,"Colombian Club Championships, Francisco Rivera Escobar, Palmira",COL,06 OCT 2023,08 OCT 2023,75,375,68888,510,68963,https://worldathletics.org/records/competition-performance-rankings/ranking/623953
508,621057,"42. Nationales Pfingstsportfest der LAV ZEVEN, Sportanlage an der Kanalstraße, Zeven",GER,27 MAY 2023,28 MAY 2023,0,,68949,505,68949,https://worldathletics.org/records/competition-performance-rankings/ranking/621057
509,621912,"Oslo Sportslager Tyrvinglekene, Bærum Idrettspark, Rud, Bærum",NOR,16 JUN 2023,18 JUN 2023,0,,68942,507,68942,https://worldathletics.org/records/competition-performance-rankings/ranking/621912
510,620606,"Allianz Championnats LBFA TC, Stade Fallon, Sint-Lambrechts-Woluwé",BEL,18 MAY 2023,18 MAY 2023,5,700,68921,508,68926,https://worldathletics.org/records/competition-performance-rankings/ranking/620606
511,621495,"UCD Track & Field Meet, UCD Campus Track, Dublin",IRL,10 JUN 2023,10 JUN 2023,20,586,68874,512,68894,https://worldathletics.org/records/competition-performance-rankings/ranking/621495
512,621582,"Spanish Club Championships First Division Liga Iberdrola Final, Estadio Vallehermoso, Madrid",ESP,11 JUN 2023,11 JUN 2023,15,617,68875,511,68890,https://worldathletics.org/records/competition-performance-rankings/ranking/621582
513,621529,"SAYO, Sollentunavallen, Sollentuna",SWE,09 JUN 2023,11 JUN 2023,10,646,68861,513,68871,https://worldathletics.org/records/competition-performance-rankings/ranking/621529
514,619340,"Virginia Quadrangular, UVA Lanningan Field, Charlottesville, VA",USA,01 APR 2023,01 APR 2023,0,,68843,514,68843,https://worldathletics.org/records/competition-performance-rankings/ranking/619340
515,621569,"Championnats Vallée du Rhône CJES, Parc Départemental de Parilly, Vénissieux",FRA,11 JUN 2023,11 JUN 2023,0,,68842,515,68842,https://worldathletics.org/records/competition-performance-rankings/ranking/621569
516,621629,"Meeting CA-JU, Stade R. Bobin, Bondoufle",FRA,10 JUN 2023,11 JUN 2023,5,700,68836,516,68841,https://worldathletics.org/records/competition-performance-rankings/ranking/621629
517,620142,"Spanish Clubs Championships Division Honor Liga Iberdrola - Match 4, Complejo Deportivo Ruth Beitia, Santander",ESP,06 MAY 2023,06 MAY 2023,30,514,68781,517,68811,https://worldathletics.org/records/competition-performance-rankings/ranking/620142
518,624171,"National League Clubs - Final Leg, Aftab Enghelab Sport Complex, Tehran",IRI,12 OCT 2023,16 OCT 2023,40,473,68699,520,68739,https://worldathletics.org/records/competition-performance-rankings/ranking/624171
519,623191,"Eltsun kansalliset, Eläintarhan urheilukenttä, Helsinki",FIN,17 AUG 2023,17 AUG 2023,20,586,68714,519,68734,https://worldathletics.org/records/competition-performance-rankings/ranking/623191
520,620131,"Spanish Clubs Championships Division Honor Liga Iberdrola - Match 2, Estadi Municipal d'Atletisme Congost, Manresa",ESP,06 MAY 2023,06 MAY 2023,55,431,68672,521,68727,https://worldathletics.org/records/competition-performance-rankings/ranking/620131
521,618905,"Corporate Area Development Meet, National Stadium, Kingston",JAM,03 MAR 2023,04 MAR 2023,0,,68723,518,68723,https://worldathletics.org/records/competition-performance-rankings/ranking/618905
522,621076,"Meeting International de Dakar, Dakar",SEN,27 MAY 2023,27 MAY 2023,155,255,68531,529,68686,https://worldathletics.org/records/competition-performance-rankings/ranking/621076
523,621519,"Spanish Club Championships First Division Liga Joma Final, Estadio Vallehermoso, Madrid",ESP,10 JUN 2023,10 JUN 2023,0,,68655,522,68655,https://worldathletics.org/records/competition-performance-rankings/ranking/621519
524,619408,"Cameron Burrell Alumni Invitational, Carl Lewis TF and Soccer Complex, Houston, TX",USA,07 APR 2023,07 APR 2023,50,447,68600,526,68650,https://worldathletics.org/records/competition-performance-rankings/ranking/619408
524,619897,"GVSU Extra Weekend Meet, GVSU Track/Lacrosse Stadium, Allendale, MI",USA,29 APR 2023,29 APR 2023,25,541,68625,524,68650,https://worldathletics.org/records/competition-performance-rankings/ranking/619897
526,620346,"Regional (Northern China) Invitation Meeting, Hebei Olympic Sports Center, Qinhuangdao",CHN,09 MAY 2023,10 MAY 2023,0,,68646,523,68646,https://worldathletics.org/records/competition-performance-rankings/ranking/620346
527,618896,"Tuks Top 10 Athletics, Bestmed Tuks Stadium, Pretoria",RSA,01 FEB 2023,01 FEB 2023,0,,68619,525,68619,https://worldathletics.org/records/competition-performance-rankings/ranking/618896
528,619667,"2023 National University Athletics Opens, Banqiao Stadium, New Taipei City",TPE,29 MAR 2023,30 MAR 2023,5,700,68574,527,68579,https://worldathletics.org/records/competition-performance-rankings/ranking/619667
529,619404,"Hong Kong Athletics Series, Wan Chai Sports Ground, Hong Kong",HKG,01 APR 2023,02 APR 2023,0,,68567,528,68567,https://worldathletics.org/records/competition-performance-rankings/ranking/619404
530,621295,"Warszawska Liga Lekkoatletyczna, Stadion Zygmunta Szelesta, Warszawa",POL,04 JUN 2023,04 JUN 2023,25,541,68444,531,68469,https://worldathletics.org/records/competition-performance-rankings/ranking/621295
531,621924,"Valencia Championships, Estadi Olímpic Camilo Cano, La Nucia",ESP,17 JUN 2023,17 JUN 2023,0,,68466,530,68466,https://worldathletics.org/records/competition-performance-rankings/ranking/621924
532,620410,"Old Boys - Frühlingsmeeting mit Hürdencup, Stadion Schützenmatte, Basel",SUI,13 MAY 2023,13 MAY 2023,135,279,68280,537,68415,https://worldathletics.org/records/competition-performance-rankings/ranking/620410
533,622577,"3rd AFN Golden League, MKO Abiola National Stadium, Abuja",NGR,26 MAY 2023,27 MAY 2023,5,700,68391,532,68396,https://worldathletics.org/records/competition-performance-rankings/ranking/622577
534,624401,"2023 National Middle School Athletics Championships, Tainan National Stadium, Tainan",TPE,01 NOV 2023,04 NOV 2023,0,,68390,533,68390,https://worldathletics.org/records/competition-performance-rankings/ranking/624401
535,618192,"Youngster Goldsmith National Athletic Classic, National Stadium, Kingston",JAM,04 FEB 2023,04 FEB 2023,10,646,68370,534,68380,https://worldathletics.org/records/competition-performance-rankings/ranking/618192
536,620656,"Ludwig-Jall-Sportfest, Dantestadion, München",GER,20 MAY 2023,20 MAY 2023,50,447,68323,536,68373,https://worldathletics.org/records/competition-performance-rankings/ranking/620656
537,620728,"Championnat de France des clubs N1B Poule B, Stade Roger Serzian, Belfort",FRA,21 MAY 2023,21 MAY 2023,5,700,68362,535,68367,https://worldathletics.org/records/competition-performance-rankings/ranking/620728
538,622766,"BW Leichtathletik Finals, Waldstadion, Walldorf",GER,15 JUL 2023,16 JUL 2023,65,406,68236,540,68301,https://worldathletics.org/records/competition-performance-rankings/ranking/622766
539,621342,"Midland Counties Senior & Under 20 Ch., Pingles Stadium, Nuneaton",GBR,03 JUN 2023,04 JUN 2023,30,514,68260,539,68290,https://worldathletics.org/records/competition-performance-rankings/ranking/621342
540,620966,"2. kolo I. ligy skupina A, Atletický stadion Slavia Praha, Praha",CZE,27 MAY 2023,27 MAY 2023,0,,68261,538,68261,https://worldathletics.org/records/competition-performance-rankings/ranking/620966
541,620085,"USD tune up, USD Lillibridge Track Complex, Vermillion, SD",USA,05 MAY 2023,05 MAY 2023,145,262,68108,546,68253,https://worldathletics.org/records/competition-performance-rankings/ranking/620085
542,623886,"Meeting Juan Carlos Dyrzka, Pista de Atletismo Justo Román, Mar del Plata",ARG,03 OCT 2023,03 OCT 2023,145,262,68098,547,68243,https://worldathletics.org/records/competition-performance-rankings/ranking/623886
543,622625,"Aluemestaruuskilpailu, Urheilukeskus, Lahti",FIN,11 JUL 2023,12 JUL 2023,45,457,68169,542,68214,https://worldathletics.org/records/competition-performance-rankings/ranking/622625
544,622358,"Grand Prix de Ecuador, Quito",ECU,01 JUL 2023,01 JUL 2023,100,333,68113,545,68213,https://worldathletics.org/records/competition-performance-rankings/ranking/622358
545,624930,"UAAP Athletic Championships, Philsport Track Oval, Pasig",PHI,22 NOV 2023,26 NOV 2023,0,,68200,541,68200,https://worldathletics.org/records/competition-performance-rankings/ranking/624930
546,622366,"Nationales Nachwuchsmeeting, Stadion Wankdorf, Bern",SUI,01 JUL 2023,01 JUL 2023,0,,68148,543,68148,https://worldathletics.org/records/competition-performance-rankings/ranking/622366
547,621642,"Israeli League Cup, Hadar Yosef Stadium, Tel Aviv",ISR,10 JUN 2023,11 JUN 2023,0,,68144,544,68144,https://worldathletics.org/records/competition-performance-rankings/ranking/621642
548,622418,"34. Mednarodni miting Novo mesto 2023, Stadion Portoval, Novo Mesto",SLO,04 JUL 2023,04 JUL 2023,140,272,67997,550,68137,https://worldathletics.org/records/competition-performance-rankings/ranking/622418
549,618970,"Queen's/Grace Jackson Track Meet, National Stadium, Kingston",JAM,28 JAN 2023,28 JAN 2023,170,243,67916,555,68086,https://worldathletics.org/records/competition-performance-rankings/ranking/618970
550,619686,"Al Owens Classic, Laker Stadium, Allendale, MI",USA,21 APR 2023,21 APR 2023,30,514,68021,548,68051,https://worldathletics.org/records/competition-performance-rankings/ranking/619686
551,620196,"Spanish Clubs Championships Division Honor Liga Iberdrola - Match 3, Estadio Los Pajaritos, Soria",ESP,06 MAY 2023,06 MAY 2023,35,495,67996,551,68031,https://worldathletics.org/records/competition-performance-rankings/ranking/620196
552,623289,"England Athletics U15/U17 Open Championships Incorporating Age Group Para Championships, Alexander Stadium, Birmingham",GBR,26 AUG 2023,27 AUG 2023,0,,68002,549,68002,https://worldathletics.org/records/competition-performance-rankings/ranking/623289
553,620395,"Nationales Leichtathletik-Meeting Hannover, Erika-Fisch-Stadion, Hannover",GER,13 MAY 2023,13 MAY 2023,60,418,67937,554,67997,https://worldathletics.org/records/competition-performance-rankings/ranking/620395
554,621962,"Championnats de Bretagne individuels, Stade de Kercado, Vannes",FRA,10 JUN 2023,11 JUN 2023,10,646,67960,552,67970,https://worldathletics.org/records/competition-performance-rankings/ranking/621962
555,619220,"Shocker Spring Invitational, Cessna Stadium, Wichita, KS",USA,24 MAR 2023,25 MAR 2023,0,,67960,552,67960,https://worldathletics.org/records/competition-performance-rankings/ranking/619220
556,620389,"Dinamo Zrinjevac International Meeting, Sports Park Mladost, Zagreb",CRO,13 MAY 2023,13 MAY 2023,75,375,67872,557,67947,https://worldathletics.org/records/competition-performance-rankings/ranking/620389
557,620496,"Calgary Spring Challenge, Foothills Athletic Park, Calgary",CAN,13 MAY 2023,14 MAY 2023,10,646,67904,556,67914,https://worldathletics.org/records/competition-performance-rankings/ranking/620496
558,622480,"EAP - Malta International Meet, Marsa Athletics Track, Marsa",MLT,08 JUL 2023,08 JUL 2023,100,333,67786,559,67886,https://worldathletics.org/records/competition-performance-rankings/ranking/622480
559,619459,"Grand Prix International de Douala, Stade de la Réunification de Bepanda, Douala",CMR,26 MAR 2023,26 MAR 2023,115,315,67758,560,67873,https://worldathletics.org/records/competition-performance-rankings/ranking/619459
560,630140,"All Island Schools Games, Sugathadasa Stadium, Colombo",SRI,23 NOV 2023,27 NOV 2023,0,,67823,558,67823,https://worldathletics.org/records/competition-performance-rankings/ranking/630140
561,620820,"Greek Club Championships Group 2, Kaftanzoglio Stadium, Thessaloniki",GRE,13 MAY 2023,14 MAY 2023,125,295,67653,568,67778,https://worldathletics.org/records/competition-performance-rankings/ranking/620820
562,621982,"MVA HP#2, CVEATC, Chula Vista, CA",USA,28 MAY 2023,28 MAY 2023,220,223,67544,573,67764,https://worldathletics.org/records/competition-performance-rankings/ranking/621982
563,618960,"Second Qualifying for Athletics-LAI, Pista UAGM, Gurabo",PUR,10 MAR 2023,11 MAR 2023,25,541,67729,563,67754,https://worldathletics.org/records/competition-performance-rankings/ranking/618960
564,620549,"Meeting National de Seine et Marne, Stade Philippe Mahut, Fontainebleau",FRA,12 MAY 2023,12 MAY 2023,85,355,67664,567,67749,https://worldathletics.org/records/competition-performance-rankings/ranking/620549
565,621910,"Meeting National à thème de Saint-Egrève, Stade Jean Balestas, St-Egreve",FRA,18 JUN 2023,18 JUN 2023,10,646,67731,562,67741,https://worldathletics.org/records/competition-performance-rankings/ranking/621910
566,622051,"3. kolo I. ligy, skupina A, Sportovní areál Na Lukách, Vlašim",CZE,24 JUN 2023,24 JUN 2023,0,,67733,561,67733,https://worldathletics.org/records/competition-performance-rankings/ranking/622051
567,623682,"30. midsommar - Charlottenburger-Mittsommernacht, Mommsenstadion, Berlin",GER,30 JUL 2023,30 JUL 2023,95,342,67621,570,67716,https://worldathletics.org/records/competition-performance-rankings/ranking/623682
568,620830,"Greek Club Championships Group 6, Agios Kosmas Training Center, Elliniko, Athina",GRE,13 MAY 2023,14 MAY 2023,85,355,67624,569,67709,https://worldathletics.org/records/competition-performance-rankings/ranking/620830
569,622087,"Croatian U20 Championships, Stadion SRC Mladost, Čakovec",CRO,24 JUN 2023,25 JUN 2023,10,646,67695,565,67705,https://worldathletics.org/records/competition-performance-rankings/ranking/622087
569,623543,"Belgian U23 Championships, Piste Olympique Adeps de Jambes, Jambes",BEL,10 SEP 2023,10 SEP 2023,5,700,67700,564,67705,https://worldathletics.org/records/competition-performance-rankings/ranking/623543
571,622045,"3. kolo I. ligy, skupina C, Stadion TJ Lokomotiva Olomouc,, Olomouc",CZE,24 JUN 2023,24 JUN 2023,0,,67673,566,67673,https://worldathletics.org/records/competition-performance-rankings/ranking/622045
572,620205,"BVV A.C. M+V Ere-afdeling, Gerard Bontinckstadion, Sint-Niklaas",BEL,07 MAY 2023,07 MAY 2023,70,390,67572,571,67642,https://worldathletics.org/records/competition-performance-rankings/ranking/620205
573,622149,"Régionaux individuels, Stade Gillardeaux, Avignon",FRA,24 JUN 2023,25 JUN 2023,30,514,67539,574,67569,https://worldathletics.org/records/competition-performance-rankings/ranking/622149
574,622374,"Championnats OCC, Stadium Municipal, Albi",FRA,01 JUL 2023,02 JUL 2023,0,,67567,572,67567,https://worldathletics.org/records/competition-performance-rankings/ranking/622374
575,621016,"Meeting der krummen Strecken, Schönbuchstadion, Pliezhausen",GER,14 MAY 2023,14 MAY 2023,165,246,67399,578,67564,https://worldathletics.org/records/competition-performance-rankings/ranking/621016
576,622341,"Aita- ja pikajuoksukarnevaalit, Oinaalan urheilukenttä, Jämsänkoski",FIN,29 JUN 2023,02 JUL 2023,5,700,67528,575,67533,https://worldathletics.org/records/competition-performance-rankings/ranking/622341
577,620777,"Grand Prix Sudamericano Ciudad de Santiago, San Carlos de Apoquindo, Santiago de Chile",CHI,21 MAY 2023,21 MAY 2023,185,236,67327,580,67512,https://worldathletics.org/records/competition-performance-rankings/ranking/620777
578,621645,"Lagos Athletics Series League, Yabatech Sport Complex, Lagos",NGR,01 JUN 2023,01 JUN 2023,10,646,67455,577,67465,https://worldathletics.org/records/competition-performance-rankings/ranking/621645
579,621707,"10. Thuner Athletics Night, Stadion Lachen, Thun",SUI,14 JUN 2023,14 JUN 2023,0,,67462,576,67462,https://worldathletics.org/records/competition-performance-rankings/ranking/621707
580,619121,"Indian Grand Prix, LNCPE, Trivandrum",IND,20 MAR 2023,20 MAR 2023,70,390,67351,579,67421,https://worldathletics.org/records/competition-performance-rankings/ranking/619121
581,619538,"Third Qualifying for Athletics-LAI, Pista Luis F. Sambolin, San Germán",PUR,14 APR 2023,15 APR 2023,25,541,67303,581,67328,https://worldathletics.org/records/competition-performance-rankings/ranking/619538
582,622335,"Slovenian U23 Championships, Športni park, Nova Gorica",SLO,01 JUL 2023,02 JUL 2023,25,541,67291,584,67316,https://worldathletics.org/records/competition-performance-rankings/ranking/622335
583,621355,"Mexican U20 Championships, Centro Deportivo Olímpico Mexicano, Ciudad de México",MEX,03 JUN 2023,04 JUN 2023,0,,67297,582,67297,https://worldathletics.org/records/competition-performance-rankings/ranking/621355
584,621366,"Olympic Trial, Atıcılar Atletizm Sahası, Bursa",TUR,03 JUN 2023,04 JUN 2023,0,,67295,583,67295,https://worldathletics.org/records/competition-performance-rankings/ranking/621366
585,621570,"Tjalvelekene, Bislett Stadion, Oslo",NOR,03 JUN 2023,04 JUN 2023,0,,67278,585,67278,https://worldathletics.org/records/competition-performance-rankings/ranking/621570
586,617749,"Denise Boyd Shield, QSAC State Athletics Facility, Nathan, Brisbane",AUS,21 JAN 2023,21 JAN 2023,25,541,67222,588,67247,https://worldathletics.org/records/competition-performance-rankings/ranking/617749
587,623632,"Slovak Team Championships, Štadión SNP, Banská Bystrica",SVK,16 SEP 2023,16 SEP 2023,80,364,67166,592,67246,https://worldathletics.org/records/competition-performance-rankings/ranking/623632
588,621090,"Pfingstsportfest - The Berlin Meeting, Stadion Lichterfelde, Berlin",GER,27 MAY 2023,28 MAY 2023,0,,67240,586,67240,https://worldathletics.org/records/competition-performance-rankings/ranking/621090
589,622631,"Natwest International Island Games 2023, Footes Lane, St. Peter Port",GBR,09 JUL 2023,14 JUL 2023,40,473,67194,590,67234,https://worldathletics.org/records/competition-performance-rankings/ranking/622631
590,622726,"SIAB Schools International T&F Competition, Grangemouth Sports Stadium, Grangemouth",GBR,15 JUL 2023,15 JUL 2023,0,,67223,587,67223,https://worldathletics.org/records/competition-performance-rankings/ranking/622726
591,622161,"Spanish U18 Championships by Regional Federations, CTD Adarraga, Logrono",ESP,24 JUN 2023,24 JUN 2023,0,,67219,589,67219,https://worldathletics.org/records/competition-performance-rankings/ranking/622161
592,618310,"I Prueba de confrontación, Estadio Panamericano, La Habana",CUB,10 FEB 2023,11 FEB 2023,135,279,67061,599,67196,https://worldathletics.org/records/competition-performance-rankings/ranking/618310
593,618928,"UCSB Invite, Pauley Track & Field Complex UC Santa Barbara, Goleta, CA",USA,10 MAR 2023,10 MAR 2023,0,,67178,591,67178,https://worldathletics.org/records/competition-performance-rankings/ranking/618928
594,623143,"National League Final, Tullamore Harriers AC Stadium, Tullamore",IRL,13 AUG 2023,13 AUG 2023,10,646,67144,594,67154,https://worldathletics.org/records/competition-performance-rankings/ranking/623143
595,621312,"Irish Schools National Championships, Tullamore Harriers AC Stadium, Tullamore",IRL,02 JUN 2023,03 JUN 2023,0,,67150,593,67150,https://worldathletics.org/records/competition-performance-rankings/ranking/621312
596,623647,"SVM Nationalliga C + Promotionsliga A&B, Grendelmatte, Riehen",SUI,16 SEP 2023,16 SEP 2023,30,514,67096,595,67126,https://worldathletics.org/records/competition-performance-rankings/ranking/623647
597,620347,"Velká cena Olomouce, Stadion TJ Lokomotiva Olomouc,, Olomouc",CZE,08 MAY 2023,08 MAY 2023,55,431,67063,598,67118,https://worldathletics.org/records/competition-performance-rankings/ranking/620347
598,621368,"Campeonatos Estaduais Catarinense, Pista da UFSC, Florianópolis",BRA,03 JUN 2023,04 JUN 2023,20,586,67092,596,67112,https://worldathletics.org/records/competition-performance-rankings/ranking/621368
599,620153,"Maverick Open #2, Track & Field Complex, Mankato, MN",USA,06 MAY 2023,06 MAY 2023,5,700,67065,597,67070,https://worldathletics.org/records/competition-performance-rankings/ranking/620153
600,623591,"Grand Prix Sudamericano Primavera de Santiago, Pista Atlética Eliana Gaete Lazo, Santiago de Chile",CHI,14 SEP 2023,14 SEP 2023,80,364,66973,606,67053,https://worldathletics.org/records/competition-performance-rankings/ranking/623591
601,619277,"BAAA Carifta Trials and Bahamian High School Championships, T. Robinson Stadium, Nassau",BAH,25 MAR 2023,27 MAR 2023,0,,67029,600,67029,https://worldathletics.org/records/competition-performance-rankings/ranking/619277
602,621572,"Spanish Club Championships First Division Liga Iberdrola Permanence, Pista de Atletismo Río Esgueva,, Valladolid",ESP,10 JUN 2023,10 JUN 2023,0,,67026,601,67026,https://worldathletics.org/records/competition-performance-rankings/ranking/621572
603,619357,"Oliver Nikoloff Invitational, Gettler Stadium, Cincinnati, OH",USA,31 MAR 2023,01 APR 2023,0,,67021,602,67021,https://worldathletics.org/records/competition-performance-rankings/ranking/619357
604,622555,"Championnats d'Île-de-France Cadets & Juniors, Stade J. Roland, Franconville",FRA,08 JUL 2023,09 JUL 2023,0,,67019,603,67019,https://worldathletics.org/records/competition-performance-rankings/ranking/622555
605,621892,"Campionati Regionali Individuali Allievi e Gare Open, Stadio Paolo Rosi, Roma",ITA,17 JUN 2023,18 JUN 2023,25,541,66987,604,67012,https://worldathletics.org/records/competition-performance-rankings/ranking/621892
606,618612,"Dane Bird Smith Shield, QSAC State Athletics Facility, Nathan, Brisbane",AUS,25 FEB 2023,25 FEB 2023,55,431,66949,608,67004,https://worldathletics.org/records/competition-performance-rankings/ranking/618612
607,622365,"Régionaux CA/JU/ES/SE, Stade Léo Lagrange, Lens",FRA,02 JUL 2023,02 JUL 2023,35,495,66968,607,67003,https://worldathletics.org/records/competition-performance-rankings/ranking/622365
608,621084,"2. kolo I. ligy skupina B, Mlada Boleslav",CZE,28 MAY 2023,28 MAY 2023,10,646,66979,605,66989,https://worldathletics.org/records/competition-performance-rankings/ranking/621084
609,619490,"Regional (Central China 2nd) Invitation Meeting, Sports Center, Jiujiang",CHN,12 APR 2023,13 APR 2023,0,,66935,609,66935,https://worldathletics.org/records/competition-performance-rankings/ranking/619490
609,620125,"WVU Last Chance, The TF Complex at Mylan Park, Morgantown, WV",USA,06 MAY 2023,06 MAY 2023,10,646,66925,610,66935,https://worldathletics.org/records/competition-performance-rankings/ranking/620125
611,621039,"2. kolo 1. ligy skupina C, Městský stadion, Třinec",CZE,28 MAY 2023,28 MAY 2023,25,541,66864,611,66889,https://worldathletics.org/records/competition-performance-rankings/ranking/621039
612,618744,"Athletics Performance, Estadio Olímpico de Querétaro, Queretaro",MEX,25 FEB 2023,26 FEB 2023,0,,66863,612,66863,https://worldathletics.org/records/competition-performance-rankings/ranking/618744
612,624507,"Treloar Shield - Round 5, SOPAC, Sydney",AUS,25 NOV 2023,25 NOV 2023,10,646,66853,614,66863,https://worldathletics.org/records/competition-performance-rankings/ranking/624507
614,622162,"Slovenian U20 Championships, Stadion Park Šiška, Ljubljana",SLO,24 JUN 2023,25 JUN 2023,0,,66857,613,66857,https://worldathletics.org/records/competition-performance-rankings/ranking/622162
615,620558,"1. kolo I. ligy, skupina C, Městský atletický stadion Dany Zátopkové, Uherské Hradiste",CZE,13 MAY 2023,13 MAY 2023,0,,66701,615,66701,https://worldathletics.org/records/competition-performance-rankings/ranking/620558
616,623675,"National Team Championships, Ceres Park, Århus",DEN,09 SEP 2023,09 SEP 2023,70,390,66626,617,66696,https://worldathletics.org/records/competition-performance-rankings/ranking/623675
617,620550,"1. kolo II. ligy skupina C, Atletický stadion, Ustí Nad Orlicí",CZE,14 MAY 2023,14 MAY 2023,0,,66677,616,66677,https://worldathletics.org/records/competition-performance-rankings/ranking/620550
618,622389,"Competitie 1e Divisie Poule 2 R3 [2023], Sportpark Orderbos, Apeldoorn",NED,02 JUL 2023,02 JUL 2023,60,418,66598,618,66658,https://worldathletics.org/records/competition-performance-rankings/ranking/622389
619,618463,"II Prueba de Confrontación, Estadio Panamericano, La Habana",CUB,16 FEB 2023,17 FEB 2023,135,279,66489,624,66624,https://worldathletics.org/records/competition-performance-rankings/ranking/618463
620,622646,"Portuguese U20 Championships, Estádio Municipal de Abrantes, Abrantes",POR,15 JUL 2023,16 JUL 2023,0,,66594,619,66594,https://worldathletics.org/records/competition-performance-rankings/ranking/622646
621,621994,"Huddingespelen, Källbrinks IP, Huddinge",SWE,16 JUN 2023,18 JUN 2023,10,646,66579,620,66589,https://worldathletics.org/records/competition-performance-rankings/ranking/621994
622,619977,"15de Stessens 1 mei meeting, Sport Vlaanderen Herentals, Herentals",BEL,01 MAY 2023,01 MAY 2023,10,646,66542,621,66552,https://worldathletics.org/records/competition-performance-rankings/ranking/619977
623,619570,"Torneo Todo Competidor Carlos Strutz, Club Atlético Manquehue, Santiago de Chile",CHI,15 APR 2023,16 APR 2023,70,390,66461,626,66531,https://worldathletics.org/records/competition-performance-rankings/ranking/619570
624,621909,"Northern Ireland Senior Championships, Mary Peters Track, Belfast",GBR,16 JUN 2023,17 JUN 2023,0,,66516,622,66516,https://worldathletics.org/records/competition-performance-rankings/ranking/621909
625,621607,"Championnats Régionaux, Stade Jean Leveillé, Challans",FRA,10 JUN 2023,11 JUN 2023,0,,66501,623,66501,https://worldathletics.org/records/competition-performance-rankings/ranking/621607
626,618898,"CGA League Meeting 3, Germiston Stadium, Johannesburg",RSA,04 FEB 2023,04 FEB 2023,10,646,66482,625,66492,https://worldathletics.org/records/competition-performance-rankings/ranking/618898
627,621877,"DSD Open Games, Dundrum South Dublin, Dublin",IRL,18 JUN 2023,18 JUN 2023,0,,66453,627,66453,https://worldathletics.org/records/competition-performance-rankings/ranking/621877
628,619597,"Juntendo Athletics Trial, Juntendo University Stadium, Inzai",JPN,15 APR 2023,16 APR 2023,0,,66444,628,66444,https://worldathletics.org/records/competition-performance-rankings/ranking/619597
629,621614,"Copenhagen Open, Hvidovre Stadion, Hvidovre",DEN,10 JUN 2023,11 JUN 2023,10,646,66420,629,66430,https://worldathletics.org/records/competition-performance-rankings/ranking/621614
630,618540,"Campbelltown High Velocity, Campbelltown Athletics Centre, Sydney",AUS,19 FEB 2023,19 FEB 2023,5,700,66414,630,66419,https://worldathletics.org/records/competition-performance-rankings/ranking/618540
631,619585,"Ross Black Open, New Mexico JC, Hobbs, NM",USA,14 APR 2023,15 APR 2023,5,700,66383,631,66388,https://worldathletics.org/records/competition-performance-rankings/ranking/619585
632,623718,"Croatian Cup for Clubs, Sports Park Mladost, Zagreb",CRO,23 SEP 2023,24 SEP 2023,125,295,66233,638,66358,https://worldathletics.org/records/competition-performance-rankings/ranking/623718
633,622497,"Meeting National de Thonon-les-Bains, Stade J. Moynat, Thonon-les-Bains",FRA,07 JUL 2023,08 JUL 2023,115,315,66218,639,66333,https://worldathletics.org/records/competition-performance-rankings/ranking/622497
634,620654,"1. kolo I. ligy skupina A, Atletický stadion, Trebic",CZE,14 MAY 2023,14 MAY 2023,0,,66322,632,66322,https://worldathletics.org/records/competition-performance-rankings/ranking/620654
635,624937,"Batang Pinoy (BP) - Philippine National Games, Philsport Track Oval, Pasig",PHI,18 DEC 2023,22 DEC 2023,15,617,66295,633,66310,https://worldathletics.org/records/competition-performance-rankings/ranking/624937
636,623702,"Korean University Athletics Meeting, Seocheon Sports Complex, Seocheon",KOR,07 SEP 2023,09 SEP 2023,0,,66286,634,66286,https://worldathletics.org/records/competition-performance-rankings/ranking/623702
637,621310,"Meeting régional du RCN, Stade Michel Lecointre, Nantes",FRA,04 JUN 2023,04 JUN 2023,15,617,66260,635,66275,https://worldathletics.org/records/competition-performance-rankings/ranking/621310
638,623551,"Belgian U20 Championships, Piste Olympique Adeps de Jambes, Jambes",BEL,10 SEP 2023,10 SEP 2023,0,,66260,635,66260,https://worldathletics.org/records/competition-performance-rankings/ranking/623551
639,621289,"Athletics Federation Championships for Premier Clubs, Prince Nayef Sports City, Qatif",KSA,26 MAY 2023,27 MAY 2023,0,,66257,637,66257,https://worldathletics.org/records/competition-performance-rankings/ranking/621289
640,620083,"XXXII Meeting Citta' Di Conegliano, Stadio Narciso Soldan, Conegliano",ITA,05 MAY 2023,05 MAY 2023,30,514,66205,641,66235,https://worldathletics.org/records/competition-performance-rankings/ranking/620083
641,619688,"Mustang Invitational, Miller& Capriotti Athletics Complex, San Luis Obispo, CA",USA,21 APR 2023,21 APR 2023,0,,66217,640,66217,https://worldathletics.org/records/competition-performance-rankings/ranking/619688
642,621611,"Warszawska Liga Lekkoatletyczna, Stadion Zygmunta Szelesta, Warszawa",POL,10 JUN 2023,10 JUN 2023,10,646,66191,643,66201,https://worldathletics.org/records/competition-performance-rankings/ranking/621611
643,624204,"5th Nara City Record Meeting, Konoike Athletics Stadium, Nara",JPN,03 NOV 2023,03 NOV 2023,0,,66199,642,66199,https://worldathletics.org/records/competition-performance-rankings/ranking/624204
644,620165,"Spanish Club Championships Division Honor Liga Joma - Match 4, Estadio Corona de Aragón, Zaragoza",ESP,06 MAY 2023,06 MAY 2023,15,617,66173,644,66188,https://worldathletics.org/records/competition-performance-rankings/ranking/620165
645,618855,"AGN Track and Field League 2 - Seniors, U16, U18 & U20, Pilditch Stadium, Pretoria",RSA,21 JAN 2023,21 JAN 2023,10,646,66152,646,66162,https://worldathletics.org/records/competition-performance-rankings/ranking/618855
646,618348,"Garry Brown Shield, QSAC State Athletics Facility, Nathan, Brisbane",AUS,11 FEB 2023,11 FEB 2023,0,,66157,645,66157,https://worldathletics.org/records/competition-performance-rankings/ranking/618348
647,620499,"Yorkshire County Athletics Association Track and Field Championships, Dorothy Hyman Stadium, Cudworth",GBR,13 MAY 2023,14 MAY 2023,25,541,66128,647,66153,https://worldathletics.org/records/competition-performance-rankings/ranking/620499
648,619598,"Copa Tepic, Pista Olimpica Universitaria, Tepic",MEX,14 APR 2023,16 APR 2023,0,,66117,648,66117,https://worldathletics.org/records/competition-performance-rankings/ranking/619598
649,622287,"Meeting du CSBJ N°2, Stade Antonin Berliat, Bourgoin-Jallieu",FRA,28 JUN 2023,28 JUN 2023,0,,66114,649,66114,https://worldathletics.org/records/competition-performance-rankings/ranking/622287
650,622115,"National League Prelims, Morton Stadium, Santry, Dublin",IRL,25 JUN 2023,25 JUN 2023,0,,66090,650,66090,https://worldathletics.org/records/competition-performance-rankings/ranking/622115
651,617713,"Pre-season Athletics Trial, Wan Chai Sports Ground, Hong Kong",HKG,15 JAN 2023,15 JAN 2023,0,,66063,651,66063,https://worldathletics.org/records/competition-performance-rankings/ranking/617713
652,621931,"Meeting de Saumur Val de Loire, Stade Offard, Saumur",FRA,17 JUN 2023,17 JUN 2023,0,,66049,652,66049,https://worldathletics.org/records/competition-performance-rankings/ranking/621931
653,623939,"3rd Nara City Record Meeting, Konoike Athletics Stadium, Nara",JPN,24 SEP 2023,24 SEP 2023,0,,66041,653,66041,https://worldathletics.org/records/competition-performance-rankings/ranking/623939
654,622049,"3. kolo I. ligy, skupina B, Atletické středisko Emila Zátopka, Stará Boleslav",CZE,24 JUN 2023,24 JUN 2023,0,,65998,654,65998,https://worldathletics.org/records/competition-performance-rankings/ranking/622049
655,622781,"4ème Meeting Fédéral, Sale, Rabat",MAR,11 JUN 2023,11 JUN 2023,0,,65983,655,65983,https://worldathletics.org/records/competition-performance-rankings/ranking/622781
656,623109,"National Athletics League Championship, King's Park Athletics Centre, Bournemouth",GBR,05 AUG 2023,05 AUG 2023,20,586,65961,658,65981,https://worldathletics.org/records/competition-performance-rankings/ranking/623109
657,624408,"NSW Relay Championships, SOPAC, Sydney",AUS,17 NOV 2023,19 NOV 2023,0,,65974,656,65974,https://worldathletics.org/records/competition-performance-rankings/ranking/624408
658,620666,"Chpts Interclubs LIFA - Finale Nationale 2, Stade C. Fichot, Conflans-ste-Honorine",FRA,20 MAY 2023,20 MAY 2023,5,700,65968,657,65973,https://worldathletics.org/records/competition-performance-rankings/ranking/620666
659,617571,"Cathy Freeman Shield, QSAC State Athletics Facility, Nathan, Brisbane",AUS,14 JAN 2023,14 JAN 2023,75,375,65895,663,65970,https://worldathletics.org/records/competition-performance-rankings/ranking/617571
660,621685,"National Athletics League Championship, Bedford Athletic Stadium, Bedford",GBR,11 JUN 2023,11 JUN 2023,5,700,65960,659,65965,https://worldathletics.org/records/competition-performance-rankings/ranking/621685
661,619264,"UBC Open, Rashpal Dhillon Oval, Vancouver",CAN,25 MAR 2023,26 MAR 2023,5,700,65939,660,65944,https://worldathletics.org/records/competition-performance-rankings/ranking/619264
662,620819,"Greek Club Championships Group 7, Agios Kosmas Training Center, Elliniko, Athina",GRE,13 MAY 2023,14 MAY 2023,70,390,65863,665,65933,https://worldathletics.org/records/competition-performance-rankings/ranking/620819
663,621599,"2. kolo MMaS družstev mládeže, Mestský Stadion, Ostrava",CZE,11 JUN 2023,11 JUN 2023,0,,65920,661,65920,https://worldathletics.org/records/competition-performance-rankings/ranking/621599
664,623233,"4. kolo I. ligy skupina A, Atletický stadion Děkanka, Praha",CZE,20 AUG 2023,20 AUG 2023,0,,65898,662,65898,https://worldathletics.org/records/competition-performance-rankings/ranking/623233
665,624304,"Juegos Nacionales Universitarios, Estadio de Atletismo - Unidad Deportiva el Salitre, Bogotá",COL,02 OCT 2023,04 OCT 2023,45,457,65850,666,65895,https://worldathletics.org/records/competition-performance-rankings/ranking/624304
666,617564,"Illawarra Track Challenge, Kerryn McCann Athletic Centre, Wollongong",AUS,14 JAN 2023,14 JAN 2023,0,,65875,664,65875,https://worldathletics.org/records/competition-performance-rankings/ranking/617564
667,619447,"Tom Benich Invitational, Nottingham Field, Greeley, CO",USA,08 APR 2023,08 APR 2023,5,700,65850,666,65855,https://worldathletics.org/records/competition-performance-rankings/ranking/619447
668,623687,"Jogos da Juventude 2023, Academia da Força Aérea, Pirassununga",BRA,02 SEP 2023,04 SEP 2023,0,,65844,668,65844,https://worldathletics.org/records/competition-performance-rankings/ranking/623687
669,622324,"Slovak U23 Championships, Atletický štadión TU, Košice",SVK,01 JUL 2023,02 JUL 2023,0,,65820,669,65820,https://worldathletics.org/records/competition-performance-rankings/ranking/622324
670,623592,"10º Circuito Paulista Open, COTP Stadium, São Paulo",BRA,13 SEP 2023,13 SEP 2023,125,295,65666,680,65791,https://worldathletics.org/records/competition-performance-rankings/ranking/623592
671,620361,"Maccabi Idelson Cup, Hadar Yosef Stadium, Tel Aviv",ISR,07 MAY 2023,07 MAY 2023,15,617,65766,670,65781,https://worldathletics.org/records/competition-performance-rankings/ranking/620361
672,622915,"Flag of KJAF President National Middle & High School Championships, Jeongseon Sports Complex, Jeongseon",KOR,16 JUL 2023,19 JUL 2023,5,700,65758,671,65763,https://worldathletics.org/records/competition-performance-rankings/ranking/622915
673,623651,"Croatian U23 Championships, Sports Park Mladost, Zagreb",CRO,16 SEP 2023,17 SEP 2023,10,646,65749,672,65759,https://worldathletics.org/records/competition-performance-rankings/ranking/623651
674,620832,"SELLi Mängud, Gümnaasiumi Staadion, Ülenurme",EST,19 MAY 2023,20 MAY 2023,15,617,65733,674,65748,https://worldathletics.org/records/competition-performance-rankings/ranking/620832
675,618214,"All Comers Meet, Levy Mwanawasa Stadion, Ndola",ZAM,28 JAN 2023,29 JAN 2023,30,514,65715,675,65745,https://worldathletics.org/records/competition-performance-rankings/ranking/618214
676,624305,"Benita Willis Shield & Queensland 5000m Championships, UQ Athletic Centre, St Lucia, Brisbane",AUS,11 NOV 2023,11 NOV 2023,0,,65743,673,65743,https://worldathletics.org/records/competition-performance-rankings/ranking/624305
677,621525,"Meeting Regional du CAC, Stade Helitas, Caen",FRA,10 JUN 2023,10 JUN 2023,0,,65711,676,65711,https://worldathletics.org/records/competition-performance-rankings/ranking/621525
677,623210,"4. kolo 1. ligy skupina C, Stadion TJ Lokomotiva, Breclav",CZE,19 AUG 2023,19 AUG 2023,0,,65711,676,65711,https://worldathletics.org/records/competition-performance-rankings/ranking/623210
679,623323,"Romuald Klim Memorial, RTSOP, Minsk",BLR,25 AUG 2023,25 AUG 2023,365,153,65330,695,65695,https://worldathletics.org/records/competition-performance-rankings/ranking/623323
680,618967,"Indian U18 Championships, Mahatma Gandhi District Stadium Ajjarkad, Udupi",IND,10 MAR 2023,12 MAR 2023,0,,65679,678,65679,https://worldathletics.org/records/competition-performance-rankings/ranking/618967
681,622560,"Flying Angels International Classic, Track and Field Centre Outdoor Track, Toronto",CAN,07 JUL 2023,09 JUL 2023,0,,65672,679,65672,https://worldathletics.org/records/competition-performance-rankings/ranking/622560
682,623429,"Welsh Athletics U20 International, Cardiff Athletic Stadium, Cardiff",GBR,26 AUG 2023,26 AUG 2023,30,514,65638,681,65668,https://worldathletics.org/records/competition-performance-rankings/ranking/623429
683,618876,"CGA League Meeting 4, Germiston Stadium, Johannesburg",RSA,18 FEB 2023,18 FEB 2023,25,541,65616,682,65641,https://worldathletics.org/records/competition-performance-rankings/ranking/618876
684,620204,"First league interclub M+V, Domein Drie Fonteinen Piste, Vilvoorde",BEL,07 MAY 2023,07 MAY 2023,25,541,65577,683,65602,https://worldathletics.org/records/competition-performance-rankings/ranking/620204
685,620236,"Championnat de France des clubs - 1er tour - P-L, Stade Omnisports, Cholet",FRA,07 MAY 2023,07 MAY 2023,55,431,65541,685,65596,https://worldathletics.org/records/competition-performance-rankings/ranking/620236
686,624094,"Championnats Nationaux Interclubs U18/U20/U23, Stade Jacques Forestier, Aix-les-Bains",FRA,22 OCT 2023,22 OCT 2023,0,,65573,684,65573,https://worldathletics.org/records/competition-performance-rankings/ranking/624094
687,620758,"Chpts Interclubs LIFA - Finale PromoN2A, Stade G. Collet, Palaiseau",FRA,21 MAY 2023,21 MAY 2023,20,586,65532,686,65552,https://worldathletics.org/records/competition-performance-rankings/ranking/620758
688,620990,"Croatian U20 Cup and Team Championships for Clubs, Sports Park Mladost, Zagreb",CRO,27 MAY 2023,28 MAY 2023,10,646,65525,688,65535,https://worldathletics.org/records/competition-performance-rankings/ranking/620990
689,623769,"52nd Fall National Middle & High School Athletics Meeting, Boeun Public Stadium, Boeun",KOR,05 AUG 2023,09 AUG 2023,0,,65528,687,65528,https://worldathletics.org/records/competition-performance-rankings/ranking/623769
690,621577,"Spanish Club Championships First Division Liga Joma Permanence, Pista de Atletismo de Landako, Durango",ESP,10 JUN 2023,10 JUN 2023,0,,65505,689,65505,https://worldathletics.org/records/competition-performance-rankings/ranking/621577
691,625566,"Athletics test event for the 1st Student Games of the People's Repubic of China, Athletics Field of Nanning Sports School, Nanning",CHN,08 OCT 2023,09 OCT 2023,0,,65433,690,65433,https://worldathletics.org/records/competition-performance-rankings/ranking/625566
692,622556,"Limietenwedstrijd, Atletiekbaan Breda, Breda",NED,08 JUL 2023,08 JUL 2023,0,,65420,691,65420,https://worldathletics.org/records/competition-performance-rankings/ranking/622556
693,621951,"Hyvän Tuulen Kisat 1, Eläintarhan urheilukenttä, Helsinki",FIN,20 JUN 2023,20 JUN 2023,0,,65404,692,65404,https://worldathletics.org/records/competition-performance-rankings/ranking/621951
694,624183,"28th Hokushinetsu High School Rookies' Meeting, Denka Big Swan Stadium, Niigata",JPN,27 OCT 2023,29 OCT 2023,0,,65385,693,65385,https://worldathletics.org/records/competition-performance-rankings/ranking/624183
695,621879,"Sri Lankan U20 Championships, Mahinda Rajapaksha Stadium, Diyagama",SRI,07 MAY 2023,10 MAY 2023,0,,65348,694,65348,https://worldathletics.org/records/competition-performance-rankings/ranking/621879
696,622192,"Colombian U20 Championships, Estadio de Atletismo Unidad Deportiva Burech, Santa Marta",COL,23 JUN 2023,25 JUN 2023,10,646,65312,696,65322,https://worldathletics.org/records/competition-performance-rankings/ranking/622192
697,621959,"Circuito Paulista Open, Pista de Atletismo CEAR, Campinas",BRA,17 JUN 2023,17 JUN 2023,20,586,65288,699,65308,https://worldathletics.org/records/competition-performance-rankings/ranking/621959
698,621886,"Ian Hume Invitational, Stade University Sherbrooke, Sherbrooke",CAN,17 JUN 2023,18 JUN 2023,0,,65305,697,65305,https://worldathletics.org/records/competition-performance-rankings/ranking/621886
699,622300,"Puma Canada Twilight, Campbell Track, Hamilton",CAN,01 JUL 2023,01 JUL 2023,0,,65301,698,65301,https://worldathletics.org/records/competition-performance-rankings/ranking/622300
700,621424,"Jump'n'Run Meeting, Stadion Hacheney, Dortmund",GER,07 JUN 2023,07 JUN 2023,10,646,65275,700,65285,https://worldathletics.org/records/competition-performance-rankings/ranking/621424
701,620717,"Competitie 1e Divisie Poule 2 R2 [2023], Sportpark De Bongerd, Barendrecht",NED,21 MAY 2023,21 MAY 2023,35,495,65246,701,65281,https://worldathletics.org/records/competition-performance-rankings/ranking/620717
702,619126,"2è Meeting Inter Clubs, Stade de la Réunification de Bepanda, Douala",CMR,18 FEB 2023,19 FEB 2023,35,495,65220,704,65255,https://worldathletics.org/records/competition-performance-rankings/ranking/619126
703,622083,"Championnats LARGE Elite, Stade Raymond Petit, Tomblaine",FRA,25 JUN 2023,25 JUN 2023,0,,65232,702,65232,https://worldathletics.org/records/competition-performance-rankings/ranking/622083
704,621302,"Whitsuntide Games, Kirani James Athletic Stadium, St. George's",GRN,27 MAY 2023,28 MAY 2023,0,,65226,703,65226,https://worldathletics.org/records/competition-performance-rankings/ranking/621302
705,623576,"Competitie NK Teams - 1e Divisie, Atletiekbaan Breda, Breda",NED,10 SEP 2023,10 SEP 2023,75,375,65148,708,65223,https://worldathletics.org/records/competition-performance-rankings/ranking/623576
706,622754,"Championnat de France des clubs - 1er tour - I-F - Poule B, Stade A. Delaune, Maisons-Alfort",FRA,07 MAY 2023,07 MAY 2023,0,,65217,705,65217,https://worldathletics.org/records/competition-performance-rankings/ranking/622754
707,622496,"Meeting Robert Bobin, Stade R. Quintard, Cerizay",FRA,08 JUL 2023,08 JUL 2023,0,,65216,706,65216,https://worldathletics.org/records/competition-performance-rankings/ranking/622496
708,620827,"3. Final Selection Trials for Asian Games, Asian Championships & Asian Junior Champs, Mahinda Rajapaksha Stadium, Diyagama",SRI,25 APR 2023,25 APR 2023,5,700,65161,707,65166,https://worldathletics.org/records/competition-performance-rankings/ranking/620827
709,620314,"GVSU 10 Event Last Chance Meet, GVSU Track/Lacrosse Stadium, Allendale, MI",USA,09 MAY 2023,09 MAY 2023,60,418,65086,711,65146,https://worldathletics.org/records/competition-performance-rankings/ranking/620314
710,622441,"Pfungstädter Abendsportfest, TSV Stadion, Pfungstadt",GER,05 JUL 2023,05 JUL 2023,10,646,65128,709,65138,https://worldathletics.org/records/competition-performance-rankings/ranking/622441
711,619438,"Nishinihon - Hakata Record meeting, Hakatanomori Athletic Stadium, Fukuoka",JPN,08 APR 2023,09 APR 2023,0,,65112,710,65112,https://worldathletics.org/records/competition-performance-rankings/ranking/619438
712,621983,"Loughborough Open, Loughborough University Track, Loughborough",GBR,21 JUN 2023,21 JUN 2023,25,541,65079,712,65104,https://worldathletics.org/records/competition-performance-rankings/ranking/621983
713,619762,"Meeting de la Réunion, Stade Marc Nasseau, St-Denis-Réunion",FRA,22 APR 2023,22 APR 2023,25,541,65057,713,65082,https://worldathletics.org/records/competition-performance-rankings/ranking/619762
714,620659,"1. kolo I. ligy skupina B, Atletický stadion Kolín, Kolin",CZE,13 MAY 2023,13 MAY 2023,0,,65021,714,65021,https://worldathletics.org/records/competition-performance-rankings/ranking/620659
715,619838,"State Farm Friends of Track and Field Mountaineer Showcase, The TF Complex at Mylan Park, Morgantown, WV",USA,21 APR 2023,22 APR 2023,15,617,64995,715,65010,https://worldathletics.org/records/competition-performance-rankings/ranking/619838
716,621523,"Championnats Alpes, Stade Bachelard, Grenoble",FRA,10 JUN 2023,10 JUN 2023,0,,64992,716,64992,https://worldathletics.org/records/competition-performance-rankings/ranking/621523
717,621250,"Meeting National à thème de Colmar, Complexe athlétisme Europe, Colmar",FRA,03 JUN 2023,03 JUN 2023,15,617,64966,717,64981,https://worldathletics.org/records/competition-performance-rankings/ranking/621250
718,622561,"Eesti Suvemängud, Staadion, Rakvere",EST,08 JUL 2023,09 JUL 2023,0,,64928,718,64928,https://worldathletics.org/records/competition-performance-rankings/ranking/622561
719,619912,"Rider Invitational, Michael P. Brady Track and Field Complex, Lawrenceville, NJ",USA,22 APR 2023,22 APR 2023,0,,64917,719,64917,https://worldathletics.org/records/competition-performance-rankings/ranking/619912
720,620199,"Tom Gage Classic, Bobcat Track & Field Complex, Bozeman, MT",USA,06 MAY 2023,06 MAY 2023,0,,64885,720,64885,https://worldathletics.org/records/competition-performance-rankings/ranking/620199
721,623095,"Rieter Mítink, Atletický stadion, Ustí Nad Orlicí",CZE,08 AUG 2023,08 AUG 2023,305,165,64567,737,64872,https://worldathletics.org/records/competition-performance-rankings/ranking/623095
722,624487,"Strive Special Program, WA Athletics Stadium, Perth",AUS,25 NOV 2023,25 NOV 2023,0,,64859,721,64859,https://worldathletics.org/records/competition-performance-rankings/ranking/624487
723,618397,"3e Elite Event & Young Talents, Stade Annexe du 5 Juillet, Algiers",ALG,11 FEB 2023,11 FEB 2023,0,,64847,722,64847,https://worldathletics.org/records/competition-performance-rankings/ranking/618397
724,621049,"Championnats de zone 75-94, Stade Clerville, Ivry-sur-Seine",FRA,27 MAY 2023,28 MAY 2023,0,,64824,723,64824,https://worldathletics.org/records/competition-performance-rankings/ranking/621049
724,622392,"5to Festival Atlético, Estadio Heriberto Jara Corona, Xalapa",MEX,24 JUN 2023,25 JUN 2023,0,,64824,723,64824,https://worldathletics.org/records/competition-performance-rankings/ranking/622392
726,621303,"Serbian Team Championships, Military Academy Stadium, Beograd",SRB,04 JUN 2023,04 JUN 2023,25,541,64785,725,64810,https://worldathletics.org/records/competition-performance-rankings/ranking/621303
727,620495,"Kent County Championships, Norman Park Athletics Track, Bromley",GBR,13 MAY 2023,14 MAY 2023,0,,64748,726,64748,https://worldathletics.org/records/competition-performance-rankings/ranking/620495
728,623003,"Surrey County Track and Field Championships, Weir Archer Athletics and Fitness Centre, Kingston, London",GBR,13 MAY 2023,14 MAY 2023,15,617,64717,728,64732,https://worldathletics.org/records/competition-performance-rankings/ranking/623003
729,622308,"National Junior & U23 Championships (U20), Tullamore Harriers AC Stadium, Tullamore",IRL,02 JUL 2023,02 JUL 2023,0,,64725,727,64725,https://worldathletics.org/records/competition-performance-rankings/ranking/622308
730,621369,"Mistrovství Moravy a Slezska, Stadion TJ Lokomotiva, Breclav",CZE,04 JUN 2023,04 JUN 2023,0,,64715,729,64715,https://worldathletics.org/records/competition-performance-rankings/ranking/621369
731,623160,"Campeonatos Brasileiros Interclubes U18, Pista de Atletismo da Universidade Federal de Sergipe, Aracaju",BRA,11 AUG 2023,13 AUG 2023,0,,64714,730,64714,https://worldathletics.org/records/competition-performance-rankings/ranking/623160
732,618549,"FPU Sunbird Invitational, Fresno Pacific University Track, Fresno, CA",USA,18 FEB 2023,18 FEB 2023,10,646,64690,731,64700,https://worldathletics.org/records/competition-performance-rankings/ranking/618549
733,618757,"Circuito Paulista Open, Centro de Atletismo Professor Oswaldo Terra, Sao Bernardo do Campo",BRA,25 FEB 2023,25 FEB 2023,65,406,64605,734,64670,https://worldathletics.org/records/competition-performance-rankings/ranking/618757
734,621322,"AGN Open & International Track & Field Competition - League 7, Pilditch Stadium, Pretoria",RSA,20 MAY 2023,20 MAY 2023,55,431,64590,735,64645,https://worldathletics.org/records/competition-performance-rankings/ranking/621322
735,622186,"Spanish U16 Championships, Estadi Olímpic Camilo Cano, La Nucia",ESP,24 JUN 2023,25 JUN 2023,0,,64644,732,64644,https://worldathletics.org/records/competition-performance-rankings/ranking/622186
736,621099,"BIGish Jumps & Throws Fest, Ashton Playing Fields Woodford Green, London",GBR,29 MAY 2023,29 MAY 2023,65,406,64575,736,64640,https://worldathletics.org/records/competition-performance-rankings/ranking/621099
737,619676,"Battle in the OC, CSU Titan Track Complex, Fullerton, CA",USA,20 APR 2023,20 APR 2023,10,646,64620,733,64630,https://worldathletics.org/records/competition-performance-rankings/ranking/619676
738,620977,"Leinster Senior, Junior & Master Championships, South Sports Campus, Carlow",IRL,27 MAY 2023,28 MAY 2023,10,646,64560,738,64570,https://worldathletics.org/records/competition-performance-rankings/ranking/620977
739,620514,"52nd Spring National Middle & High School Athletics Meeting, Yecheon Stadium, Yecheon",KOR,13 APR 2023,17 APR 2023,5,700,64541,740,64546,https://worldathletics.org/records/competition-performance-rankings/ranking/620514
740,620260,"1. kolo Mistrovství Moravy a Slezska, Stadion TJ Lokomotiva Olomouc,, Olomouc",CZE,06 MAY 2023,06 MAY 2023,0,,64544,739,64544,https://worldathletics.org/records/competition-performance-rankings/ranking/620260
741,620223,"Championnat de France des clubs - 1er tour - CEN, Stade Jean Leroi, Blois",FRA,07 MAY 2023,07 MAY 2023,25,541,64493,741,64518,https://worldathletics.org/records/competition-performance-rankings/ranking/620223
742,621325,"Loughborough Open, Loughborough University Track, Loughborough",GBR,31 MAY 2023,31 MAY 2023,35,495,64476,743,64511,https://worldathletics.org/records/competition-performance-rankings/ranking/621325
743,622804,"Meeting serale, Stadio Comunale, Bellinzona",SUI,22 JUL 2023,22 JUL 2023,5,700,64493,741,64498,https://worldathletics.org/records/competition-performance-rankings/ranking/622804
744,622309,"Irish U23 Championships, Tullamore Harriers AC Stadium, Tullamore",IRL,02 JUL 2023,02 JUL 2023,20,586,64468,745,64488,https://worldathletics.org/records/competition-performance-rankings/ranking/622309
745,621360,"Tilastopajacup 2, Paavo Nurmen Stadion, Turku",FIN,06 JUN 2023,06 JUN 2023,45,457,64442,747,64487,https://worldathletics.org/records/competition-performance-rankings/ranking/621360
746,622698,"Finale Coupe du Trône, Complexe Sportif Prince Moulay Abdellah, Rabat",MAR,08 JUL 2023,08 JUL 2023,0,,64474,744,64474,https://worldathletics.org/records/competition-performance-rankings/ranking/622698
747,620124,"Germeringer Leichtathletik-Meeting, Stadion des SV Germering, Germering",GER,06 MAY 2023,06 MAY 2023,5,700,64454,746,64459,https://worldathletics.org/records/competition-performance-rankings/ranking/620124
748,622489,"Meeting de la Gruyère, Stade Bouleyres, Bulle",SUI,08 JUL 2023,08 JUL 2023,45,457,64278,751,64323,https://worldathletics.org/records/competition-performance-rankings/ranking/622489
749,620434,"Match des 6 cantons, Stade Pierre de Coubertin, Lausanne",SUI,14 MAY 2023,14 MAY 2023,30,514,64292,749,64322,https://worldathletics.org/records/competition-performance-rankings/ranking/620434
750,620095,"Nurullah Ivak Throwing Cup - Olympic Trial, Atıcılar Atletizm Sahası, Bursa",TUR,29 APR 2023,30 APR 2023,25,541,64285,750,64310,https://worldathletics.org/records/competition-performance-rankings/ranking/620095
751,623501,"3. kolo MMaS družstev mládeže, Stadion TJ Lokomotiva, Breclav",CZE,09 SEP 2023,09 SEP 2023,0,,64306,748,64306,https://worldathletics.org/records/competition-performance-rankings/ranking/623501
752,623639,"Venezuelan U23 Championships, Estadio Brigido Iriarte, Caracas",VEN,15 SEP 2023,16 SEP 2023,5,700,64268,753,64273,https://worldathletics.org/records/competition-performance-rankings/ranking/623639
753,618946,"Myrtle Beach Collegiate Challenge, Doug Shaw Memorial Stadium, Myrtle Beach, SC",USA,10 MAR 2023,11 MAR 2023,0,,64272,752,64272,https://worldathletics.org/records/competition-performance-rankings/ranking/618946
754,623439,"Belgian U18 Championships, Wouter Weylandtstadion, Gentbrugge",BEL,02 SEP 2023,03 SEP 2023,0,,64235,754,64235,https://worldathletics.org/records/competition-performance-rankings/ranking/623439
755,620230,"Championnat de France des clubs - 1er tour - H-F, Stade communautaire d'athlétisme, Bruay-la-Buissiere",FRA,07 MAY 2023,07 MAY 2023,0,,64205,755,64205,https://worldathletics.org/records/competition-performance-rankings/ranking/620230
756,620925,"Sławomir Rosłon Memorial, Stadion Miejski, Piaseczno",POL,27 MAY 2023,27 MAY 2023,0,,64197,756,64197,https://worldathletics.org/records/competition-performance-rankings/ranking/620925
757,620352,"Chpts Interclubs LIFA - Elite-N1-N2 - Poule A, Stade des Maradas, Cergy-Pontoise",FRA,06 MAY 2023,06 MAY 2023,0,,64192,757,64192,https://worldathletics.org/records/competition-performance-rankings/ranking/620352
758,621271,"Spanish Club Championships Second Division Final, Estadio de Larrabide, Pamplona",ESP,04 JUN 2023,04 JUN 2023,0,,64183,758,64183,https://worldathletics.org/records/competition-performance-rankings/ranking/621271
759,619805,"PK Alle Categorieën Oost Vlaanderen, Gerard Bontinckstadion, Sint-Niklaas",BEL,22 APR 2023,23 APR 2023,0,,64181,759,64181,https://worldathletics.org/records/competition-performance-rankings/ranking/619805
760,621705,"National Athletics League Championship, Down Grange Track, Basingstoke",GBR,11 JUN 2023,11 JUN 2023,0,,64127,760,64127,https://worldathletics.org/records/competition-performance-rankings/ranking/621705
761,621466,"Meeting National de Pézenas, Stade Municipal, Pezenas",FRA,10 JUN 2023,10 JUN 2023,10,646,64114,761,64124,https://worldathletics.org/records/competition-performance-rankings/ranking/621466
762,620745,"Finale des Interclubs Nationale 2, Stade H. Boucher, St-Brieuc",FRA,21 MAY 2023,21 MAY 2023,10,646,64058,762,64068,https://worldathletics.org/records/competition-performance-rankings/ranking/620745
763,622331,"Maurina - High Speed League, Campo Angelo Lagorio, Imperia",ITA,02 JUL 2023,02 JUL 2023,0,,64054,763,64054,https://worldathletics.org/records/competition-performance-rankings/ranking/622331
764,620006,"Meeting do Trabalhador, Estádio 1o de Maio, Lisboa",POR,01 MAY 2023,01 MAY 2023,40,473,64008,766,64048,https://worldathletics.org/records/competition-performance-rankings/ranking/620006
765,621939,"Championaux régionaux, Stade Municipal, Vineuil",FRA,17 JUN 2023,18 JUN 2023,0,,64036,764,64036,https://worldathletics.org/records/competition-performance-rankings/ranking/621939
766,623269,"The 99th WASEDA & KEIO Athletic Meet, Keio Univ. Hiyoshi Athletics Field, Yokohama",JPN,13 AUG 2023,13 AUG 2023,0,,64011,765,64011,https://worldathletics.org/records/competition-performance-rankings/ranking/623269
767,624652,"National Schools Challenge Final, WA Athletics Stadium, Perth",AUS,11 DEC 2023,11 DEC 2023,0,,63914,767,63914,https://worldathletics.org/records/competition-performance-rankings/ranking/624652
768,619466,"Regional (Central China 1st) Invitation Meeting, Sports Center, Jiujiang",CHN,08 APR 2023,09 APR 2023,0,,63861,768,63861,https://worldathletics.org/records/competition-performance-rankings/ranking/619466
769,622089,"Régionaux BFC Sprint, Haies et Concours, Stade Colette Besson, Dijon",FRA,25 JUN 2023,25 JUN 2023,0,,63837,769,63837,https://worldathletics.org/records/competition-performance-rankings/ranking/622089
770,622850,"Małopolski Memoriał Trenerów, Stadion AWF, Kraków",POL,22 JUL 2023,22 JUL 2023,25,541,63792,770,63817,https://worldathletics.org/records/competition-performance-rankings/ranking/622850
771,623694,"19° Meeting Internazionale Regione FVG - Ospiti di gente unica, Polisportivo Guido Maccan, Brugnera",ITA,15 JUL 2023,15 JUL 2023,20,586,63786,771,63806,https://worldathletics.org/records/competition-performance-rankings/ranking/623694
772,624532,"On Zatopek: 10, Lakeside Stadium, Melbourne",AUS,02 DEC 2023,02 DEC 2023,30,514,63716,773,63746,https://worldathletics.org/records/competition-performance-rankings/ranking/624532
773,620528,"Essex County Outdoor Track & Field Championships, Thurrock Blackshots Athletics Stadium, Essex",GBR,13 MAY 2023,14 MAY 2023,10,646,63719,772,63729,https://worldathletics.org/records/competition-performance-rankings/ranking/620528
774,621634,"Pré -Régionaux individuels, Stade René Ancelin, Marseille",FRA,10 JUN 2023,11 JUN 2023,0,,63709,774,63709,https://worldathletics.org/records/competition-performance-rankings/ranking/621634
775,622384,"Slovak U20 Championships, Mestský atletický štadión, Trnava",SVK,17 JUN 2023,18 JUN 2023,0,,63703,775,63703,https://worldathletics.org/records/competition-performance-rankings/ranking/622384
776,621922,"9th Zygmunt Szelest Memorial. INTEREUROPOL International Combined Events Meeting, Stadion Zygmunta Szelesta, Warszawa",POL,16 JUN 2023,18 JUN 2023,60,418,63637,779,63697,https://worldathletics.org/records/competition-performance-rankings/ranking/621922
777,623256,"78th National Athletic Meet Hokkaido Representative Selection Meeting, Hanasaki Athletic Field, Asahikawa",JPN,12 AUG 2023,13 AUG 2023,0,,63681,776,63681,https://worldathletics.org/records/competition-performance-rankings/ranking/623256
778,618317,"NSW 5000m Championships, SOPAC Warm Up Arena, Sydney",AUS,11 FEB 2023,11 FEB 2023,0,,63676,777,63676,https://worldathletics.org/records/competition-performance-rankings/ranking/618317
779,620563,"Hampshire County Track & Field Championships, Mountbatten Centre Athletics Track, Portsmouth",GBR,13 MAY 2023,14 MAY 2023,0,,63650,778,63650,https://worldathletics.org/records/competition-performance-rankings/ranking/620563
780,622846,"Campeonato Nacional de Clubes - 2ª divisão, Estádio Municipal Manuela Machado, Viana do Castelo",POR,22 JUL 2023,23 JUL 2023,0,,63621,780,63621,https://worldathletics.org/records/competition-performance-rankings/ranking/622846
781,621149,"Championnat de France des clubs - 1er tour - N-A, Stade de Stehelin, Bordeaux",FRA,07 MAY 2023,07 MAY 2023,25,541,63559,783,63584,https://worldathletics.org/records/competition-performance-rankings/ranking/621149
782,620181,"Spanish Club Championships Primera Division Liga Joma - Match 2, Estadio Vallehermoso, Madrid",ESP,07 MAY 2023,07 MAY 2023,0,,63582,781,63582,https://worldathletics.org/records/competition-performance-rankings/ranking/620181
783,623633,"Meeting Rosario, Estadio Municipal Jorge Newbery, Rosario",ARG,16 SEP 2023,16 SEP 2023,45,457,63522,784,63567,https://worldathletics.org/records/competition-performance-rankings/ranking/623633
784,622194,"Foote Field Open, Foote Field, Edmonton",CAN,24 JUN 2023,25 JUN 2023,0,,63565,782,63565,https://worldathletics.org/records/competition-performance-rankings/ranking/622194
785,617905,"Sally Pearson Shield, QSAC State Athletics Facility, Nathan, Brisbane",AUS,28 JAN 2023,28 JAN 2023,65,406,63463,785,63528,https://worldathletics.org/records/competition-performance-rankings/ranking/617905
786,621251,"Meeting National à thème de Noisy-le-Grand, Stade Alain Mimoun, Noisy-le-Grand",FRA,03 JUN 2023,03 JUN 2023,40,473,63460,786,63500,https://worldathletics.org/records/competition-performance-rankings/ranking/621251
787,622006,"Keuruun 56. Juhannuskisat, Keuruun keskuskenttä, Keuruu",FIN,23 JUN 2023,23 JUN 2023,40,473,63431,789,63471,https://worldathletics.org/records/competition-performance-rankings/ranking/622006
788,623200,"4. kolo I. ligy skupina B, Městský stadion, Liberec",CZE,19 AUG 2023,19 AUG 2023,0,,63450,787,63450,https://worldathletics.org/records/competition-performance-rankings/ranking/623200
789,623071,"National Athletics League Championship, Wavertree Athletics Centre, Liverpool",GBR,05 AUG 2023,05 AUG 2023,0,,63440,788,63440,https://worldathletics.org/records/competition-performance-rankings/ranking/623071
790,658972,"Kestävyysjuoksu- ja kilpakävelykarnevaalit, Paunun urheilukeskus, Jämsä",FIN,30 JUN 2023,01 JUL 2023,0,,63431,789,63431,https://worldathletics.org/records/competition-performance-rankings/ranking/658972
791,620147,"Spanish Clubs Championships Primera Division Liga Iberdrola - Match 2, Pista de Atletismo Río Esgueva,, Valladolid",ESP,06 MAY 2023,06 MAY 2023,0,,63381,791,63381,https://worldathletics.org/records/competition-performance-rankings/ranking/620147
792,623440,"2023 Taichung Cup National Junior High and Elementary School Athletics Meet, Taichung City Fengyuan Stadium, Taichung",TPE,21 AUG 2023,24 AUG 2023,0,,63380,792,63380,https://worldathletics.org/records/competition-performance-rankings/ranking/623440
793,623754,"4th National Schools Athletics Meeting, Boeun Public Stadium, Boeun",KOR,14 SEP 2023,18 SEP 2023,0,,63332,793,63332,https://worldathletics.org/records/competition-performance-rankings/ranking/623754
794,622402,"NSK Baan 2023, FBK Stadium, Hengelo",NED,17 JUN 2023,18 JUN 2023,0,,63330,794,63330,https://worldathletics.org/records/competition-performance-rankings/ranking/622402
795,622481,"Meeting National à thème de l'Est Lyonnais, Stade Raymond Troussier, Decines",FRA,08 JUL 2023,08 JUL 2023,235,207,63062,801,63297,https://worldathletics.org/records/competition-performance-rankings/ranking/622481
796,623699,"39th Hokkaido High School Rookies’ Meeting, Hanasaki Athletic Field, Asahikawa",JPN,20 SEP 2023,22 SEP 2023,0,,63296,795,63296,https://worldathletics.org/records/competition-performance-rankings/ranking/623699
797,621935,"MVA HP#3, CVEATC, Chula Vista, CA",USA,18 JUN 2023,18 JUN 2023,260,190,62978,806,63238,https://worldathletics.org/records/competition-performance-rankings/ranking/621935
798,622107,"Le Grand Prix de la Forestoise (Mémorial René Ravets), Stade Bertelson, Bruxelles",BEL,25 JUN 2023,25 JUN 2023,20,586,63196,797,63216,https://worldathletics.org/records/competition-performance-rankings/ranking/622107
799,620934,"LVS/Sportland kauss 4.posms, Saldus sporta kompleksa stadions, Saldus",LAT,27 MAY 2023,27 MAY 2023,0,,63205,796,63205,https://worldathletics.org/records/competition-performance-rankings/ranking/620934
800,621905,"Meeting à label Regional Redon, Stade Municipal, Redon",FRA,18 JUN 2023,18 JUN 2023,0,,63175,798,63175,https://worldathletics.org/records/competition-performance-rankings/ranking/621905
801,620994,"CRL Meeting - Bronze Lombardia, Centro Sportivo Faustina, Lodi",ITA,28 MAY 2023,28 MAY 2023,0,,63132,799,63132,https://worldathletics.org/records/competition-performance-rankings/ranking/620994
802,622720,"Häme Games, Peltosaaren yleisurheilukenttä, Riihimäki",FIN,17 JUL 2023,17 JUL 2023,25,541,63105,800,63130,https://worldathletics.org/records/competition-performance-rankings/ranking/622720
803,622362,"Slovenian U18 Championships, Športni park, Nova Gorica",SLO,01 JUL 2023,02 JUL 2023,0,,63052,802,63052,https://worldathletics.org/records/competition-performance-rankings/ranking/622362
804,622255,"AFN All Comers Competition, Ahmadu Bello Stadium, Kaduna",NGR,30 MAR 2023,31 MAR 2023,0,,63015,803,63015,https://worldathletics.org/records/competition-performance-rankings/ranking/622255
805,620814,"Mityng Kwalifikacyjny i Mistrzostwa Pomorskiego LZS, Stadion GOS, Gdansk",POL,21 MAY 2023,21 MAY 2023,0,,63014,804,63014,https://worldathletics.org/records/competition-performance-rankings/ranking/620814
806,620824,"Sparta Copenhagen Games, Østerbro Stadium, Copenhagen",DEN,20 MAY 2023,21 MAY 2023,0,,63005,805,63005,https://worldathletics.org/records/competition-performance-rankings/ranking/620824
807,621018,"Campeonato Nacional de Clubes, Estádio Municipal da Marinha Grande, Marinha Grande",POR,27 MAY 2023,28 MAY 2023,0,,62952,807,62952,https://worldathletics.org/records/competition-performance-rankings/ranking/621018
808,622069,"offene Mitteldeutsche Meisterschaften, Waldstadion, Haldensleben",GER,24 JUN 2023,24 JUN 2023,35,495,62909,808,62944,https://worldathletics.org/records/competition-performance-rankings/ranking/622069
809,621287,"XLVII Troféu Norte e Nordeste Loterias Caixa de Atletismo - Senior, Pista de Atletismo da UFPE, Recifé",BRA,03 JUN 2023,04 JUN 2023,20,586,62902,809,62922,https://worldathletics.org/records/competition-performance-rankings/ranking/621287
810,620011,"Mountaineer Twilight, The TF Complex at Mylan Park, Morgantown, WV",USA,29 APR 2023,29 APR 2023,20,586,62801,810,62821,https://worldathletics.org/records/competition-performance-rankings/ranking/620011
811,621928,"Mistrzostwa Kuj.-Pom. U18 i U20 - Mityng Ogólnopolski, Stadion OSiR, Wloclawek",POL,18 JUN 2023,18 JUN 2023,10,646,62779,811,62789,https://worldathletics.org/records/competition-performance-rankings/ranking/621928
812,620665,"Leinster Schools Championships, Tullamore Harriers AC Stadium, Tullamore",IRL,17 MAY 2023,20 MAY 2023,0,,62714,812,62714,https://worldathletics.org/records/competition-performance-rankings/ranking/620665
813,623218,"4J Studios scottishathletics U13/U15/U20 Championships, Aberdeen Sports Village, Aberdeen",GBR,19 AUG 2023,20 AUG 2023,0,,62671,813,62671,https://worldathletics.org/records/competition-performance-rankings/ranking/623218
814,621126,"Meeting National à thème de Grenoble, Stade Bachelard, Grenoble",FRA,31 MAY 2023,31 MAY 2023,25,541,62620,814,62645,https://worldathletics.org/records/competition-performance-rankings/ranking/621126
815,621848,"Balaton Bajnokság, Egyetemi Stadion, Veszprém",HUN,17 JUN 2023,18 JUN 2023,40,473,62573,815,62613,https://worldathletics.org/records/competition-performance-rankings/ranking/621848
816,620710,"2eme tour interclubs - N2, Stade Manuela Montebrun, Laval",FRA,21 MAY 2023,21 MAY 2023,0,,62565,816,62565,https://worldathletics.org/records/competition-performance-rankings/ranking/620710
817,623252,"OZB-Championships, Sportanlage Rheinwiese, Schaan",LIE,25 AUG 2023,26 AUG 2023,0,,62552,817,62552,https://worldathletics.org/records/competition-performance-rankings/ranking/623252
818,621273,"Croatian U18 Championships, Stadion Branko Čavlović-Čavlek, Karlovac",CRO,03 JUN 2023,04 JUN 2023,0,,62546,818,62546,https://worldathletics.org/records/competition-performance-rankings/ranking/621273
819,623177,"Kampioenschap van Vlaanderen Cadetten en Scholieren, Stadion De Veen, Heusden-Zolder",BEL,15 AUG 2023,15 AUG 2023,0,,62537,819,62537,https://worldathletics.org/records/competition-performance-rankings/ranking/623177
820,620246,"Competitie 1e Divisie Poule 2 R1 [2023], Sportpark De Omzoom, Assendelft",NED,07 MAY 2023,07 MAY 2023,10,646,62495,820,62505,https://worldathletics.org/records/competition-performance-rankings/ranking/620246
821,619281,"Juegos Deportivos, Estadio Palillo, Ciudad de México",MEX,25 MAR 2023,26 MAR 2023,0,,62413,821,62413,https://worldathletics.org/records/competition-performance-rankings/ranking/619281
822,622240,"Hong Kong Inter-City Athletics Championships, Hong Kong",HKG,24 JUN 2023,25 JUN 2023,5,700,62387,822,62392,https://worldathletics.org/records/competition-performance-rankings/ranking/622240
823,620609,"National Team Championships Qualification Group B, Högby IP, Högby",SWE,18 MAY 2023,18 MAY 2023,60,418,62330,827,62390,https://worldathletics.org/records/competition-performance-rankings/ranking/620609
824,619046,"Darren Thrupp Shield, QSAC State Athletics Facility, Nathan, Brisbane",AUS,18 MAR 2023,18 MAR 2023,0,,62386,823,62386,https://worldathletics.org/records/competition-performance-rankings/ranking/619046
825,623947,"Tour AURA - Interclubs U23, Stade Jacques Forestier, Aix-les-Bains",FRA,08 OCT 2023,08 OCT 2023,5,700,62366,824,62371,https://worldathletics.org/records/competition-performance-rankings/ranking/623947
826,620296,"Circuito B FAPUR-Road to National, Estadio Jose A. Figueroa Freyre, Mayagüez",PUR,06 MAY 2023,06 MAY 2023,30,514,62334,826,62364,https://worldathletics.org/records/competition-performance-rankings/ranking/620296
826,621578,"Rheinland-Pfalz Meisterschaften M/F/U18, Stadion Im Blumengarten, Ingelheim",GER,11 JUN 2023,11 JUN 2023,5,700,62359,825,62364,https://worldathletics.org/records/competition-performance-rankings/ranking/621578
828,620148,"Spanish Clubs Championships Primera Division Liga Iberdrola - Match 3, Pista de Atletismo Las Mestas, Gijón",ESP,06 MAY 2023,06 MAY 2023,0,,62315,828,62315,https://worldathletics.org/records/competition-performance-rankings/ranking/620148
829,620042,"Circuito Paulista Open, Pista de Atletismo CEAR, Campinas",BRA,29 APR 2023,29 APR 2023,55,431,62251,833,62306,https://worldathletics.org/records/competition-performance-rankings/ranking/620042
830,621949,"14. Međunarodni Atletski Miting, Stadion Kamberovića polje, Zenica",BIH,07 JUN 2023,07 JUN 2023,235,207,62057,844,62292,https://worldathletics.org/records/competition-performance-rankings/ranking/621949
831,621474,"Wieslaw Kiryk Memorial, Stadion Miejski, Oleśnica",POL,10 JUN 2023,10 JUN 2023,35,495,62253,832,62288,https://worldathletics.org/records/competition-performance-rankings/ranking/621474
832,621182,"8th International Sprint Relay Cup, Atatürk University Stadium, Erzurum",TUR,30 MAY 2023,31 MAY 2023,20,586,62256,831,62276,https://worldathletics.org/records/competition-performance-rankings/ranking/621182
833,622547,"Jan Dietvorst Memorial, AV Spado, Bergen op Zoom",NED,09 JUL 2023,09 JUL 2023,80,364,62194,836,62274,https://worldathletics.org/records/competition-performance-rankings/ranking/622547
834,621953,"Portuguese U18 Championships, Pista de Atletismo da Sobreda, Almada",POR,17 JUN 2023,18 JUN 2023,0,,62263,829,62263,https://worldathletics.org/records/competition-performance-rankings/ranking/621953
835,620877,"Hapoel Championships, Hadar Yosef Stadium, Tel Aviv",ISR,21 MAY 2023,21 MAY 2023,0,,62261,830,62261,https://worldathletics.org/records/competition-performance-rankings/ranking/620877
836,620169,"Spanish Clubs Championships Primera Division Liga Joma - Match 4, Pista de Atletismo del Polideportivo Municipal de Gandia, Gandía",ESP,07 MAY 2023,07 MAY 2023,5,700,62220,834,62225,https://worldathletics.org/records/competition-performance-rankings/ranking/620169
837,619436,"Torneo Todo Competidor Mario Correa Letelier, Club Atlético Manquehue, Santiago de Chile",CHI,31 MAR 2023,01 APR 2023,70,390,62147,838,62217,https://worldathletics.org/records/competition-performance-rankings/ranking/619436
838,619424,"Emilie Mondor Invitational, Terry Fox Field - SFU, Burnaby",CAN,08 APR 2023,08 APR 2023,0,,62208,835,62208,https://worldathletics.org/records/competition-performance-rankings/ranking/619424
839,622485,"Meeting Régional pour l'Open de France, Stade municipal Les Quéfets, Tournefeuille",FRA,08 JUL 2023,08 JUL 2023,25,541,62168,837,62193,https://worldathletics.org/records/competition-performance-rankings/ranking/622485
840,622190,"Meeting de Romans, Stade Guillermoz, Romans",FRA,27 JUN 2023,27 JUN 2023,15,617,62106,840,62121,https://worldathletics.org/records/competition-performance-rankings/ranking/622190
841,621260,"Pré-Régionaux de Demi-Fond - Meeting d'Ambilly, Stade Municipal, Ambilly",FRA,03 JUN 2023,03 JUN 2023,0,,62115,839,62115,https://worldathletics.org/records/competition-performance-rankings/ranking/621260
842,621423,"York University TFC Twilight 1, Track and Field Centre Outdoor Track, Toronto",CAN,06 JUN 2023,06 JUN 2023,5,700,62091,841,62096,https://worldathletics.org/records/competition-performance-rankings/ranking/621423
843,621476,"39th Tomas Babiak Memorial, Atletický štadión STU, Bratislava",SVK,10 JUN 2023,10 JUN 2023,20,586,62068,843,62088,https://worldathletics.org/records/competition-performance-rankings/ranking/621476
844,621703,"Meeting de Sarcelles, Stade Nelson Mandela, Sarcelles",FRA,14 JUN 2023,14 JUN 2023,5,700,62074,842,62079,https://worldathletics.org/records/competition-performance-rankings/ranking/621703
845,619391,"Festival Nocturno FMAA de Fondo y Medio Fondo, Pista de Atletismo del Centro Deportivo Benito Juárez, Mazatlán",MEX,31 MAR 2023,01 APR 2023,10,646,62051,845,62061,https://worldathletics.org/records/competition-performance-rankings/ranking/619391
846,620947,"XXI GP Los Corrales de Buelna, Pista atletismo Los Corrales, Los Corrales de Buelna",ESP,27 MAY 2023,27 MAY 2023,15,617,62041,846,62056,https://worldathletics.org/records/competition-performance-rankings/ranking/620947
847,620661,"25 International Meeting ""New Stars"", National Sports Academy, Sofia",BUL,20 MAY 2023,20 MAY 2023,25,541,62014,848,62039,https://worldathletics.org/records/competition-performance-rankings/ranking/620661
848,621934,"Championnats OCC U23 + Meeting régional CA-JU, Stade André Alsina, Perpignan",FRA,17 JUN 2023,17 JUN 2023,0,,62027,847,62027,https://worldathletics.org/records/competition-performance-rankings/ranking/621934
849,618444,"Camperdown Classics, National Stadium, Kingston",JAM,11 FEB 2023,11 FEB 2023,20,586,61950,849,61970,https://worldathletics.org/records/competition-performance-rankings/ranking/618444
850,619979,"5th Elite Event & Young Talents, Stade Annexe du 5 Juillet, Algiers",ALG,17 MAR 2023,18 MAR 2023,20,586,61904,851,61924,https://worldathletics.org/records/competition-performance-rankings/ranking/619979
851,618869,"CGA Track & field League Meeting, Germiston Stadium, Johannesburg",RSA,14 JAN 2023,14 JAN 2023,0,,61905,850,61905,https://worldathletics.org/records/competition-performance-rankings/ranking/618869
852,623765,"Slovenian U20 Cup and Team Championships, Športni center Vinko Cajnko, Slovenj Gradec",SLO,23 SEP 2023,24 SEP 2023,0,,61858,852,61858,https://worldathletics.org/records/competition-performance-rankings/ranking/623765
853,620585,"37th National Sports High School Games, Gyungbuk Sports High School, Gyungbuk",KOR,07 APR 2023,10 APR 2023,5,700,61833,853,61838,https://worldathletics.org/records/competition-performance-rankings/ranking/620585
854,624525,"Pingtung Cup National Middle and Elementary School Athletics Meet, Pingtung Track Stadium, Pingtung",TPE,23 NOV 2023,25 NOV 2023,0,,61832,854,61832,https://worldathletics.org/records/competition-performance-rankings/ranking/624525
855,618678,"Louis Lynch Championships, National Stadium, Waterford, Bridgetown",BAR,25 FEB 2023,26 FEB 2023,0,,61808,855,61808,https://worldathletics.org/records/competition-performance-rankings/ranking/618678
856,623339,"Campeonato Paulista U23, COTP Stadium, São Paulo",BRA,26 AUG 2023,27 AUG 2023,10,646,61732,856,61742,https://worldathletics.org/records/competition-performance-rankings/ranking/623339
857,622549,"Open Meet Tel aviv 7, Hadar Yosef Stadium, Tel Aviv",ISR,26 JUN 2023,26 JUN 2023,0,,61728,857,61728,https://worldathletics.org/records/competition-performance-rankings/ranking/622549
858,621055,"adidas Atlanta City Games, Centennial Olympic Park, Atlanta, GA",USA,06 MAY 2023,06 MAY 2023,1755,41,59971,928,61726,https://worldathletics.org/records/competition-performance-rankings/ranking/621055
859,617722,"Strive Program B, WA Athletics Stadium, Perth",AUS,20 JAN 2023,20 JAN 2023,40,473,61685,861,61725,https://worldathletics.org/records/competition-performance-rankings/ranking/617722
860,617407,"Norma Croker Shield, QSAC State Athletics Facility, Nathan, Brisbane",AUS,07 JAN 2023,07 JAN 2023,10,646,61705,859,61715,https://worldathletics.org/records/competition-performance-rankings/ranking/617407
860,620682,"Windsor Open, Alumni Field, Windsor",CAN,20 MAY 2023,20 MAY 2023,5,700,61710,858,61715,https://worldathletics.org/records/competition-performance-rankings/ranking/620682
862,622215,"Vasilis Sevastis Memorial, Pampeloponnisiako Stadium, Patra",GRE,28 JUN 2023,28 JUN 2023,0,,61687,860,61687,https://worldathletics.org/records/competition-performance-rankings/ranking/622215
863,622066,"Saarijärven 87. Juhannuskisat, Keskusurheilukenttä, Saarijärvi",FIN,25 JUN 2023,25 JUN 2023,5,700,61664,862,61669,https://worldathletics.org/records/competition-performance-rankings/ranking/622066
864,619664,"Circuito Paulista Open, Academia da Força Aérea, Pirassununga",BRA,16 APR 2023,16 APR 2023,40,473,61622,863,61662,https://worldathletics.org/records/competition-performance-rankings/ranking/619664
865,620414,"Memorial Rafael Fortún, Estadio Panamericano, La Habana",CUB,12 MAY 2023,13 MAY 2023,5,700,61489,864,61494,https://worldathletics.org/records/competition-performance-rankings/ranking/620414
866,620308,"C.D.S. Regionale su Pista Allievi e Gate Extra, Stadio Paolo Rosi, Roma",ITA,06 MAY 2023,07 MAY 2023,0,,61489,864,61489,https://worldathletics.org/records/competition-performance-rankings/ranking/620308
867,620366,"Meeting National de Toulon, Stade L. Lagrange, Toulon",FRA,12 MAY 2023,12 MAY 2023,105,329,61382,867,61487,https://worldathletics.org/records/competition-performance-rankings/ranking/620366
868,621051,"Tropical Park Meet #2, Tropical Park Track, Miami, FL",USA,29 MAY 2023,29 MAY 2023,235,207,61173,877,61408,https://worldathletics.org/records/competition-performance-rankings/ranking/621051
869,620157,"Spanish Club Championships Primera Division Liga Joma - Match 3, Estadio Vallehermoso, Madrid",ESP,06 MAY 2023,06 MAY 2023,0,,61383,866,61383,https://worldathletics.org/records/competition-performance-rankings/ranking/620157
870,622695,"Donnas High Speed League, Stadio Crestella, Donnas",ITA,16 JUL 2023,16 JUL 2023,50,447,61323,869,61373,https://worldathletics.org/records/competition-performance-rankings/ranking/622695
871,622621,"Enterprise Young Meeting, Stadio Diego Armando Maradona, Napoli",ITA,12 JUL 2023,12 JUL 2023,0,,61331,868,61331,https://worldathletics.org/records/competition-performance-rankings/ranking/622621
872,622108,"Veidekkelekene, Stampesletta, Lillehammer",NOR,23 JUN 2023,25 JUN 2023,0,,61302,870,61302,https://worldathletics.org/records/competition-performance-rankings/ranking/622108
873,622772,"National Athletics Leagues Championship, Athletic Arena, Yeovil",GBR,15 JUL 2023,15 JUL 2023,0,,61287,871,61287,https://worldathletics.org/records/competition-performance-rankings/ranking/622772
874,619465,"3è Meeting Inter Clubs, Stade Omnisports de Kouekong, Bafoussam",CMR,18 MAR 2023,19 MAR 2023,35,495,61244,874,61279,https://worldathletics.org/records/competition-performance-rankings/ranking/619465
875,623864,"Tour Qualificatif Coupe de France AURA, Stade Bachelard, Grenoble",FRA,01 OCT 2023,01 OCT 2023,5,700,61258,872,61263,https://worldathletics.org/records/competition-performance-rankings/ranking/623864
876,620638,"49. Paulinyi Jenő Emlékverseny, Ikarus BSE Sporttelep, Budapest",HUN,20 MAY 2023,20 MAY 2023,50,447,61210,875,61260,https://worldathletics.org/records/competition-performance-rankings/ranking/620638
877,622568,"Campeonato Absoluto do Norte, Estádio José Vieira de Carvalho, Maia",POR,07 JUL 2023,09 JUL 2023,0,,61245,873,61245,https://worldathletics.org/records/competition-performance-rankings/ranking/622568
878,624725,"Treloar Shield - Final, SOPAC, Sydney",AUS,16 DEC 2023,16 DEC 2023,15,617,61177,876,61192,https://worldathletics.org/records/competition-performance-rankings/ranking/624725
879,619265,"Rider 5-Way Meet, Michael P. Brady Track and Field Complex, Lawrenceville, NJ",USA,25 MAR 2023,25 MAR 2023,0,,61164,878,61164,https://worldathletics.org/records/competition-performance-rankings/ranking/619265
879,621160,"Serbian Cup - Vojvodina Qualification, Atletski stadion, Sremska Mitrovica",SRB,27 MAY 2023,28 MAY 2023,15,617,61149,879,61164,https://worldathletics.org/records/competition-performance-rankings/ranking/621160
881,624583,"Treloar Shield - Round 6, SOPAC, Sydney",AUS,02 DEC 2023,02 DEC 2023,0,,61149,879,61149,https://worldathletics.org/records/competition-performance-rankings/ranking/624583
882,624247,"CEL Weekly Relays Schedule A- Finals, Philsport Track Oval, Pasig",PHI,04 NOV 2023,05 NOV 2023,15,617,61080,881,61095,https://worldathletics.org/records/competition-performance-rankings/ranking/624247
883,622227,"Meeting National à thème d'Halluin, Athlétisme St-Wanquet, Halluin",FRA,28 JUN 2023,28 JUN 2023,10,646,61043,882,61053,https://worldathletics.org/records/competition-performance-rankings/ranking/622227
884,620574,"Reunion Internacional Ciudad de Guadalajara, Pista atletismo Fuente de la Niña, Guadalajara",ESP,16 MAY 2023,16 MAY 2023,100,333,60949,887,61049,https://worldathletics.org/records/competition-performance-rankings/ranking/620574
885,622028,"Tailteann Games, South Sports Campus, Carlow",IRL,24 JUN 2023,24 JUN 2023,0,,61040,883,61040,https://worldathletics.org/records/competition-performance-rankings/ranking/622028
886,618857,"AGN Track and Field League 1 - Seniors, U16, U18 & U20, Pilditch Stadium, Pretoria",RSA,14 JAN 2023,14 JAN 2023,5,700,61032,884,61037,https://worldathletics.org/records/competition-performance-rankings/ranking/618857
887,621749,"MTV Meet-IN mit BM Hindernis, MTV Stadion, Ingolstadt",GER,16 JUN 2023,16 JUN 2023,20,586,61011,886,61031,https://worldathletics.org/records/competition-performance-rankings/ranking/621749
888,623069,"Westinghouse Gurkspel, Arosvallen, Västerås",SWE,05 AUG 2023,06 AUG 2023,0,,61018,885,61018,https://worldathletics.org/records/competition-performance-rankings/ranking/623069
889,621444,"LVS/Sportland kauss 5.posms, Zemgales Olimpiskā centra Stadions, Jelgava",LAT,09 JUN 2023,09 JUN 2023,65,406,60907,888,60972,https://worldathletics.org/records/competition-performance-rankings/ranking/621444
890,619986,"Campeonato Metropolitano, CeNARD, Buenos Aires",ARG,22 APR 2023,23 APR 2023,40,473,60856,889,60896,https://worldathletics.org/records/competition-performance-rankings/ranking/619986
891,622208,"77th National University Athletics Competitions, Naju Sports Complex, Naju",KOR,13 JUN 2023,15 JUN 2023,0,,60842,890,60842,https://worldathletics.org/records/competition-performance-rankings/ranking/622208
892,620849,"Lagos Athletics Series League, Navy New Sport Center, Lagos",NGR,15 APR 2023,15 APR 2023,0,,60777,891,60777,https://worldathletics.org/records/competition-performance-rankings/ranking/620849
893,621159,"Championnat de zone 93, Stade du Moulin Neuf, Aulnay-sous-Bois",FRA,27 MAY 2023,28 MAY 2023,0,,60732,892,60732,https://worldathletics.org/records/competition-performance-rankings/ranking/621159
894,621202,"Bannister Opening, Slottsskogsvallen, Göteborg",SWE,31 MAY 2023,01 JUN 2023,0,,60729,893,60729,https://worldathletics.org/records/competition-performance-rankings/ranking/621202
895,618032,"1° Etapa de la Copa Jalisco, Polideportivo de la Unidad Revolución, Guadalajara",MEX,28 JAN 2023,29 JAN 2023,0,,60719,894,60719,https://worldathletics.org/records/competition-performance-rankings/ranking/618032
896,620146,"Spanish Clubs Championships Primera División Liga Iberdrola - Match 1, Estadio Vallehermoso, Madrid",ESP,06 MAY 2023,06 MAY 2023,0,,60713,895,60713,https://worldathletics.org/records/competition-performance-rankings/ranking/620146
897,620862,"PUMA fast arms, fast legs, Enwag-Stadion, Wetzlar",GER,24 MAY 2023,24 MAY 2023,125,295,60563,901,60688,https://worldathletics.org/records/competition-performance-rankings/ranking/620862
898,620091,"Jim Thorpe Invitational, Nittany Lion Outdoor Track, State College, PA",USA,05 MAY 2023,05 MAY 2023,10,646,60637,896,60647,https://worldathletics.org/records/competition-performance-rankings/ranking/620091
899,620235,"Championnat de France des clubs - 1er tour - Nor, Stade Marcel Lemire, Rouen",FRA,07 MAY 2023,07 MAY 2023,5,700,60636,897,60641,https://worldathletics.org/records/competition-performance-rankings/ranking/620235
900,622609,"Meeting de Talence, Stade Pierre Paul Bernard, Talence",FRA,12 JUL 2023,12 JUL 2023,5,700,60614,898,60619,https://worldathletics.org/records/competition-performance-rankings/ranking/622609
901,619397,"Encuentro Atletico, Pista de Atletismo del Centro Deportivo Benito Juárez, Mazatlán",MEX,31 MAR 2023,02 APR 2023,5,700,60602,899,60607,https://worldathletics.org/records/competition-performance-rankings/ranking/619397
902,620898,"Friidrettens Venners Festival, Nye Skarpsno Arena, Moelv",NOR,20 MAY 2023,21 MAY 2023,0,,60575,900,60575,https://worldathletics.org/records/competition-performance-rankings/ranking/620898
903,621833,"South-West Schools' AA Track and Field Championships, Exeter Arena Athletics Stadium, Exeter",GBR,17 JUN 2023,17 JUN 2023,0,,60561,902,60561,https://worldathletics.org/records/competition-performance-rankings/ranking/621833
904,620468,"Trofeo Feria Chica, Pista Atmo. Campo de la Juventud,, Palencia",ESP,14 MAY 2023,14 MAY 2023,40,473,60512,903,60552,https://worldathletics.org/records/competition-performance-rankings/ranking/620468
905,622793,"LVS/Sportland kauss 6.posms, Jāņa Daliņa Stadium, Valmiera",LAT,21 JUL 2023,21 JUL 2023,15,617,60462,904,60477,https://worldathletics.org/records/competition-performance-rankings/ranking/622793
906,620176,"Spanish Club Championships Primera Division Liga Joma - Match 1, Pista atletismo José Maria Escriche, Hueska",ESP,06 MAY 2023,06 MAY 2023,5,700,60439,905,60444,https://worldathletics.org/records/competition-performance-rankings/ranking/620176
907,619590,"CRL Meeting - Bronze Lombardia, Centro Sportivo Comunale, Varese",ITA,16 APR 2023,16 APR 2023,5,700,60413,906,60418,https://worldathletics.org/records/competition-performance-rankings/ranking/619590
908,618870,"CGA League Meeting 2, Germiston Stadium, Johannesburg",RSA,21 JAN 2023,21 JAN 2023,0,,60370,907,60370,https://worldathletics.org/records/competition-performance-rankings/ranking/618870
909,620644,"Meeting Gala Fernanda Ribeiro, Estádio José Vieira de Carvalho, Maia",POR,20 MAY 2023,20 MAY 2023,120,302,60182,913,60302,https://worldathletics.org/records/competition-performance-rankings/ranking/620644
910,619047,"Stan Romanoski Open, The TF Complex at Mylan Park, Morgantown, WV",USA,17 MAR 2023,18 MAR 2023,0,,60283,908,60283,https://worldathletics.org/records/competition-performance-rankings/ranking/619047
911,622860,"BAA Track and Field, National Stadium, Gaborone",BOT,20 JUL 2023,20 JUL 2023,40,473,60213,911,60253,https://worldathletics.org/records/competition-performance-rankings/ranking/622860
912,621878,"Sri Lankan U23 Championships, Diyagama",SRI,07 MAY 2023,10 MAY 2023,0,,60235,909,60235,https://worldathletics.org/records/competition-performance-rankings/ranking/621878
913,622085,"3. kolo II. ligy, skupina C, Městský atletický stadion, Pardubice",CZE,24 JUN 2023,24 JUN 2023,0,,60223,910,60223,https://worldathletics.org/records/competition-performance-rankings/ranking/622085
914,621109,"Olympic Trial, Nevin Yanıt Atletizm Pisti, Mersin",TUR,26 MAY 2023,27 MAY 2023,5,700,60202,912,60207,https://worldathletics.org/records/competition-performance-rankings/ranking/621109
915,622180,"Kölner Leichtathletikmeeting 2023, NetCologne Stadion, Köln",GER,24 JUN 2023,24 JUN 2023,10,646,60176,914,60186,https://worldathletics.org/records/competition-performance-rankings/ranking/622180
916,621232,"Championnats Fribourgeois individuel, Stade Bouleyres, Bulle",SUI,03 JUN 2023,03 JUN 2023,5,700,60139,915,60144,https://worldathletics.org/records/competition-performance-rankings/ranking/621232
917,622723,"Coast2Coast, Performance Centre, Gold Coast",AUS,15 JUL 2023,16 JUL 2023,25,541,60118,916,60143,https://worldathletics.org/records/competition-performance-rankings/ranking/622723
918,621966,"Harju Cup 2, Harjun stadion, Jyväskylä",FIN,21 JUN 2023,21 JUN 2023,0,,60117,917,60117,https://worldathletics.org/records/competition-performance-rankings/ranking/621966
919,618645,"III Prueba de Confrontación, Estadio Panamericano, La Habana",CUB,24 FEB 2023,25 FEB 2023,15,617,60097,918,60112,https://worldathletics.org/records/competition-performance-rankings/ranking/618645
920,621409,"35. Freienbacher Abendmeeting, Sportanlage Chrummen, Freienbach",SUI,07 JUN 2023,07 JUN 2023,0,,60095,919,60095,https://worldathletics.org/records/competition-performance-rankings/ranking/621409
921,620946,"CRL Meeting - Bronze Lombardia, Centro Sportivo Saletti, Nembro",ITA,27 MAY 2023,27 MAY 2023,0,,60079,920,60079,https://worldathletics.org/records/competition-performance-rankings/ranking/620946
922,622281,"Queenatletica Arco Games, Centro Sportivo, Arco",ITA,01 JUL 2023,01 JUL 2023,25,541,60038,922,60063,https://worldathletics.org/records/competition-performance-rankings/ranking/622281
923,622719,"Tilastopajacup 4, Paavo Nurmen Stadion, Turku",FIN,18 JUL 2023,18 JUL 2023,20,586,60034,923,60054,https://worldathletics.org/records/competition-performance-rankings/ranking/622719
924,622368,"15. Munotmeeting, Munot-Sportanlage, Schaffhausen",SUI,01 JUL 2023,01 JUL 2023,5,700,60041,921,60046,https://worldathletics.org/records/competition-performance-rankings/ranking/622368
925,624486,"Alana Boyd Shield, QSAC State Athletics Facility, Nathan, Brisbane",AUS,25 NOV 2023,25 NOV 2023,10,646,60030,924,60040,https://worldathletics.org/records/competition-performance-rankings/ranking/624486
926,622267,"University of Toronto Track Club - Twilight 2, Varsity Stadium, Toronto",CAN,27 JUN 2023,27 JUN 2023,0,,60030,924,60030,https://worldathletics.org/records/competition-performance-rankings/ranking/622267
927,622176,"Pacific Invitational Track & Field Meet, McLeod Stadium, Langley",CAN,23 JUN 2023,24 JUN 2023,0,,60012,926,60012,https://worldathletics.org/records/competition-performance-rankings/ranking/622176
928,623799,"XX° Meeting dei Memorial, Campo Scuola, Cremona",ITA,30 SEP 2023,30 SEP 2023,5,700,59974,927,59979,https://worldathletics.org/records/competition-performance-rankings/ranking/623799
929,622825,"Irish U18 Outdoor Championships Day 2&3, Tullamore Harriers AC Stadium, Tullamore",IRL,22 JUL 2023,23 JUL 2023,0,,59922,929,59922,https://worldathletics.org/records/competition-performance-rankings/ranking/622825
930,622483,"Meeting Regional de Gravenchon, Stade Marius Vertmontois, Gravenchon",FRA,08 JUL 2023,08 JUL 2023,0,,59917,930,59917,https://worldathletics.org/records/competition-performance-rankings/ranking/622483
931,623975,"Treloar Shield - Round 1, SOPAC, Sydney",AUS,14 OCT 2023,14 OCT 2023,0,,59910,931,59910,https://worldathletics.org/records/competition-performance-rankings/ranking/623975
932,618276,"Strive Program D, WA Athletics Stadium, Perth",AUS,10 FEB 2023,10 FEB 2023,15,617,59817,932,59832,https://worldathletics.org/records/competition-performance-rankings/ranking/618276
933,621563,"Sävedalsspelen, Slottsskogsvallen, Göteborg",SWE,10 JUN 2023,11 JUN 2023,15,617,59812,933,59827,https://worldathletics.org/records/competition-performance-rankings/ranking/621563
934,624332,"Paraguayan Championships, Parque Olímpico Pista De Atletismo, Luque, Asunción",PAR,10 NOV 2023,12 NOV 2023,25,541,59787,935,59812,https://worldathletics.org/records/competition-performance-rankings/ranking/624332
935,620772,"Greek Club Championships Group 5, Pampeloponnisiako Stadium, Patra",GRE,13 MAY 2023,14 MAY 2023,0,,59804,934,59804,https://worldathletics.org/records/competition-performance-rankings/ranking/620772
936,621767,"Next Generation Athletics, Atletiekbaan Brakkenstein, Nijmegen",NED,17 JUN 2023,17 JUN 2023,120,302,59679,938,59799,https://worldathletics.org/records/competition-performance-rankings/ranking/621767
937,622922,"1. Internationales Stuttgarter Leichtathletik-Meeting, Stadion Festwiese, Stuttgart",GER,29 JUL 2023,29 JUL 2023,165,246,59625,942,59790,https://worldathletics.org/records/competition-performance-rankings/ranking/622922
938,620283,"Tårnby Games, Tårnby Stadion, Tårnby",DEN,06 MAY 2023,07 MAY 2023,5,700,59769,936,59774,https://worldathletics.org/records/competition-performance-rankings/ranking/620283
939,619612,"Asahi - Hakata Record meeting, Hakatanomori Athletic Stadium, Fukuoka",JPN,15 APR 2023,16 APR 2023,25,541,59710,937,59735,https://worldathletics.org/records/competition-performance-rankings/ranking/619612
940,621555,"Championnats LARGE U23/U20/U18, Stade Municipal de Bechamp, Remiremont",FRA,11 JUN 2023,11 JUN 2023,0,,59663,939,59663,https://worldathletics.org/records/competition-performance-rankings/ranking/621555
941,619934,"2^ Meeting CUS Unimore Open, Campo Comunale, Modena",ITA,30 APR 2023,30 APR 2023,0,,59647,940,59647,https://worldathletics.org/records/competition-performance-rankings/ranking/619934
942,623424,"NK Teams U20/U18, Sportcomplex De Leidse Hout, Leiden",NED,03 SEP 2023,03 SEP 2023,0,,59632,941,59632,https://worldathletics.org/records/competition-performance-rankings/ranking/623424
943,623584,"Međunarodni Atletski Miting Karlovac, Stadion Branko Čavlović-Čavlek, Karlovac",CRO,13 SEP 2023,13 SEP 2023,55,431,59472,945,59527,https://worldathletics.org/records/competition-performance-rankings/ranking/623584
944,621641,"Kantonale Einkampfmeisterschaften Aargau, Stadion Niedermatten, Wohlen",SUI,10 JUN 2023,11 JUN 2023,0,,59493,943,59493,https://worldathletics.org/records/competition-performance-rankings/ranking/621641
944,622538,"Öresundsspelen, Hedens IP, Helsingborg",SWE,07 JUL 2023,09 JUL 2023,30,514,59463,946,59493,https://worldathletics.org/records/competition-performance-rankings/ranking/622538
946,620735,"Warszawska Liga Lekkoatletyczna (I rzut), Stadion Zygmunta Szelesta, Warszawa",POL,20 MAY 2023,20 MAY 2023,15,617,59473,944,59488,https://worldathletics.org/records/competition-performance-rankings/ranking/620735
947,621236,"Westfries Atletiek Gala, De Kloet, Grootebroek",NED,03 JUN 2023,03 JUN 2023,25,541,59450,947,59475,https://worldathletics.org/records/competition-performance-rankings/ranking/621236
947,623554,"Competitie 1e - 2e Divisie Promotie/Degradatie, Vughtse Sports Club Prins Hendrik, Vught",NED,10 SEP 2023,10 SEP 2023,25,541,59450,947,59475,https://worldathletics.org/records/competition-performance-rankings/ranking/623554
949,620746,"Finale Interclub N2 Calais, Hall d'athlétisme du stade du Souvenir, Calais",FRA,21 MAY 2023,21 MAY 2023,120,302,59307,953,59427,https://worldathletics.org/records/competition-performance-rankings/ranking/620746
949,622430,"Meeting d'Arras, Stade Degouve, Arras",FRA,05 JUL 2023,05 JUL 2023,35,495,59392,949,59427,https://worldathletics.org/records/competition-performance-rankings/ranking/622430
951,622978,"South West Inter-Counties & Championships, Exeter Arena Athletics Stadium, Exeter",GBR,30 JUL 2023,30 JUL 2023,5,700,59370,950,59375,https://worldathletics.org/records/competition-performance-rankings/ranking/622978
952,619455,"2nd ACAN Meet, Gateway International Stadium, Sagamu",NGR,25 MAR 2023,25 MAR 2023,0,,59343,951,59343,https://worldathletics.org/records/competition-performance-rankings/ranking/619455
953,621965,"Tilastopajacup 3, Paavo Nurmen Stadion, Turku",FIN,21 JUN 2023,21 JUN 2023,0,,59331,952,59331,https://worldathletics.org/records/competition-performance-rankings/ranking/621965
954,621765,"Meeting de la Parité, Stade des Ormes, Lomme",FRA,16 JUN 2023,16 JUN 2023,0,,59242,954,59242,https://worldathletics.org/records/competition-performance-rankings/ranking/621765
955,623126,"Finale Provinciale des Jeux du Québec, Complexe Sportif Guillaume-Leblanc, Rimouski",CAN,22 JUL 2023,25 JUL 2023,0,,59207,955,59207,https://worldathletics.org/records/competition-performance-rankings/ranking/623126
956,623036,"International LTU-Graz Summermeeting #6, Universitätssportzentrum, Graz",AUT,05 AUG 2023,05 AUG 2023,25,541,59163,956,59188,https://worldathletics.org/records/competition-performance-rankings/ranking/623036
957,623968,"4th Nara City Record Meeting, Konoike Athletics Stadium, Nara",JPN,09 OCT 2023,09 OCT 2023,0,,59131,957,59131,https://worldathletics.org/records/competition-performance-rankings/ranking/623968
958,620413,"VI Prueba de Confrontación, Estadio Panamericano, La Habana",CUB,12 MAY 2023,13 MAY 2023,320,160,58795,966,59115,https://worldathletics.org/records/competition-performance-rankings/ranking/620413
959,622151,"67º Campeonato Paranaense Adulto de Atletismo, Pista de Atletismo do CNTA, Cascavel",BRA,24 JUN 2023,25 JUN 2023,0,,59081,958,59081,https://worldathletics.org/records/competition-performance-rankings/ranking/622151
960,623105,"Pfungstädter Abendsportfest, TSV Stadion, Pfungstadt",GER,09 AUG 2023,09 AUG 2023,0,,59050,959,59050,https://worldathletics.org/records/competition-performance-rankings/ranking/623105
961,619421,"Oscar Moore Invitational, Coach Richard Wackar Stadium, Glassboro, NJ",USA,08 APR 2023,08 APR 2023,0,,58968,960,58968,https://worldathletics.org/records/competition-performance-rankings/ranking/619421
961,621681,"AVT Open & Internatioal Track & Field Competition - Seniors & U20, DP de Villiers Stadium, Sasolburg",RSA,10 JUN 2023,10 JUN 2023,55,431,58913,961,58968,https://worldathletics.org/records/competition-performance-rankings/ranking/621681
963,624588,"Strive Program D, WA Athletics Stadium, Perth",AUS,06 DEC 2023,06 DEC 2023,10,646,58912,962,58922,https://worldathletics.org/records/competition-performance-rankings/ranking/624588
964,621561,"Championnats Loire et Volcans CJES, Stade H. Malleval, Roanne",FRA,11 JUN 2023,11 JUN 2023,0,,58902,963,58902,https://worldathletics.org/records/competition-performance-rankings/ranking/621561
965,620779,"Greek Club Championships Group 8, Pankritio Stadium, Iraklio",GRE,13 MAY 2023,14 MAY 2023,50,447,58844,964,58894,https://worldathletics.org/records/competition-performance-rankings/ranking/620779
966,618292,"Botswana Athletics Series 2, Francistown Stadion, Francistown",BOT,04 FEB 2023,04 FEB 2023,105,329,58780,967,58885,https://worldathletics.org/records/competition-performance-rankings/ranking/618292
967,621543,"Hub City Classic, Croix-Bleue Medavie Stadium, Moncton",CAN,10 JUN 2023,10 JUN 2023,20,586,58829,965,58849,https://worldathletics.org/records/competition-performance-rankings/ranking/621543
968,619387,"Tobago Falcons Games, Dwight Yorke Stadium, Port-of-Spain",TTO,01 APR 2023,02 APR 2023,5,700,58764,968,58769,https://worldathletics.org/records/competition-performance-rankings/ranking/619387
969,623054,"Int. JOSKO Laufmeeting, Pramtalstadion, Andorf",AUT,29 JUL 2023,29 JUL 2023,365,153,58372,978,58737,https://worldathletics.org/records/competition-performance-rankings/ranking/623054
970,620307,"Oliympic Trial, Nevin Yanıt Atletizm Pisti, Mersin",TUR,06 MAY 2023,07 MAY 2023,30,514,58644,970,58674,https://worldathletics.org/records/competition-performance-rankings/ranking/620307
971,619963,"1° Trofeo Citta' Di Brescia, Centro Gabre Gabric, Brescia",ITA,01 MAY 2023,01 MAY 2023,0,,58653,969,58653,https://worldathletics.org/records/competition-performance-rankings/ranking/619963
972,620215,"1er tour Interclubs N1-N2, Stade Colette Besson, Dijon",FRA,07 MAY 2023,07 MAY 2023,0,,58609,971,58609,https://worldathletics.org/records/competition-performance-rankings/ranking/620215
973,622388,"RunTime Performance Series Morelos, Estadio Centenario Cuernavaca Morelos, Cuernavaca",MEX,24 JUN 2023,25 JUN 2023,0,,58608,972,58608,https://worldathletics.org/records/competition-performance-rankings/ranking/622388
974,621668,"Offene Einkampfmeisterschaften beider Basel, Grendelmatte, Riehen",SUI,10 JUN 2023,11 JUN 2023,0,,58602,973,58602,https://worldathletics.org/records/competition-performance-rankings/ranking/621668
975,620463,"Meeting Renato Silva, Estádio Municipal de Vagos, Vagos",POR,14 MAY 2023,14 MAY 2023,5,700,58554,974,58559,https://worldathletics.org/records/competition-performance-rankings/ranking/620463
976,621311,"2e meeting d'Antony, Stade Georges Suant, Antony",FRA,03 JUN 2023,03 JUN 2023,15,617,58520,975,58535,https://worldathletics.org/records/competition-performance-rankings/ranking/621311
977,621032,"Campeonato Nacional de Clubes, Estádio Municipal de Lousada, Lousada",POR,27 MAY 2023,28 MAY 2023,5,700,58494,976,58499,https://worldathletics.org/records/competition-performance-rankings/ranking/621032
978,622097,"3. Jeleniogórski Mityng LA, Stadion Miejski, Jelenia Góra",POL,24 JUN 2023,24 JUN 2023,0,,58486,977,58486,https://worldathletics.org/records/competition-performance-rankings/ranking/622097
979,622211,"Korean U18 Championships, Jeongseon Sports Complex, Jeongseon",KOR,23 JUN 2023,26 JUN 2023,0,,58338,979,58338,https://worldathletics.org/records/competition-performance-rankings/ranking/622211
980,622352,"Championnats LBFA Juniors & Espoirs, Centre Culturel et Sportif, Marche-en-Famenne",BEL,01 JUL 2023,01 JUL 2023,0,,58291,980,58291,https://worldathletics.org/records/competition-performance-rankings/ranking/622352
981,620003,"International Meeting, Stadion Topolica, Bar",MNE,01 MAY 2023,01 MAY 2023,95,342,58125,987,58220,https://worldathletics.org/records/competition-performance-rankings/ranking/620003
982,624295,"Treloar Shield - Round 4, Barden Ridge Athletics Track, Sydney",AUS,11 NOV 2023,11 NOV 2023,0,,58194,981,58194,https://worldathletics.org/records/competition-performance-rankings/ranking/624295
983,620815,"Circuito FAPUR, Pista Marie L. Mathew, Toa Baja",PUR,19 MAY 2023,20 MAY 2023,0,,58191,982,58191,https://worldathletics.org/records/competition-performance-rankings/ranking/620815
984,621356,"Mexican U18 Championships, Centro Deportivo Olímpico Mexicano, Ciudad de México",MEX,03 JUN 2023,04 JUN 2023,0,,58188,983,58188,https://worldathletics.org/records/competition-performance-rankings/ranking/621356
985,620357,"KP jednotlivců dorost - dospělí, Mestský Stadion Sletište, Kladno",CZE,07 MAY 2023,07 MAY 2023,5,700,58176,985,58181,https://worldathletics.org/records/competition-performance-rankings/ranking/620357
986,618456,"Strive Program A, WA Athletics Stadium, Perth",AUS,17 FEB 2023,17 FEB 2023,0,,58177,984,58177,https://worldathletics.org/records/competition-performance-rankings/ranking/618456
987,619797,"PK Alle Categorieën Antwerpen, Sportcentrum Den Uyt, Mol",BEL,22 APR 2023,23 APR 2023,0,,58130,986,58130,https://worldathletics.org/records/competition-performance-rankings/ranking/619797
988,620445,"Pure Athletics Sprint Elite Meet, National Training Center, Clermont, FL",USA,14 MAY 2023,14 MAY 2023,210,229,57916,994,58126,https://worldathletics.org/records/competition-performance-rankings/ranking/620445
989,621702,"Meeting du PAC, Stade Cap De Bos - A. Nègre, Pessac",FRA,14 JUN 2023,14 JUN 2023,0,,58103,988,58103,https://worldathletics.org/records/competition-performance-rankings/ranking/621702
990,620532,"Otwarte Mistrzostwa Warszawy U18 i U20, Stadion Zygmunta Szelesta, Warszawa",POL,13 MAY 2023,14 MAY 2023,35,495,58053,989,58088,https://worldathletics.org/records/competition-performance-rankings/ranking/620532
991,623152,"Northern U13 U15 & U17 Outdoor Championships, Sports Village Track, Middlesbrough",GBR,12 AUG 2023,13 AUG 2023,0,,58040,990,58040,https://worldathletics.org/records/competition-performance-rankings/ranking/623152
992,620632,"Murjani 2023, Sporta Ģimnāzijas Stadions, Murjāņi",LAT,19 MAY 2023,19 MAY 2023,0,,58009,991,58009,https://worldathletics.org/records/competition-performance-rankings/ranking/620632
993,622369,"Meeting Interrégional, Stade Jacky Boxberger, Montbéliard",FRA,02 JUL 2023,02 JUL 2023,0,,57993,992,57993,https://worldathletics.org/records/competition-performance-rankings/ranking/622369
994,621683,"3° Meeting Internazionale ATL-Etica - 4° Memorial Ivo Merlo, Stadio Comunale, San Vendemiano",ITA,14 JUN 2023,14 JUN 2023,40,473,57927,993,57967,https://worldathletics.org/records/competition-performance-rankings/ranking/621683
995,622635,"Jeleniogórski Mityng Wakacyjny, Stadion Miejski, Jelenia Góra",POL,12 JUL 2023,12 JUL 2023,10,646,57827,995,57837,https://worldathletics.org/records/competition-performance-rankings/ranking/622635
996,620642,"Lange Laufnacht, Carl-Kaufmann-Stadion, Karlsruhe",GER,20 MAY 2023,20 MAY 2023,140,272,57626,1004,57766,https://worldathletics.org/records/competition-performance-rankings/ranking/620642
997,621643,"Mecz U18 Podkarpackie-Śląskie-Świętokrzyskie-Małopolskie, Stadion WKS, Kraków",POL,10 JUN 2023,10 JUN 2023,10,646,57705,997,57715,https://worldathletics.org/records/competition-performance-rankings/ranking/621643
998,621416,"28° Trofeo Titano, Stadio Olimpico, Serravalle",SMR,07 JUN 2023,07 JUN 2023,0,,57707,996,57707,https://worldathletics.org/records/competition-performance-rankings/ranking/621416
999,618578,"Lagos Athletics Series League, Yabatech Sport Complex, Lagos",NGR,19 FEB 2023,19 FEB 2023,10,646,57682,998,57692,https://worldathletics.org/records/competition-performance-rankings/ranking/618578
1000,620762,"Finale Interclubs N2 AURA, Stade R. Deguin, Bourg-en-Bresse",FRA,21 MAY 2023,21 MAY 2023,0,,57682,998,57682,https://worldathletics.org/records/competition-performance-rankings/ranking/620762
1001,622242,"4ème soirée des Jeudis de l'Essonne, Stade Frédéric Langrenay, Longjumeau",FRA,29 JUN 2023,29 JUN 2023,0,,57671,1000,57671,https://worldathletics.org/records/competition-performance-rankings/ranking/622242
1002,621270,"Grand Prix Sudamericano Julia Iriarte, Gobierno Autónomo Municipal de Cochabamba, Cochabamba",BOL,04 JUN 2023,04 JUN 2023,15,617,57639,1003,57654,https://worldathletics.org/records/competition-performance-rankings/ranking/621270
1003,620693,"2. Mityng Kwalifikacyjny ŁOZLA, Stadion RKS, Łódź",POL,20 MAY 2023,20 MAY 2023,0,,57644,1001,57644,https://worldathletics.org/records/competition-performance-rankings/ranking/620693
1003,622175,"YDL Upper Southern Premier, Norman Park Community Sports Centre, London",GBR,25 JUN 2023,25 JUN 2023,0,,57644,1001,57644,https://worldathletics.org/records/competition-performance-rankings/ranking/622175
