place,competitionId,competition,country,startDate,endDate,partScore,participationScorePlace,resultScore,resultScorePlace,competitionScore,competitionUrl
1,633698,"Silesia Kamila Skolimowska Memorial, Stadion Śląski, Chorzów",POL,25 AUG 2024,25 AUG 2024,7970,2,88968,1,97178,https://worldathletics.org/records/competition-performance-rankings/ranking/633698
2,634022,"Memorial van Damme, Boudewijnstadion, Bruxelles",BEL,13 SEP 2024,14 SEP 2024,8580,1,88452,3,97032,https://worldathletics.org/records/competition-performance-rankings/ranking/634022
3,630195,"Prefontaine Classic, Hayward Field, Eugene, OR",USA,25 MAY 2024,25 MAY 2024,7365,4,88568,2,96053,https://worldathletics.org/records/competition-performance-rankings/ranking/630195
4,633864,"Weltklasse Zürich, Letzigrund, Zürich",SUI,04 SEP 2024,05 SEP 2024,7700,3,87656,9,95356,https://worldathletics.org/records/competition-performance-rankings/ranking/633864
5,633652,"Athletissima Lausanne, Stade Olympique de la Pontaise, Lausanne",SUI,21 AUG 2024,22 AUG 2024,7215,5,87994,5,95209,https://worldathletics.org/records/competition-performance-rankings/ranking/633652
6,632473,"Meeting de Paris, Stade Charléty, Paris",FRA,07 JUL 2024,07 JUL 2024,6645,7,87954,7,94839,https://worldathletics.org/records/competition-performance-rankings/ranking/632473
7,633766,"Golden Gala, Stadio Olimpico, Roma",ITA,30 AUG 2024,30 AUG 2024,6770,6,87784,8,94554,https://worldathletics.org/records/competition-performance-rankings/ranking/633766
8,632984,"London Athletics Meet, Olympic Stadium, London",GBR,20 JUL 2024,20 JUL 2024,6035,11,88378,4,94413,https://worldathletics.org/records/competition-performance-rankings/ranking/632984
9,632691,"Meeting International d’Athlétisme Herculis EBS, Stade Louis II, Monaco",MON,12 JUL 2024,12 JUL 2024,5580,15,87988,6,93688,https://worldathletics.org/records/competition-performance-rankings/ranking/632691
10,630494,"Oslo Bislett Games, Bislett Stadion, Oslo",NOR,30 MAY 2024,30 MAY 2024,6150,10,87196,10,93346,https://worldathletics.org/records/competition-performance-rankings/ranking/630494
11,628229,"Wanda Diamond League Xiamen, Egret Stadium, Xiamen",CHN,20 APR 2024,20 APR 2024,6440,8,86136,12,92696,https://worldathletics.org/records/competition-performance-rankings/ranking/628229
12,629828,"USATF Los Angeles Grand Prix, Drake Stadium, Los Angeles, CA",USA,17 MAY 2024,18 MAY 2024,5705,13,86831,11,92536,https://worldathletics.org/records/competition-performance-rankings/ranking/629828
13,630652,"BAUHAUS-Galan, Olympiastadion, Stockholm",SWE,02 JUN 2024,02 JUN 2024,5955,12,86036,14,91991,https://worldathletics.org/records/competition-performance-rankings/ranking/630652
14,628528,"Yangtze Delta Athletics Diamond Gala, Suzhou Olympic Sports Centre, Suzhou",CHN,27 APR 2024,27 APR 2024,6400,9,85436,17,91836,https://worldathletics.org/records/competition-performance-rankings/ranking/628528
15,629293,"Seashore Group Doha Meeting, Suhaim bin Hamad Stadium, Doha",QAT,10 MAY 2024,10 MAY 2024,5675,14,85966,16,91641,https://worldathletics.org/records/competition-performance-rankings/ranking/629293
16,633967,"Boris Hanžeković Memorial, Sports Park Mladost, Zagreb",CRO,06 SEP 2024,08 SEP 2024,4400,17,86078,13,90478,https://worldathletics.org/records/competition-performance-rankings/ranking/633967
17,629895,"Meeting International Mohammed VI d’Athlétisme de Rabat/Marrakech, Le Grand Stade, Marrakech",MAR,19 MAY 2024,19 MAY 2024,4685,16,84949,18,89634,https://worldathletics.org/records/competition-performance-rankings/ranking/629895
18,632590,"Gyulai István Memorial - Hungarian Athletics Grand Prix, Bregyó Athletic Center, Székesfehérvár",HUN,09 JUL 2024,09 JUL 2024,4070,18,84901,19,88971,https://worldathletics.org/records/competition-performance-rankings/ranking/632590
19,627963,"Tom Jones Memorial, Percy Beard Track, Gainesville, FL",USA,12 APR 2024,13 APR 2024,2310,29,86012,15,88322,https://worldathletics.org/records/competition-performance-rankings/ranking/627963
20,630397,"63rd Ostrava Golden Spike, Mestský Stadion, Ostrava",CZE,28 MAY 2024,28 MAY 2024,3480,20,84785,21,88265,https://worldathletics.org/records/competition-performance-rankings/ranking/630397
21,631027,"USATF New York City Grand Prix, Icahn Stadium, New York, NY",USA,08 JUN 2024,09 JUN 2024,3435,21,84411,24,87846,https://worldathletics.org/records/competition-performance-rankings/ranking/631027
22,632581,"FBK Games, FBK Stadium, Hengelo",NED,06 JUL 2024,07 JUL 2024,3325,22,84416,23,87741,https://worldathletics.org/records/competition-performance-rankings/ranking/632581
23,633958,"Galà dei Castelli, Stadio Comunale, Bellinzona",SUI,08 SEP 2024,09 SEP 2024,3625,19,83769,31,87394,https://worldathletics.org/records/competition-performance-rankings/ranking/633958
24,631574,"Paavo Nurmi Games, Paavo Nurmen Stadion, Turku",FIN,18 JUN 2024,18 JUN 2024,3170,23,84219,26,87389,https://worldathletics.org/records/competition-performance-rankings/ranking/631574
25,629396,"Jamaica Athletics Invitational Meet, National Stadium, Kingston",JAM,11 MAY 2024,11 MAY 2024,3125,24,83913,28,87038,https://worldathletics.org/records/competition-performance-rankings/ranking/629396
26,632868,"Résisprint International, Stade de La Charrière, La Chaux-de-Fonds",SUI,14 JUL 2024,14 JUL 2024,1615,42,84859,20,86474,https://worldathletics.org/records/competition-performance-rankings/ranking/632868
27,633790,"ISTAF 2024, Olympiastadion, Berlin",GER,01 SEP 2024,01 SEP 2024,2785,25,83552,36,86337,https://worldathletics.org/records/competition-performance-rankings/ranking/633790
28,631721,"6th Irena Szewińska Memorial, Zdzisław Krzyszkowiak Stadium, Bydgoszcz",POL,20 JUN 2024,20 JUN 2024,2160,31,84172,27,86332,https://worldathletics.org/records/competition-performance-rankings/ranking/631721
29,632976,"Holloway Pro Classic, Percy Beard Track, Gainesville, FL",USA,19 JUL 2024,19 JUL 2024,1735,39,84543,22,86278,https://worldathletics.org/records/competition-performance-rankings/ranking/632976
30,631737,"Meeting Madrid 2024, Estadio Vallehermoso, Madrid",ESP,21 JUN 2024,21 JUN 2024,1960,37,84291,25,86251,https://worldathletics.org/records/competition-performance-rankings/ranking/631737
31,628231,"Kip Keino Classic, Nyayo National Stadium, Nairobi",KEN,20 APR 2024,20 APR 2024,2605,27,83622,34,86227,https://worldathletics.org/records/competition-performance-rankings/ranking/628231
32,632867,"Spitzen Leichtathletik Luzern, Stadion Allmend, Luzern",SUI,16 JUL 2024,16 JUL 2024,2135,32,83867,29,86002,https://worldathletics.org/records/competition-performance-rankings/ranking/632867
33,633859,"60° Palio Città della Quercia, Stadio Quercia, Rovereto",ITA,31 AUG 2024,03 SEP 2024,2115,33,83633,33,85748,https://worldathletics.org/records/competition-performance-rankings/ranking/633859
34,629824,"70. ORLEN Janusz Kusocinski Memorial, Stadion Śląski, Chorzów",POL,18 MAY 2024,18 MAY 2024,2180,30,83430,39,85610,https://worldathletics.org/records/competition-performance-rankings/ranking/629824
35,631413,"National Trials for the XXXIII Olympics Games, Nyayo National Stadium, Nairobi",KEN,14 JUN 2024,15 JUN 2024,2675,26,82781,43,85456,https://worldathletics.org/records/competition-performance-rankings/ranking/631413
36,647242,"Ed Murphey Classic, Billy J. Murphy Track and Field Complex, Memphis, TN",USA,11 JUL 2024,13 JUL 2024,1785,38,83581,35,85366,https://worldathletics.org/records/competition-performance-rankings/ranking/647242
37,634340,"114th Drake Relays presented by Xtream powered by Mediacom, Drake Stadium, Des Moines, IA",USA,22 APR 2024,27 APR 2024,1725,40,83440,38,85165,https://worldathletics.org/records/competition-performance-rankings/ranking/634340
38,627505,"Clyde Littlefield Texas Relays presented by Truist, Mike A. Myers Stadium, Austin, TX",USA,27 MAR 2024,30 MAR 2024,1305,49,83819,30,85124,https://worldathletics.org/records/competition-performance-rankings/ranking/627505
39,628762,"LSU Invitational, LSU Bernie Moore Stadium, Baton Rouge, LA",USA,27 APR 2024,27 APR 2024,1230,51,83683,32,84913,https://worldathletics.org/records/competition-performance-rankings/ranking/628762
40,630609,"Racers Grand Prix, National Stadium, Kingston",JAM,01 JUN 2024,01 JUN 2024,2035,34,82775,44,84810,https://worldathletics.org/records/competition-performance-rankings/ranking/630609
41,628458,"Mt. SAC Relays, Hilmer Lodge Stadium, Walnut, CA",USA,17 APR 2024,20 APR 2024,1430,47,83087,42,84517,https://worldathletics.org/records/competition-performance-rankings/ranking/628458
42,629844,"Seiko Golden Grand Prix, National Stadium, Tokyo",JPN,19 MAY 2024,19 MAY 2024,2010,35,82458,46,84468,https://worldathletics.org/records/competition-performance-rankings/ranking/629844
43,630337,"IFAM Outdoor, Boudewijnstadion, Bruxelles",BEL,25 MAY 2024,26 MAY 2024,1130,61,83302,40,84432,https://worldathletics.org/records/competition-performance-rankings/ranking/630337
44,630739,"The HBCU Pro Classic - The Edwin Moses Legends Meet, Edwin Moses Track, Atlanta, GA",USA,31 MAY 2024,31 MAY 2024,1200,54,83221,41,84421,https://worldathletics.org/records/competition-performance-rankings/ranking/630739
45,627565,"Pepsi Florida Relays, Percy Beard Track, Gainesville, FL",USA,29 MAR 2024,30 MAR 2024,795,88,83536,37,84331,https://worldathletics.org/records/competition-performance-rankings/ranking/627565
46,630097,"International Marseille Meeting, Stade Delort, Marseille",FRA,22 MAY 2024,22 MAY 2024,1445,46,82750,45,84195,https://worldathletics.org/records/competition-performance-rankings/ranking/630097
47,629900,"59. Internationales Pfingstsportfest Rehlingen, Bungertstadion, Rehlingen",GER,19 MAY 2024,19 MAY 2024,1305,49,82374,47,83679,https://worldathletics.org/records/competition-performance-rankings/ranking/629900
48,631856,"Czesław Cybulski Memorial, Golęcin Stadion, Poznan",POL,23 JUN 2024,23 JUN 2024,1485,44,82159,50,83644,https://worldathletics.org/records/competition-performance-rankings/ranking/631856
49,630203,"Meeting Stanislas Nancy, Stade Raymond Petit, Tomblaine",FRA,25 MAY 2024,25 MAY 2024,1535,43,82076,52,83611,https://worldathletics.org/records/competition-performance-rankings/ranking/630203
50,633924,"Grand Prix Lombardia - Brescia 2024, Centro Gabre Gabric, Brescia",ITA,08 SEP 2024,08 SEP 2024,2565,28,80849,69,83414,https://worldathletics.org/records/competition-performance-rankings/ranking/633924
51,631765,"Atleticageneve - EAP, Centre sportif Bout-du-Monde, Genève",SUI,22 JUN 2024,22 JUN 2024,1140,59,82262,49,83402,https://worldathletics.org/records/competition-performance-rankings/ranking/631765
52,629629,"13th Savona International Meeting, Centro Sportivo Fontanassa, Savona",ITA,15 MAY 2024,15 MAY 2024,1225,52,82124,51,83349,https://worldathletics.org/records/competition-performance-rankings/ranking/629629
53,633751,"International Wiesław Maniak Memorial, Wieslaw Maniak Municipal Athletic Stadium, Szczecin",POL,28 AUG 2024,28 AUG 2024,1085,63,81981,54,83066,https://worldathletics.org/records/competition-performance-rankings/ranking/633751
54,628047,"Bryan Clay Invitational, Cougar Athletic Stadium, Azusa, CA",USA,11 APR 2024,13 APR 2024,920,76,82012,53,82932,https://worldathletics.org/records/competition-performance-rankings/ranking/628047
55,631665,"Edmonton Athletics Invitational, Foote Field, Edmonton",CAN,13 JUN 2024,13 JUN 2024,1030,65,81891,55,82921,https://worldathletics.org/records/competition-performance-rankings/ranking/631665
56,628402,"LSU Alumni Gold, LSU Bernie Moore Stadium, Baton Rouge, LA",USA,20 APR 2024,20 APR 2024,930,75,81833,56,82763,https://worldathletics.org/records/competition-performance-rankings/ranking/628402
57,627464,"Battle on the Bayou, LSU Bernie Moore Stadium, Baton Rouge, LA",USA,29 MAR 2024,30 MAR 2024,465,128,82292,48,82757,https://worldathletics.org/records/competition-performance-rankings/ranking/627464
58,627673,"Miramar Invitational, Ansin Sports Complex, Miramar, FL",USA,06 APR 2024,06 APR 2024,1695,41,81011,66,82706,https://worldathletics.org/records/competition-performance-rankings/ranking/627673
59,632377,"Meeting International Sotteville 2024, Stade Jean Adret, Sotteville-lès-Rouen",FRA,04 JUL 2024,04 JUL 2024,1215,53,81423,59,82638,https://worldathletics.org/records/competition-performance-rankings/ranking/632377
60,628842,"The Penn Relay Carnival, Franklin Field, Philadelphia, PA",USA,25 APR 2024,27 APR 2024,690,98,81784,57,82474,https://worldathletics.org/records/competition-performance-rankings/ranking/628842
61,631939,"Meeting Guadalajara Atletismo Puma, Pista atletismo Fuente de la Niña, Guadalajara",ESP,23 JUN 2024,23 JUN 2024,995,67,81376,60,82371,https://worldathletics.org/records/competition-performance-rankings/ranking/631939
62,631137,"Portland Track Festival - High Performance, Mt. Hood Community College, Gresham, OR",USA,08 JUN 2024,09 JUN 2024,680,99,81485,58,82165,https://worldathletics.org/records/competition-performance-rankings/ranking/631137
63,630734,"Josef Odlozil Memorial, Stadion Juliska, Praha",CZE,03 JUN 2024,03 JUN 2024,1020,66,81069,64,82089,https://worldathletics.org/records/competition-performance-rankings/ranking/630734
64,631495,"Meeting International d'Athlétisme de Troyes Aube, Stade d'Athletisme Pierre Voillequin, Troyes",FRA,16 JUN 2024,16 JUN 2024,920,76,81147,63,82067,https://worldathletics.org/records/competition-performance-rankings/ranking/631495
65,632770,"Meeting Sport e Solidarietà Lignano, Stadio G. Teghil, Lignano Sabbiadoro",ITA,14 JUL 2024,14 JUL 2024,720,94,81345,61,82065,https://worldathletics.org/records/competition-performance-rankings/ranking/632770
66,629005,"USATF Throws Festival, Univ. of Arizona Roy P. Drachman Stadium, Tucson, AZ",USA,04 MAY 2024,04 MAY 2024,1965,36,80041,87,82006,https://worldathletics.org/records/competition-performance-rankings/ranking/629005
67,632165,"NACAC New Life Invitational, The Bahamas National Stadium, Nassau",BAH,16 JUN 2024,16 JUN 2024,840,81,81048,65,81888,https://worldathletics.org/records/competition-performance-rankings/ranking/632165
68,630090,"Meeting International de Montreuil, Stade des Grands Pêchers, Montreuil",FRA,16 MAY 2024,16 MAY 2024,1175,57,80642,73,81817,https://worldathletics.org/records/competition-performance-rankings/ranking/630090
69,632612,"Cork City Sports, Munster Technological University Track, Cork",IRL,09 JUL 2024,09 JUL 2024,820,83,80911,67,81731,https://worldathletics.org/records/competition-performance-rankings/ranking/632612
70,631766,"Motonet GP Kuortane, Kuortaneen keskusurheilukenttä, Kuortane",FIN,22 JUN 2024,22 JUN 2024,1310,48,80408,78,81718,https://worldathletics.org/records/competition-performance-rankings/ranking/631766
71,630153,"Anhalt 2024 - 26. Internationales Leichtathletik Meeting, Paul-Greifzu-Stadion, Dessau",GER,24 MAY 2024,24 MAY 2024,975,71,80694,71,81669,https://worldathletics.org/records/competition-performance-rankings/ranking/630153
72,628782,"Meeting Iberoamericano Huelva 2024, Estadio Iberoamericano, Huelva",ESP,30 APR 2024,30 APR 2024,1155,58,80434,77,81589,https://worldathletics.org/records/competition-performance-rankings/ranking/628782
73,628637,"Desert Heat Classic, Univ. of Arizona Roy P. Drachman Stadium, Tucson, AZ",USA,27 APR 2024,27 APR 2024,300,176,81171,62,81471,https://worldathletics.org/records/competition-performance-rankings/ranking/628637
74,628598,"East Coast Relays, University of North Florda Jax Track at Hodges Stadium, Jacksonville, FL",USA,26 APR 2024,27 APR 2024,820,83,80640,74,81460,https://worldathletics.org/records/competition-performance-rankings/ranking/628598
75,631666,"Meeting International d'Athlétisme de la Province de Liège, Stade Naimette-Xhovémont, Liège",BEL,19 JUN 2024,19 JUN 2024,725,93,80689,72,81414,https://worldathletics.org/records/competition-performance-rankings/ranking/631666
76,633463,"Meeting voor Mon, AtletiekArena Gaston Roelants Kessel-Lo / Hal 5, Leuven",BEL,27 JUL 2024,27 JUL 2024,510,120,80902,68,81412,https://worldathletics.org/records/competition-performance-rankings/ranking/633463
77,631492,"Night of Athletics, Stadion De Veen, Heusden-Zolder",BEL,15 JUN 2024,15 JUN 2024,860,79,80545,76,81405,https://worldathletics.org/records/competition-performance-rankings/ranking/631492
78,633836,"Copenhagen Athletics Games, Østerbro Stadium, Copenhagen",DEN,03 SEP 2024,03 SEP 2024,745,90,80585,75,81330,https://worldathletics.org/records/competition-performance-rankings/ranking/633836
79,629435,"11th Kinami Michitaka Memorial Athletics Meet, Yanmar Stadium Nagai, Osaka",JPN,12 MAY 2024,12 MAY 2024,555,114,80733,70,81288,https://worldathletics.org/records/competition-performance-rankings/ranking/629435
80,630096,"Trond Mohn Games, Fana Stadion, Bergen",NOR,22 MAY 2024,22 MAY 2024,1140,59,80147,86,81287,https://worldathletics.org/records/competition-performance-rankings/ranking/630096
81,631557,"Harry Jerome Track Classic, Swangard Stadium, Burnaby",CAN,15 JUN 2024,16 JUN 2024,960,72,80253,81,81213,https://worldathletics.org/records/competition-performance-rankings/ranking/631557
82,630852,"The 2nd Belt and Road Athletics Invitation Meeting & National Grand Prix 5, Olympic Sports Center, Chongqing",CHN,27 MAY 2024,29 MAY 2024,805,87,80391,79,81196,https://worldathletics.org/records/competition-performance-rankings/ranking/630852
83,626199,"Maurie Plant Meet, Lakeside Stadium, Melbourne",AUS,15 FEB 2024,15 FEB 2024,1460,45,79614,104,81074,https://worldathletics.org/records/competition-performance-rankings/ranking/626199
84,630275,"Meeting International de Forbach, Stade Omnisports Schlossberg, Forbach",FRA,26 MAY 2024,26 MAY 2024,1180,56,79789,99,80969,https://worldathletics.org/records/competition-performance-rankings/ranking/630275
85,633867,"Folksam GP Sollentuna, Sollentunavallen, Sollentuna",SWE,16 JUN 2024,16 JUN 2024,980,69,79819,98,80799,https://worldathletics.org/records/competition-performance-rankings/ranking/633867
86,630151,"P-T-S meeting, Štadión SNP, Banská Bystrica",SVK,24 MAY 2024,24 MAY 2024,1090,62,79702,102,80792,https://worldathletics.org/records/competition-performance-rankings/ranking/630151
87,633701,"Tampere Motonet GP, Ratinan Stadion, Tampere",FIN,25 AUG 2024,25 AUG 2024,880,78,79905,92,80785,https://worldathletics.org/records/competition-performance-rankings/ranking/633701
88,630265,"Hungarian GP Series - Budapest, Lantos Mihály Sportközpont, Budapest",HUN,26 MAY 2024,26 MAY 2024,855,80,79881,96,80736,https://worldathletics.org/records/competition-performance-rankings/ranking/630265
89,632693,"Morton Games, Morton Stadium, Santry, Dublin",IRL,12 JUL 2024,12 JUL 2024,490,124,80233,82,80723,https://worldathletics.org/records/competition-performance-rankings/ranking/632693
90,631428,"Meeting Nikaia, Parc des Sports C. Ehrmann, Nice",FRA,15 JUN 2024,15 JUN 2024,655,102,80027,88,80682,https://worldathletics.org/records/competition-performance-rankings/ranking/631428
91,628577,"Texas Invitational, Mike A. Myers Stadium, Austin, TX",USA,26 APR 2024,27 APR 2024,515,117,80166,85,80681,https://worldathletics.org/records/competition-performance-rankings/ranking/628577
92,630874,"Royal City Inferno Track and Field Festival, Alumni Stadium, Guelph",CAN,04 JUN 2024,05 JUN 2024,350,156,80323,80,80673,https://worldathletics.org/records/competition-performance-rankings/ranking/630874
93,629892,"38ème Meeting International Montgeron-Essonne, Stade Pierre de Coubertin, Montgeron",FRA,19 MAY 2024,19 MAY 2024,450,129,80197,84,80647,https://worldathletics.org/records/competition-performance-rankings/ranking/629892
94,629103,"UAE Athletics Grand Prix, Dubai Police Club Stadium, Dubai",UAE,03 MAY 2024,03 MAY 2024,700,96,79900,93,80600,https://worldathletics.org/records/competition-performance-rankings/ranking/629103
95,630610,"Music City Track Carnival, Dean A. Hayes Track and Soccer Stadium, Murfreesboro, TN",USA,31 MAY 2024,01 JUN 2024,380,150,80213,83,80593,https://worldathletics.org/records/competition-performance-rankings/ranking/630610
96,631692,"XIX Reunión Internacional Villa de Bilbao, Polideportivo Zorrotza, Bilbao",ESP,18 JUN 2024,18 JUN 2024,635,104,79888,95,80523,https://worldathletics.org/records/competition-performance-rankings/ranking/631692
97,627134,"Sydney Track Classic, ES Marks Athletics Field, Sydney",AUS,23 MAR 2024,23 MAR 2024,570,112,79897,94,80467,https://worldathletics.org/records/competition-performance-rankings/ranking/627134
98,628296,"Felix Sanchez Classic, Estadio Luguelín Santos, Bayaguana",DOM,20 APR 2024,20 APR 2024,420,132,80025,89,80445,https://worldathletics.org/records/competition-performance-rankings/ranking/628296
99,632761,"Moore-Guldensporenmeeting, Sportcentrum Wembley, Kortrijk",BEL,13 JUL 2024,13 JUL 2024,415,137,80011,90,80426,https://worldathletics.org/records/competition-performance-rankings/ranking/632761
100,626005,"Adelaide Invitational, SA Athletic Stadium, Adelaide",AUS,10 FEB 2024,10 FEB 2024,730,91,79659,103,80389,https://worldathletics.org/records/competition-performance-rankings/ranking/626005
101,634423,"Yogibo Athletics Challenge Cup 2024, Denka Big Swan Stadium, Niigata",JPN,28 SEP 2024,29 SEP 2024,510,120,79840,97,80350,https://worldathletics.org/records/competition-performance-rankings/ranking/634423
102,628610,"Bermuda Grand Prix, Flora Duffy Stadium, Devonshire",BER,28 APR 2024,28 APR 2024,1200,54,79122,112,80322,https://worldathletics.org/records/competition-performance-rankings/ranking/628610
103,630968,"Znamensky Brothers Memorial, Luzhniki North Arena, Moskva",RUS,06 JUN 2024,06 JUN 2024,385,147,79743,101,80128,https://worldathletics.org/records/competition-performance-rankings/ranking/630968
104,633011,"Flanders Cup, Stedelijke Atletiekpiste, Ninove",BEL,20 JUL 2024,20 JUL 2024,145,272,79921,91,80066,https://worldathletics.org/records/competition-performance-rankings/ranking/633011
105,629952,"Meeting de la Martinique, Stade L. Achille, Fort-de-France",FRA,18 MAY 2024,18 MAY 2024,225,207,79769,100,79994,https://worldathletics.org/records/competition-performance-rankings/ranking/629952
106,633027,"CAS Meeting International, Stade Jean Jacoby, Schifflange",LUX,21 JUL 2024,21 JUL 2024,945,74,79047,115,79992,https://worldathletics.org/records/competition-performance-rankings/ranking/633027
106,633771,"Stadioneröffnung Dresden, Heinz-Steyer-Stadion, Dresden",GER,30 AUG 2024,30 AUG 2024,585,110,79407,105,79992,https://worldathletics.org/records/competition-performance-rankings/ranking/633771
108,628083,"National Athletics Grand Prix 2, HOC Stadium, Hangzhou",CHN,13 APR 2024,14 APR 2024,615,108,79243,109,79858,https://worldathletics.org/records/competition-performance-rankings/ranking/628083
109,630104,"Kladno hází a Kladenské Memoriály, Mestský Stadion Sletište, Kladno",CZE,22 MAY 2024,22 MAY 2024,990,68,78851,120,79841,https://worldathletics.org/records/competition-performance-rankings/ranking/630104
110,630127,"Grifone Meeting, Campo di Atletica, Asti",ITA,23 MAY 2024,23 MAY 2024,610,109,79230,110,79840,https://worldathletics.org/records/competition-performance-rankings/ranking/630127
111,627366,"ASA Athletics Grand Prix 3 / Continental Tour Challenger, UJ Stadium, Johannesburg",RSA,27 MAR 2024,27 MAR 2024,505,122,79175,111,79680,https://worldathletics.org/records/competition-performance-rankings/ranking/627366
112,633646,"Borås Folksam Grand Prix, Ryavallen, Borås",SWE,21 AUG 2024,21 AUG 2024,585,110,78975,118,79560,https://worldathletics.org/records/competition-performance-rankings/ranking/633646
113,629378,"PURE Athletics Sprint Elite Meet, National Training Center, Clermont, FL",USA,11 MAY 2024,11 MAY 2024,295,179,79258,108,79553,https://worldathletics.org/records/competition-performance-rankings/ranking/629378
114,627530,"Stanford Invitational, Cobb Track and Angell Field, Palo Alto, CA",USA,29 MAR 2024,30 MAR 2024,240,202,79295,107,79535,https://worldathletics.org/records/competition-performance-rankings/ranking/627530
115,626943,"Trials for African Games 2024, Nyayo National Stadium, Nairobi",KEN,05 MAR 2024,06 MAR 2024,715,95,78802,122,79517,https://worldathletics.org/records/competition-performance-rankings/ranking/626943
116,627470,"Raleigh Relays, Paul Derr TF Facility, Raleigh, NC",USA,28 MAR 2024,30 MAR 2024,85,365,79400,106,79485,https://worldathletics.org/records/competition-performance-rankings/ranking/627470
117,630098,"GP Diputacion Csatellon - Memorial Jose Antonio Cansino, Pistes d'atletisme Gaetà Huguet, Castellón",ESP,22 MAY 2024,22 MAY 2024,640,103,78684,125,79324,https://worldathletics.org/records/competition-performance-rankings/ranking/630098
118,629771,"Cyprus International Athletics Meeting, Tsirio Stadium, Limassol",CYP,17 MAY 2024,17 MAY 2024,815,86,78466,131,79281,https://worldathletics.org/records/competition-performance-rankings/ranking/629771
119,631769,"La Classique d'athlétisme de Montréal, Piste Ben Leduc, Montréal",CAN,21 JUN 2024,21 JUN 2024,275,189,78995,116,79270,https://worldathletics.org/records/competition-performance-rankings/ranking/631769
120,633777,"Finnkampen, Olympiastadion, Helsinki",FIN,30 AUG 2024,31 AUG 2024,1080,64,78162,143,79242,https://worldathletics.org/records/competition-performance-rankings/ranking/633777
121,628228,"Wake Forest Invitational, Kentner Stadium Wake Forest University, Winston Salem, NC",USA,19 APR 2024,19 APR 2024,135,286,79061,114,79196,https://worldathletics.org/records/competition-performance-rankings/ranking/628228
122,629677,"Grande Prémio Brasil de Atletismo, Pista de Atletismo da Universidade Federal do Mato Grosso, Cuiaba",BRA,15 MAY 2024,15 MAY 2024,795,88,78399,133,79194,https://worldathletics.org/records/competition-performance-rankings/ranking/629677
123,626633,"Canberra Track Classic, AIS Athletics Track, Canberra",AUS,01 MAR 2024,02 MAR 2024,345,157,78829,121,79174,https://worldathletics.org/records/competition-performance-rankings/ranking/626633
124,632517,"Meeting Internazionale Città di Nembro, Centro Sportivo Saletti, Nembro",ITA,19 JUN 2024,19 JUN 2024,135,286,78982,117,79117,https://worldathletics.org/records/competition-performance-rankings/ranking/632517
125,631622,"Nike Outdoor Nationals, Hayward Field, Eugene, OR",USA,12 JUN 2024,15 JUN 2024,30,527,79065,113,79095,https://worldathletics.org/records/competition-performance-rankings/ranking/631622
126,633601,"Fuji Hokuroku World Trial 2024, Hokuroku Park Athletic Field, Fujiyoshida",JPN,18 AUG 2024,18 AUG 2024,150,264,78869,119,79019,https://worldathletics.org/records/competition-performance-rankings/ranking/633601
127,630701,"Johnny Loaring Classic, Alumni Field, Windsor",CAN,02 JUN 2024,02 JUN 2024,205,220,78760,123,78965,https://worldathletics.org/records/competition-performance-rankings/ranking/630701
128,626988,"Hurricane Invitational, UMiami Cobb Stadium, Coral Gables, FL",USA,15 MAR 2024,16 MAR 2024,420,132,78509,128,78929,https://worldathletics.org/records/competition-performance-rankings/ranking/626988
129,630114,"Desafio Nerja, Estadio Enrique Lopez Cuenca, Nerja",ESP,22 MAY 2024,22 MAY 2024,270,193,78627,127,78897,https://worldathletics.org/records/competition-performance-rankings/ranking/630114
130,629899,"Grande Prémio Brasil de Atletismo-Niteró, Pista da Universidade Federal Fluminense – UFF, Rio de Janeiro",BRA,19 MAY 2024,19 MAY 2024,835,82,78042,149,78877,https://worldathletics.org/records/competition-performance-rankings/ranking/629899
131,628603,"Texas Tech Corky/Crofoot Shootout, Terry & Linda Fuller T&F Complex, Lubbock, TX",USA,26 APR 2024,27 APR 2024,145,272,78665,126,78810,https://worldathletics.org/records/competition-performance-rankings/ranking/628603
132,627897,"Hurricane Alumni Invitational, UMiami Cobb Stadium, Coral Gables, FL",USA,05 APR 2024,06 APR 2024,415,137,78349,134,78764,https://worldathletics.org/records/competition-performance-rankings/ranking/627897
133,627075,"USF Alumni Invitational, University of South Florida Track & Field Stadium, Tampa, FL",USA,15 MAR 2024,16 MAR 2024,35,504,78708,124,78743,https://worldathletics.org/records/competition-performance-rankings/ranking/627075
134,630123,"Jõhvi 2024 - Heino Lipp Memorial, Heino Lipp Stadium, Jöhvi",EST,23 MAY 2024,23 MAY 2024,980,69,77738,156,78718,https://worldathletics.org/records/competition-performance-rankings/ranking/630123
135,627783,"44 Farms Team Invitational, Cushing Stadium, College Station, TX",USA,05 APR 2024,06 APR 2024,225,207,78479,130,78704,https://worldathletics.org/records/competition-performance-rankings/ranking/627783
136,628401,"Virginia Challenge, UVA Lanningan Field, Charlottesville, VA",USA,19 APR 2024,20 APR 2024,245,201,78430,132,78675,https://worldathletics.org/records/competition-performance-rankings/ranking/628401
137,633021,"Motonet GP Joensuu, Keskusurheilukenttä, Joensuu",FIN,20 JUL 2024,20 JUL 2024,555,114,78076,146,78631,https://worldathletics.org/records/competition-performance-rankings/ranking/633021
138,628919,"39th Shizuoka International Athletics Meet, Prefectural Shizuoka Stadium, Fukuroi",JPN,03 MAY 2024,03 MAY 2024,405,144,78187,141,78592,https://worldathletics.org/records/competition-performance-rankings/ranking/628919
139,627971,"Duke Invitational, Morris Williams T&F Stadium, Durham, NC",USA,11 APR 2024,13 APR 2024,75,386,78500,129,78575,https://worldathletics.org/records/competition-performance-rankings/ranking/627971
140,629260,"Occidental Invitational, Jack Kemp Stadium - Occidental College, Los Angeles, CA",USA,04 MAY 2024,04 MAY 2024,340,160,78223,136,78563,https://worldathletics.org/records/competition-performance-rankings/ranking/629260
141,629592,"National Athletics Grand Prix 3, Sports Center, Bengbu",CHN,09 MAY 2024,10 MAY 2024,505,122,78052,148,78557,https://worldathletics.org/records/competition-performance-rankings/ranking/629592
142,630801,"2024 Taiwan Athletics Open, Taipei Municipal Stadium, Taipei City",TPE,01 JUN 2024,02 JUN 2024,820,83,77668,159,78488,https://worldathletics.org/records/competition-performance-rankings/ranking/630801
143,632859,"Open de France et Décathlon Féminin, Stade Pierre Paul Bernard, Talence",FRA,13 JUL 2024,14 JUL 2024,150,264,78337,135,78487,https://worldathletics.org/records/competition-performance-rankings/ranking/632859
144,633060,"All Star Night Games 2024, Lemon Gas Stadium, Hiratsuka",JPN,20 JUL 2024,20 JUL 2024,295,179,78188,140,78483,https://worldathletics.org/records/competition-performance-rankings/ranking/633060
145,630150,"Gorzów Meeting, Stadion im.Lubuskich Olimpijczyków, Gorzów Wielkopolski",POL,24 MAY 2024,24 MAY 2024,515,117,77936,153,78451,https://worldathletics.org/records/competition-performance-rankings/ranking/630150
146,630035,"Beach Invitational, Jack Rose Track, Long Beach, CA",USA,12 APR 2024,13 APR 2024,280,187,78143,144,78423,https://worldathletics.org/records/competition-performance-rankings/ranking/630035
147,630615,"XXVI Trofeo de Atletismo Ciudad de Salamanca - Memorial Carlos Gil Perez, Helmántico, Salamanca",ESP,01 JUN 2024,01 JUN 2024,195,226,78192,139,78387,https://worldathletics.org/records/competition-performance-rankings/ranking/630615
148,628367,"Texas A&M Alumni Muster, Cushing Stadium, College Station, TX",USA,20 APR 2024,20 APR 2024,180,238,78136,145,78316,https://worldathletics.org/records/competition-performance-rankings/ranking/628367
149,629472,"Franson Last Chance, Cougar Athletic Stadium, Azusa, CA",USA,10 MAY 2024,11 MAY 2024,85,365,78211,138,78296,https://worldathletics.org/records/competition-performance-rankings/ranking/629472
150,627898,"National Athletics Grand Prix 1, Zhaoqing Sports Center, Zhaoqing",CHN,09 APR 2024,10 APR 2024,340,160,77926,154,78266,https://worldathletics.org/records/competition-performance-rankings/ranking/627898
151,631196,"Tempo run league eacpa, Stade des Maradas, Cergy-Pontoise",FRA,08 JUN 2024,09 JUN 2024,40,485,78222,137,78262,https://worldathletics.org/records/competition-performance-rankings/ranking/631196
152,628227,"John McDonnell Invitational, John McDonnell Field, Fayetteville, AR",USA,18 APR 2024,19 APR 2024,85,365,78164,142,78249,https://worldathletics.org/records/competition-performance-rankings/ranking/628227
153,629889,"3rd Lucca International Meeting, Campo Scuola Moreno Martini, Lucca",ITA,19 MAY 2024,19 MAY 2024,520,116,77724,157,78244,https://worldathletics.org/records/competition-performance-rankings/ranking/629889
154,628280,"Michael Johnson Invitational, Clyde Hart Track & Field Stadium, Waco, TX",USA,19 APR 2024,20 APR 2024,160,254,78039,150,78199,https://worldathletics.org/records/competition-performance-rankings/ranking/628280
155,627539,"Bobcat Invitational, Bobcat Track and Field Complex, San Marcos, TX",USA,28 MAR 2024,30 MAR 2024,105,334,78034,151,78139,https://worldathletics.org/records/competition-performance-rankings/ranking/627539
156,627704,"Crimson Tide Invitational, Sam Bailey Track Stadium, Tuscaloosa, AL",USA,05 APR 2024,06 APR 2024,65,402,78054,147,78119,https://worldathletics.org/records/competition-performance-rankings/ranking/627704
157,627071,"ASA Athletics Grand Prix 2, Bestmed Tuks Stadium, Pretoria",RSA,18 MAR 2024,18 MAR 2024,195,226,77884,155,78079,https://worldathletics.org/records/competition-performance-rankings/ranking/627071
158,628463,"Troféu Adhemar Ferreira da Silva Loterias Caixa de Atletismo, CNDA, Bragança Paulista",BRA,05 APR 2024,07 APR 2024,410,140,77626,162,78036,https://worldathletics.org/records/competition-performance-rankings/ranking/628463
159,630152,"Motonet GP Lahti, Stadion, Lahti",FIN,24 MAY 2024,24 MAY 2024,515,117,77478,170,77993,https://worldathletics.org/records/competition-performance-rankings/ranking/630152
160,632052,"New Balance Nationals Outdoors, Franklin Field, Philadelphia, PA",USA,13 JUN 2024,16 JUN 2024,5,754,77971,152,77976,https://worldathletics.org/records/competition-performance-rankings/ranking/632052
161,628981,"Arkansas Twilight, John McDonnell Field, Fayetteville, AR",USA,03 MAY 2024,03 MAY 2024,210,217,77704,158,77914,https://worldathletics.org/records/competition-performance-rankings/ranking/628981
162,626939,"ASA Athletics Grand Prix 1, McArthur Stadium, Potchefstroom",RSA,14 MAR 2024,14 MAR 2024,420,132,77488,169,77908,https://worldathletics.org/records/competition-performance-rankings/ranking/626939
163,632396,"Folksam Grand Prix Karlstad, Sola Arena, Karlstad",SWE,04 JUL 2024,04 JUL 2024,680,99,77217,178,77897,https://worldathletics.org/records/competition-performance-rankings/ranking/632396
164,632886,"35° Meeting Arcobaleno EAP AtleticaEuropa, Centro Sportivo G. Olmo-P. Ferro, Celle Ligure",ITA,17 JUL 2024,17 JUL 2024,290,183,77529,167,77819,https://worldathletics.org/records/competition-performance-rankings/ranking/632886
165,627048,"Arizona Spring Break Fiesta, Univ. of Arizona Roy P. Drachman Stadium, Tucson, AZ",USA,16 MAR 2024,16 MAR 2024,140,276,77637,161,77777,https://worldathletics.org/records/competition-performance-rankings/ranking/627048
166,633066,"The 19th Twilight Games, AGF Field, Tokyo",JPN,21 JUL 2024,21 JUL 2024,180,238,77567,165,77747,https://worldathletics.org/records/competition-performance-rankings/ranking/633066
167,629694,"National Athletics Grand Prix 4, Guoxin Sports Center, Qingdao",CHN,13 MAY 2024,14 MAY 2024,270,193,77436,172,77706,https://worldathletics.org/records/competition-performance-rankings/ranking/629694
168,627766,"South Florida Invitational, University of South Florida Track & Field Stadium, Tampa, FL",USA,05 APR 2024,06 APR 2024,185,234,77518,168,77703,https://worldathletics.org/records/competition-performance-rankings/ranking/627766
169,627056,"UCF Black & Gold Invite, UCF Soccer and Track Complex, Orlando, FL",USA,15 MAR 2024,16 MAR 2024,30,527,77643,160,77673,https://worldathletics.org/records/competition-performance-rankings/ranking/627056
170,629769,"Liese Prokop Memorial, Sportzentrum Niederösterreich, St. Pölten",AUT,17 MAY 2024,17 MAY 2024,340,160,77316,176,77656,https://worldathletics.org/records/competition-performance-rankings/ranking/629769
171,627325,"Willie Williams Classic, Univ. of Arizona Roy P. Drachman Stadium, Tucson, AZ",USA,22 MAR 2024,23 MAR 2024,80,376,77570,164,77650,https://worldathletics.org/records/competition-performance-rankings/ranking/627325
172,631504,"Georgia Tech Invitational, Geroge C. Griffin Track, Atlanta, GA",USA,19 APR 2024,20 APR 2024,205,220,77431,174,77636,https://worldathletics.org/records/competition-performance-rankings/ranking/631504
173,629351,"CAA Outdoor Track and Field Championships, Elon University’s Irwin Belk Track, Elon, NC",USA,10 MAY 2024,11 MAY 2024,10,688,77623,163,77633,https://worldathletics.org/records/competition-performance-rankings/ranking/629351
174,627202,"Clyde Hart Classic, Clyde Hart Track & Field Stadium, Waco, TX",USA,22 MAR 2024,23 MAR 2024,95,346,77537,166,77632,https://worldathletics.org/records/competition-performance-rankings/ranking/627202
175,631022,"Venizeleia-Chania International Meeting, Elena Venizelou National Stadium, Chania",GRE,19 MAY 2024,19 MAY 2024,410,140,77200,180,77610,https://worldathletics.org/records/competition-performance-rankings/ranking/631022
176,626393,"International Track Meet, Nga Puna Wai Sports Hub, Christchurch",NZL,24 FEB 2024,24 FEB 2024,730,91,76829,188,77559,https://worldathletics.org/records/competition-performance-rankings/ranking/626393
177,625980,"3rd AK Track And Field Weekend Meeting, Nyayo National Stadium, Nairobi",KEN,26 JAN 2024,27 JAN 2024,310,170,77245,177,77555,https://worldathletics.org/records/competition-performance-rankings/ranking/625980
177,629904,"Míting Internacional Ciutat de Barcelona, Estadi Joan Serrahima, Barcelona",ESP,19 MAY 2024,19 MAY 2024,480,126,77075,183,77555,https://worldathletics.org/records/competition-performance-rankings/ranking/629904
179,631582,"Boysen Memorial, Bislett Stadion, Oslo",NOR,18 JUN 2024,18 JUN 2024,400,145,77146,182,77546,https://worldathletics.org/records/competition-performance-rankings/ranking/631582
180,629283,"4th Alexandrino Meeting - Georgios Pantos Memorial, Municipal Sports Center, Alexandria",GRE,08 MAY 2024,08 MAY 2024,345,157,77191,181,77536,https://worldathletics.org/records/competition-performance-rankings/ranking/629283
181,627928,"Pacific Coast Invitational, Jack Rose Track, Long Beach, CA",USA,11 APR 2024,11 APR 2024,120,311,77353,175,77473,https://worldathletics.org/records/competition-performance-rankings/ranking/627928
182,629167,"Ivy League Heptagonal Outdoor Track and Field Championships, Weaver Stadium, Princeton, NJ",USA,04 MAY 2024,05 MAY 2024,30,527,77436,172,77466,https://worldathletics.org/records/competition-performance-rankings/ranking/629167
183,629166,"UIL Texas State Championships, Mike A. Myers Stadium, Austin, TX",USA,02 MAY 2024,05 MAY 2024,0,,77462,171,77462,https://worldathletics.org/records/competition-performance-rankings/ranking/629166
184,626840,"Sir Graeme Douglas Memorial Track Classic, Douglas Track & Field, Auckland",NZL,10 MAR 2024,10 MAR 2024,560,113,76891,186,77451,https://worldathletics.org/records/competition-performance-rankings/ranking/626840
185,627176,"Keyth Talley Invitational, LSU Bernie Moore Stadium, Baton Rouge, LA",USA,23 MAR 2024,23 MAR 2024,130,292,77209,179,77339,https://worldathletics.org/records/competition-performance-rankings/ranking/627176
186,629442,"Finales des Championnats de France des Clubs, Stade des Maradas, Cergy-Pontoise",FRA,12 MAY 2024,12 MAY 2024,490,124,76802,190,77292,https://worldathletics.org/records/competition-performance-rankings/ranking/629442
187,632748,"46th Grand Prix Nove Mesto nad Metuji 2024, General Klapálek ́s stadium, Nové Město nad Metují",CZE,13 JUL 2024,13 JUL 2024,385,147,76890,187,77275,https://worldathletics.org/records/competition-performance-rankings/ranking/632748
188,627708,"Jim Click Shootout & Multis, Univ. of Arizona Roy P. Drachman Stadium, Tucson, AZ",USA,05 APR 2024,06 APR 2024,130,292,77071,184,77201,https://worldathletics.org/records/competition-performance-rankings/ranking/627708
189,632902,"Motonet GP Lappeenranta, Kimpisen yleisurheilukenttä, Lappeenranta",FIN,17 JUL 2024,17 JUL 2024,445,130,76703,194,77148,https://worldathletics.org/records/competition-performance-rankings/ranking/632902
190,633581,"Motonet GP - Oulu, Raatin Stadion, Oulu",FIN,17 AUG 2024,17 AUG 2024,325,166,76743,193,77068,https://worldathletics.org/records/competition-performance-rankings/ranking/633581
191,630404,"Pärnu Beach Stadium Meeting, Rannastaadion, Pärnu",EST,28 MAY 2024,28 MAY 2024,635,104,76420,202,77055,https://worldathletics.org/records/competition-performance-rankings/ranking/630404
192,627321,"Hurricane Collegiate Invitational, UMiami Cobb Stadium, Coral Gables, FL",USA,23 MAR 2024,23 MAR 2024,265,198,76764,192,77029,https://worldathletics.org/records/competition-performance-rankings/ranking/627321
193,633583,"Internationales Nordthüringer Leichtathletikmeeting, Stadion am Göldner, Sondershausen",GER,17 AUG 2024,17 AUG 2024,625,106,76402,204,77027,https://worldathletics.org/records/competition-performance-rankings/ranking/633583
194,628584,"Music City Challenge, Vanderbilt Track, Nashville, TN",USA,26 APR 2024,27 APR 2024,85,365,76900,185,76985,https://worldathletics.org/records/competition-performance-rankings/ranking/628584
195,630866,"National Athletics Grand Prix 6, Olympic Sports Center, Huangshi",CHN,01 JUN 2024,02 JUN 2024,120,311,76775,191,76895,https://worldathletics.org/records/competition-performance-rankings/ranking/630866
196,627326,"UCF Knights Invite, UCF Soccer and Track Complex, Orlando, FL",USA,22 MAR 2024,23 MAR 2024,60,415,76815,189,76875,https://worldathletics.org/records/competition-performance-rankings/ranking/627326
197,631685,"International Athletics Meeting Maribor and Memorial of Iztok Ciglarič, Atletski stadion Poljane, Maribor",SLO,19 JUN 2024,19 JUN 2024,335,163,76530,197,76865,https://worldathletics.org/records/competition-performance-rankings/ranking/631685
198,629987,"Loughborough International, Loughborough University Track, Loughborough",GBR,19 MAY 2024,19 MAY 2024,195,226,76563,196,76758,https://worldathletics.org/records/competition-performance-rankings/ranking/629987
199,636845,"Sinyaev Memorial, Stadium Desna, Bryansk",RUS,29 JUN 2024,29 JUN 2024,275,189,76464,199,76739,https://worldathletics.org/records/competition-performance-rankings/ranking/636845
200,631868,"Meeting of Braga, Estádio 1o de Maio, Braga",POR,22 JUN 2024,22 JUN 2024,215,215,76501,198,76716,https://worldathletics.org/records/competition-performance-rankings/ranking/631868
201,629970,"GRAND SLAM - Jerusalem, Givat Ram Stadium, Jerusalem",ISR,19 MAY 2024,19 MAY 2024,345,157,76348,207,76693,https://worldathletics.org/records/competition-performance-rankings/ranking/629970
202,632828,"Spanish U23 Championships, Pistas Purificación Santamarta, Burgos",ESP,13 JUL 2024,14 JUL 2024,65,402,76608,195,76673,https://worldathletics.org/records/competition-performance-rankings/ranking/632828
203,630102,"Motonet GP Jyväskylä, Harjun stadion, Jyväskylä",FIN,22 MAY 2024,22 MAY 2024,195,226,76416,203,76611,https://worldathletics.org/records/competition-performance-rankings/ranking/630102
204,628431,"Jim Green Invitational, Un. of Kentucky Outdoor Track Facility, Lexington, KY",USA,19 APR 2024,20 APR 2024,90,355,76454,200,76544,https://worldathletics.org/records/competition-performance-rankings/ranking/628431
205,628306,"72nd Hyogo Relay Carnival, Universiade Commemorative Stadium, Kobe",JPN,20 APR 2024,21 APR 2024,330,165,76193,211,76523,https://worldathletics.org/records/competition-performance-rankings/ranking/628306
206,628653,"Clark Wood Invitational, Cardinal Park, Louisville, KY",USA,26 APR 2024,27 APR 2024,140,276,76370,206,76510,https://worldathletics.org/records/competition-performance-rankings/ranking/628653
207,648058,"England Athletics U20 & Senior track & field champs (inc U23), Senior Para Champs (U20 & over), Alexander Stadium, Birmingham",GBR,19 JUL 2024,21 JUL 2024,75,386,76428,201,76503,https://worldathletics.org/records/competition-performance-rankings/ranking/648058
208,633478,"Belarus National Cup, Regional Sport Complex, Brest",BLR,01 AUG 2024,02 AUG 2024,310,170,76183,213,76493,https://worldathletics.org/records/competition-performance-rankings/ranking/633478
209,627744,"UC San Diego Triton Invitational, Triton Stadium, San Diego, CA",USA,05 APR 2024,06 APR 2024,410,140,76077,214,76487,https://worldathletics.org/records/competition-performance-rankings/ranking/627744
210,625445,"2nd AK Track & Field Weekend Meeting/AK Relay Series, Ulinzi Sports Complex, Langata, Nairobi",KEN,05 JAN 2024,06 JAN 2024,105,334,76347,208,76452,https://worldathletics.org/records/competition-performance-rankings/ranking/625445
211,631585,"AGN League 7 Track & Field League LIMITED PROGRAM, Pilditch Stadium, Pretoria",RSA,15 JUN 2024,15 JUN 2024,175,241,76273,209,76448,https://worldathletics.org/records/competition-performance-rankings/ranking/631585
212,631871,"30. Bauhaus Juniorengala 2024, Michael-Hoffmann-Stadion, Mannheim",GER,22 JUN 2024,23 JUN 2024,0,,76401,205,76401,https://worldathletics.org/records/competition-performance-rankings/ranking/631871
213,630302,"Bob Vigars Classic, Alumni Stadium, London",CAN,26 MAY 2024,26 MAY 2024,150,264,76189,212,76339,https://worldathletics.org/records/competition-performance-rankings/ranking/630302
214,630922,"Sparkassen Gala, Universitätsstadion Am Biopark, Regensburg",GER,25 MAY 2024,25 MAY 2024,65,402,76214,210,76279,https://worldathletics.org/records/competition-performance-rankings/ranking/630922
215,629333,"Puma Nitro Lange Laufnacht, Carl-Kaufmann-Stadion, Karlsruhe",GER,11 MAY 2024,11 MAY 2024,420,132,75828,217,76248,https://worldathletics.org/records/competition-performance-rankings/ranking/629333
216,629644,"Canarias Athletics Invitational, Centro de Atletismo de Tenerife, Santa Cruz de Tenerife",ESP,15 MAY 2024,15 MAY 2024,700,96,75434,231,76134,https://worldathletics.org/records/competition-performance-rankings/ranking/629644
217,631891,"XXXIII Qosanov Memorial, Olympic Training Base, Almaty",KAZ,22 JUN 2024,23 JUN 2024,445,130,75667,220,76112,https://worldathletics.org/records/competition-performance-rankings/ranking/631891
218,629317,"Belfast Irish Milers Meet In Association with Tripadvisor, Mary Peters Track, Belfast",GBR,11 MAY 2024,11 MAY 2024,50,442,76017,215,76067,https://worldathletics.org/records/competition-performance-rankings/ranking/629317
219,630194,"Spanish Clubs Championships Division Honor Liga Iberdrola-Final, Pistes d'atletisme Gaetà Huguet, Castellón",ESP,25 MAY 2024,25 MAY 2024,415,137,75642,222,76057,https://worldathletics.org/records/competition-performance-rankings/ranking/630194
220,629947,"Next Generation Athletics, Atletiekbaan Brakkenstein, Nijmegen",NED,18 MAY 2024,18 MAY 2024,65,402,75948,216,76013,https://worldathletics.org/records/competition-performance-rankings/ranking/629947
221,628271,"Velocity Fest 15, Jamaica College Ashenheim Stadium, Kingston",JAM,20 APR 2024,20 APR 2024,300,176,75677,219,75977,https://worldathletics.org/records/competition-performance-rankings/ranking/628271
222,627794,"Cameron Burrell Alumni Invitational, Carl Lewis TF and Soccer Complex, Houston, TX",USA,06 APR 2024,06 APR 2024,305,173,75626,223,75931,https://worldathletics.org/records/competition-performance-rankings/ranking/627794
223,632518,"Campeonato España Federaciones Autonómicas, Estadi Olímpic Camilo Cano, La Nucia",ESP,06 JUL 2024,06 JUL 2024,275,189,75620,224,75895,https://worldathletics.org/records/competition-performance-rankings/ranking/632518
224,630312,"Spanish Clubs Championships Division Honor Liga Joma-Final, Pistes d'atletisme Gaetà Huguet, Castellón",ESP,26 MAY 2024,26 MAY 2024,150,264,75688,218,75838,https://worldathletics.org/records/competition-performance-rankings/ranking/630312
225,635093,"21st Tajima Naoto Memorial, Ishin Me-Life Stadium, Yamaguchi",JPN,20 OCT 2024,20 OCT 2024,190,231,75643,221,75833,https://worldathletics.org/records/competition-performance-rankings/ranking/635093
226,627256,"Aztec Invitational, San Diego State University, San Diego, CA",USA,21 MAR 2024,23 MAR 2024,270,193,75472,228,75742,https://worldathletics.org/records/competition-performance-rankings/ranking/627256
227,629366,"1. kolo extraligy mužů a žen, Stadion Juliska, Praha",CZE,11 MAY 2024,11 MAY 2024,220,211,75486,226,75706,https://worldathletics.org/records/competition-performance-rankings/ranking/629366
228,626766,"AGN League 3, Pilditch Stadium, Pretoria",RSA,10 FEB 2024,10 FEB 2024,140,276,75547,225,75687,https://worldathletics.org/records/competition-performance-rankings/ranking/626766
229,632780,"52. Internationales LAZ Meeting/Rhede, Besagroup-Sportpark, Rhede",GER,14 JUL 2024,14 JUL 2024,145,272,75482,227,75627,https://worldathletics.org/records/competition-performance-rankings/ranking/632780
230,629825,"B&S Kurpfalz Gala Weinheim, Sepp-Herberger-Stadion, Weinheim",GER,18 MAY 2024,18 MAY 2024,145,272,75432,232,75577,https://worldathletics.org/records/competition-performance-rankings/ranking/629825
231,629331,"19. Memorial Matica Šuštaršiča in Patrika Cvetana, Športni center, Kranj",SLO,11 MAY 2024,11 MAY 2024,185,234,75342,234,75527,https://worldathletics.org/records/competition-performance-rankings/ranking/629331
232,627263,"Texas A&M Invitational, Cushing Stadium, College Station, TX",USA,23 MAR 2024,23 MAR 2024,80,376,75443,230,75523,https://worldathletics.org/records/competition-performance-rankings/ranking/627263
233,626993,"18th Spring Break Classic, Pista Basilio Rodriguez, Carolina",PUR,14 MAR 2024,16 MAR 2024,195,226,75318,235,75513,https://worldathletics.org/records/competition-performance-rankings/ranking/626993
234,631464,"Challenge Assoluto su Pista, Centro Gabre Gabric, Brescia",ITA,15 JUN 2024,16 JUN 2024,0,,75454,229,75454,https://worldathletics.org/records/competition-performance-rankings/ranking/631464
235,629367,"Lee Last Chance, Ray Conn Sports Complex, Cleveland, TN",USA,11 MAY 2024,11 MAY 2024,20,589,75427,233,75447,https://worldathletics.org/records/competition-performance-rankings/ranking/629367
236,629057,"Internationales thallos Läufermeeting, Schönbuchstadion, Pliezhausen",GER,05 MAY 2024,05 MAY 2024,140,276,75276,236,75416,https://worldathletics.org/records/competition-performance-rankings/ranking/629057
237,628635,"Fresno State Invitational, Veterans Memorial Stadium, Clovis, CA",USA,26 APR 2024,27 APR 2024,120,311,75228,238,75348,https://worldathletics.org/records/competition-performance-rankings/ranking/628635
238,631508,"Meeting International EAP de Nivelles, Stade du Parc de la Dodaine, Nivelles",BEL,16 JUN 2024,16 JUN 2024,95,346,75179,240,75274,https://worldathletics.org/records/competition-performance-rankings/ranking/631508
239,627137,"FSU Relays, Florida State University - Mike Long Track, Tallahassee, FL",USA,21 MAR 2024,22 MAR 2024,85,365,75184,239,75269,https://worldathletics.org/records/competition-performance-rankings/ranking/627137
240,631071,"USATF San Diego-Imperial Association Championships and High Performance Meet, CVEATC, Chula Vista, CA",USA,08 JUN 2024,08 JUN 2024,420,132,74846,257,75266,https://worldathletics.org/records/competition-performance-rankings/ranking/631071
241,629944,"24th International Athletics Meeting Slovenska Bistrica, Športni park, Slovenska Bistrica",SLO,18 MAY 2024,18 MAY 2024,240,202,75025,249,75265,https://worldathletics.org/records/competition-performance-rankings/ranking/629944
242,626720,"JAAA CARIFTA Trials, National Stadium, Kingston",JAM,01 MAR 2024,03 MAR 2024,0,,75256,237,75256,https://worldathletics.org/records/competition-performance-rankings/ranking/626720
243,629056,"Billy Hayes Invitational, Billy Hayes T& F Complex, Bloomington, IN",USA,03 MAY 2024,03 MAY 2024,60,415,75170,241,75230,https://worldathletics.org/records/competition-performance-rankings/ranking/629056
244,631581,"Cataluña Championships, Estadi Municipal d'Atletisme Congost, Manresa",ESP,15 JUN 2024,16 JUN 2024,115,323,75097,243,75212,https://worldathletics.org/records/competition-performance-rankings/ranking/631581
245,627703,"Arkansas Spring Invitational, John McDonnell Field, Fayetteville, AR",USA,06 APR 2024,06 APR 2024,120,311,75065,246,75185,https://worldathletics.org/records/competition-performance-rankings/ranking/627703
246,628140,"Larry Ellis Invitational, Weaver Stadium, Princeton, NJ",USA,12 APR 2024,13 APR 2024,35,504,75142,242,75177,https://worldathletics.org/records/competition-performance-rankings/ranking/628140
247,626836,"AGN League 4, Pilditch Stadium, Pretoria",RSA,24 FEB 2024,24 FEB 2024,105,334,75064,247,75169,https://worldathletics.org/records/competition-performance-rankings/ranking/626836
248,632989,"6° Meeting Brazzale, Campo Scuola G. Perraro, Vicenza",ITA,20 JUL 2024,20 JUL 2024,315,167,74827,259,75142,https://worldathletics.org/records/competition-performance-rankings/ranking/632989
249,627537,"Curro Podium Final, Pilditch Stadium, Pretoria",RSA,17 FEB 2024,17 FEB 2024,165,249,74939,251,75104,https://worldathletics.org/records/competition-performance-rankings/ranking/627537
250,627772,"VertKlasse Meeting, Dick Vert Stadium, High Point, NC",USA,05 APR 2024,06 APR 2024,160,254,74928,253,75088,https://worldathletics.org/records/competition-performance-rankings/ranking/627772
250,629222,"BUCS Outdoor Athletics Championships, Manchester Regional Arena, Manchester",GBR,04 MAY 2024,06 MAY 2024,15,628,75073,245,75088,https://worldathletics.org/records/competition-performance-rankings/ranking/629222
252,625563,"Virginia Showcase, Virginia Beach Sports Center, Virginia Beach, VA",USA,12 JAN 2024,14 JAN 2024,10,688,75076,244,75086,https://worldathletics.org/records/competition-performance-rankings/ranking/625563
253,626944,"Kirk Baptiste Spring Break Invitational, Tom Tellez Track, Houston, TX",USA,14 MAR 2024,14 MAR 2024,75,386,75003,250,75078,https://worldathletics.org/records/competition-performance-rankings/ranking/626944
254,628081,"John Jacobs Invitational, John Jacobs Track Complex, Norman, OK",USA,12 APR 2024,13 APR 2024,35,504,75039,248,75074,https://worldathletics.org/records/competition-performance-rankings/ranking/628081
255,633316,"A.V. Ignatiev Memorial, Olympic Stadium, Cheboksary",RUS,22 JUN 2024,22 JUN 2024,185,234,74879,256,75064,https://worldathletics.org/records/competition-performance-rankings/ranking/633316
256,633563,"National Athletics League - Premiership, Alexander Stadium, Birmingham",GBR,03 AUG 2024,03 AUG 2024,125,302,74938,252,75063,https://worldathletics.org/records/competition-performance-rankings/ranking/633563
257,633787,"Memorial Zbigniewa Ludwichowskiego, Uniwersytetu Warmińsko-Mazurskiego, Olsztyn",POL,01 SEP 2024,01 SEP 2024,315,167,74735,264,75050,https://worldathletics.org/records/competition-performance-rankings/ranking/633787
258,629642,"Papaflessia 2024, Ethnikou Stadiou, Kalamata",GRE,12 MAY 2024,12 MAY 2024,270,193,74719,266,74989,https://worldathletics.org/records/competition-performance-rankings/ranking/629642
259,630258,"Gouden Spike, Sportcomplex De Leidse Hout, Leiden",NED,25 MAY 2024,25 MAY 2024,310,170,74658,270,74968,https://worldathletics.org/records/competition-performance-rankings/ranking/630258
260,632631,"Meeting Internacional Ciudad de Málaga, Estadio Ciudad de Málaga, Málaga",ESP,09 JUL 2024,09 JUL 2024,250,200,74710,267,74960,https://worldathletics.org/records/competition-performance-rankings/ranking/632631
261,629441,"Championnat de France des clubs Elite 2, Stade Bachelard, Grenoble",FRA,12 MAY 2024,12 MAY 2024,240,202,74708,268,74948,https://worldathletics.org/records/competition-performance-rankings/ranking/629441
262,627175,"Masked Rider Open, Terry & Linda Fuller T&F Complex, Lubbock, TX",USA,22 MAR 2024,23 MAR 2024,45,463,74891,255,74936,https://worldathletics.org/records/competition-performance-rankings/ranking/627175
263,627992,"Gary Wieneke Memorial, Demirjian Park, Champaign, IL",USA,13 APR 2024,13 APR 2024,125,302,74799,261,74924,https://worldathletics.org/records/competition-performance-rankings/ranking/627992
264,628679,"BYU Robison Invitational, Clarence F. Robison Track, Provo, UT",USA,25 APR 2024,27 APR 2024,20,589,74902,254,74922,https://worldathletics.org/records/competition-performance-rankings/ranking/628679
265,632628,"WA Continental Tour 2024 Challenger - Loughborough EAP, Loughborough University Track, Loughborough",GBR,10 JUL 2024,10 JUL 2024,270,193,74584,276,74854,https://worldathletics.org/records/competition-performance-rankings/ranking/632628
266,629087,"Tom Tellez Invitational, Tom Tellez Track, Houston, TX",USA,03 MAY 2024,03 MAY 2024,50,442,74801,260,74851,https://worldathletics.org/records/competition-performance-rankings/ranking/629087
267,631160,"JAAA Olympic French Foray 2, National Stadium, Kingston",JAM,08 JUN 2024,08 JUN 2024,295,179,74549,278,74844,https://worldathletics.org/records/competition-performance-rankings/ranking/631160
268,626918,"Africa Games National Trials, Stephen Keshi Stadium, Asaba",NGR,17 FEB 2024,19 FEB 2024,0,,74840,258,74840,https://worldathletics.org/records/competition-performance-rankings/ranking/626918
269,628054,"60th Four University Inter-College Track and Field Tournament, Gion Stadium, Sagamihara",JPN,14 APR 2024,14 APR 2024,15,628,74796,262,74811,https://worldathletics.org/records/competition-performance-rankings/ranking/628054
270,627667,"WT Jo Meaker Classic & Multi, West Texas A&M University Track & Soccer Complex, Canyon, TX",USA,04 APR 2024,06 APR 2024,0,,74775,263,74775,https://worldathletics.org/records/competition-performance-rankings/ranking/627667
271,630198,"Brühler Mai-Meeting, Sportanlage Neudorf, St. Gallen",SUI,25 MAY 2024,25 MAY 2024,150,264,74609,274,74759,https://worldathletics.org/records/competition-performance-rankings/ranking/630198
272,630670,"Atletica 2000 Meeting, Polisportivo Comunale, San Vito al Tagliamento",ITA,02 JUN 2024,02 JUN 2024,110,329,74639,272,74749,https://worldathletics.org/records/competition-performance-rankings/ranking/630670
273,629988,"Susanne Meier Memorial, Stadion Schützenmatte, Basel",SUI,20 MAY 2024,20 MAY 2024,90,355,74649,271,74739,https://worldathletics.org/records/competition-performance-rankings/ranking/629988
274,632539,"Meeting Maia Cidade do Desporto, Estádio José Vieira de Carvalho, Maia",POR,06 JUL 2024,06 JUL 2024,355,155,74381,282,74736,https://worldathletics.org/records/competition-performance-rankings/ranking/632539
275,634252,"35th Five University Inter-College Track and Field Tournament, University Stadium, Tsukuba",JPN,06 JUL 2024,06 JUL 2024,0,,74727,265,74727,https://worldathletics.org/records/competition-performance-rankings/ranking/634252
276,627781,"Tennessee Invite, Tom Black Track at LaPorte Stadium, Knoxville, TN",USA,05 APR 2024,06 APR 2024,30,527,74692,269,74722,https://worldathletics.org/records/competition-performance-rankings/ranking/627781
277,633018,"Match U23 Czechia-Hungary-Ukraine-Poland, Stadion AWF, Kraków",POL,20 JUL 2024,20 JUL 2024,120,311,74572,277,74692,https://worldathletics.org/records/competition-performance-rankings/ranking/633018
278,629780,"Meeting National de Carquefou, Stade Du Moulin Boisseau, Carquefou",FRA,17 MAY 2024,17 MAY 2024,45,463,74609,274,74654,https://worldathletics.org/records/competition-performance-rankings/ranking/629780
279,629863,"48. Pfingstmeeting, Stadion Trinermatten, Zofingen",SUI,18 MAY 2024,18 MAY 2024,25,557,74622,273,74647,https://worldathletics.org/records/competition-performance-rankings/ranking/629863
280,633952,"Czech Teams Championships, Stadion Míru, Tábor",CZE,07 SEP 2024,08 SEP 2024,200,224,74443,280,74643,https://worldathletics.org/records/competition-performance-rankings/ranking/633952
281,630378,"ACNW Track & Field League 10, McArthur Stadium, Potchefstroom",RSA,25 MAY 2024,25 MAY 2024,125,302,74513,279,74638,https://worldathletics.org/records/competition-performance-rankings/ranking/630378
282,626925,"GC Foster Classic, GC Foster College, Spanish Town",JAM,09 MAR 2024,09 MAR 2024,295,179,74301,287,74596,https://worldathletics.org/records/competition-performance-rankings/ranking/626925
283,631458,"Janusz Sidlo Memorial, Forest Stadium, Sopot",POL,16 JUN 2024,16 JUN 2024,205,220,74374,284,74579,https://worldathletics.org/records/competition-performance-rankings/ranking/631458
284,629779,"Dromia International Sprint and Relays Meeting, Konstantinos Baglatzis Municipal Stadium, Vari",GRE,15 MAY 2024,15 MAY 2024,315,167,74261,288,74576,https://worldathletics.org/records/competition-performance-rankings/ranking/629779
285,630205,"Meeting EAP Annecy, Parc des Sports, Annecy",FRA,25 MAY 2024,25 MAY 2024,20,589,74418,281,74438,https://worldathletics.org/records/competition-performance-rankings/ranking/630205
286,628440,"Kansas Relays, Rock Chalk Park, Lawrence, KS",USA,18 APR 2024,20 APR 2024,60,415,74375,283,74435,https://worldathletics.org/records/competition-performance-rankings/ranking/628440
287,633008,"Sunset Tour, Jack Kemp Stadium - Occidental College, Los Angeles, CA",USA,20 JUL 2024,20 JUL 2024,305,173,74118,295,74423,https://worldathletics.org/records/competition-performance-rankings/ranking/633008
288,627677,"The 57th Tokyo Big 6, Keio Univ. Hiyoshi Athletics Field, Yokohama",JPN,06 APR 2024,07 APR 2024,50,442,74357,285,74407,https://worldathletics.org/records/competition-performance-rankings/ranking/627677
289,630811,"4th MoC Grand Prix, Yabatech Sport Complex, Lagos",NGR,31 MAY 2024,01 JUN 2024,80,376,74318,286,74398,https://worldathletics.org/records/competition-performance-rankings/ranking/630811
290,632863,"National Athletics League - Premiership, Ashton Playing Fields Woodford Green, London",GBR,07 JUL 2024,07 JUL 2024,125,302,74255,289,74380,https://worldathletics.org/records/competition-performance-rankings/ranking/632863
291,630339,"2. kolo Česká Spořitelna Atletická Extraliga mužů a žen, Stadion Mládeže, Zlín",CZE,26 MAY 2024,26 MAY 2024,135,286,74225,291,74360,https://worldathletics.org/records/competition-performance-rankings/ranking/630339
292,627699,"Joe Walker Invitational, Ole Miss T&F Complex, Oxford, MS",USA,05 APR 2024,06 APR 2024,125,302,74187,292,74312,https://worldathletics.org/records/competition-performance-rankings/ranking/627699
293,632122,"National Trials For World Athletics Under 20 Championships, Nyayo National Stadium, Nairobi",KEN,27 JUN 2024,28 JUN 2024,25,557,74238,290,74263,https://worldathletics.org/records/competition-performance-rankings/ranking/632122
294,628669,"Rock Chalk Classic, Rock Chalk Park, Lawrence, KS",USA,27 APR 2024,27 APR 2024,85,365,74152,293,74237,https://worldathletics.org/records/competition-performance-rankings/ranking/628669
295,629616,"Super League Interclub M+V, Atletiekarena Gaston Roelants, Kessel-Lo",BEL,12 MAY 2024,12 MAY 2024,130,292,74105,296,74235,https://worldathletics.org/records/competition-performance-rankings/ranking/629616
296,629622,"52nd Flag of KBS National Athletics Meeting, Yecheon Stadium, Yecheon",KOR,03 MAY 2024,07 MAY 2024,165,249,74053,298,74218,https://worldathletics.org/records/competition-performance-rankings/ranking/629622
297,627255,"Bob Davidson Team Challenge presented by Norris Woody, Dick Vert Stadium, High Point, NC",USA,22 MAR 2024,23 MAR 2024,25,557,74133,294,74158,https://worldathletics.org/records/competition-performance-rankings/ranking/627255
298,627181,"Trojan Invite, USC Cromwell Field at Loker Track Stadium, Los Angeles, CA",USA,22 MAR 2024,23 MAR 2024,90,355,74054,297,74144,https://worldathletics.org/records/competition-performance-rankings/ranking/627181
299,633589,"Swedish Team Championships Final, Sollentunavallen, Sollentuna",SWE,17 AUG 2024,17 AUG 2024,410,140,73732,307,74142,https://worldathletics.org/records/competition-performance-rankings/ranking/633589
300,632826,"Campeonato Nacional de Clubes - 1ª divisão, Estádio Municipal Fontelo, Viseu",POR,13 JUL 2024,14 JUL 2024,480,126,73637,311,74117,https://worldathletics.org/records/competition-performance-rankings/ranking/632826
301,628746,"USC-UCLA Dual Meet, USC Cromwell Field at Loker Track Stadium, Los Angeles, CA",USA,27 APR 2024,28 APR 2024,80,376,74016,299,74096,https://worldathletics.org/records/competition-performance-rankings/ranking/628746
302,632514,"Ottawa Lions Presents The CTFL Final, Terry Fox AF, Ottawa",CAN,06 JUL 2024,06 JUL 2024,175,241,73882,301,74057,https://worldathletics.org/records/competition-performance-rankings/ranking/632514
303,628832,"The Big Meet, Cobb Track and Angell Field, Palo Alto, CA",USA,30 APR 2024,30 APR 2024,65,402,73942,300,74007,https://worldathletics.org/records/competition-performance-rankings/ranking/628832
304,630379,"JAAA All Comers Series #2, National Stadium, Kingston",JAM,25 MAY 2024,25 MAY 2024,220,211,73721,308,73941,https://worldathletics.org/records/competition-performance-rankings/ranking/630379
305,630795,"National Athletics League - Premiership, Thames Valley Athletics Stadium, Eton",GBR,01 JUN 2024,01 JUN 2024,210,217,73721,308,73931,https://worldathletics.org/records/competition-performance-rankings/ranking/630795
306,629812,"Meeting National de Seine et Marne, Stade Philippe Mahut, Fontainebleau",FRA,17 MAY 2024,17 MAY 2024,25,557,73867,302,73892,https://worldathletics.org/records/competition-performance-rankings/ranking/629812
307,628421,"4º Circuito Paulista OPEN, Centro de Atletismo Professor Oswaldo Terra, Sao Bernardo do Campo",BRA,20 APR 2024,21 APR 2024,60,415,73799,304,73859,https://worldathletics.org/records/competition-performance-rankings/ranking/628421
308,629832,"AGN League 6, Pilditch Stadium, Pretoria",RSA,18 MAY 2024,18 MAY 2024,110,329,73734,306,73844,https://worldathletics.org/records/competition-performance-rankings/ranking/629832
309,633020,"French U20 Championships, Stadium Municipal, Albi",FRA,19 JUL 2024,21 JUL 2024,10,688,73831,303,73841,https://worldathletics.org/records/competition-performance-rankings/ranking/633020
310,631838,"VIII Ordizia Meeting - International Meeting Jose Antonio Peña, Altamira estadioa, Ordizia",ESP,22 JUN 2024,22 JUN 2024,165,249,73651,310,73816,https://worldathletics.org/records/competition-performance-rankings/ranking/631838
311,628073,"KT Woodman Classic, Cessna Stadium, Wichita, KS",USA,12 APR 2024,13 APR 2024,0,,73786,305,73786,https://worldathletics.org/records/competition-performance-rankings/ranking/628073
312,629282,"Harry Schulting Games, Vughtse Sports Club Prins Hendrik, Vught",NED,09 MAY 2024,09 MAY 2024,150,264,73593,313,73743,https://worldathletics.org/records/competition-performance-rankings/ranking/629282
313,634341,"Baltic Team Championships President's Cup, Jāņa Daliņa Stadium, Valmiera",LAT,06 JUL 2024,07 JUL 2024,230,206,73479,314,73709,https://worldathletics.org/records/competition-performance-rankings/ranking/634341
314,631779,"International U20 Match, Sports Stadium CESA VUT, Brno",CZE,22 JUN 2024,22 JUN 2024,0,,73616,312,73616,https://worldathletics.org/records/competition-performance-rankings/ranking/631779
315,628972,"Oregon Twilight, Hayward Field, Eugene, OR",USA,03 MAY 2024,03 MAY 2024,130,292,73446,317,73576,https://worldathletics.org/records/competition-performance-rankings/ranking/628972
316,631283,"Indian Grand Prix – 3, Sree Kanteerava Outdoor Stadium, Bengaluru",IND,12 JUN 2024,12 JUN 2024,40,485,73467,316,73507,https://worldathletics.org/records/competition-performance-rankings/ranking/631283
317,633975,"Ostrava Silver Spike, Mestský Stadion, Ostrava",CZE,10 SEP 2024,10 SEP 2024,285,185,73197,323,73482,https://worldathletics.org/records/competition-performance-rankings/ranking/633975
318,631143,"South of England U20/Senior & U15/U17 3000 Metres Championships, Thames Valley Athletics Stadium, Eton",GBR,08 JUN 2024,09 JUN 2024,5,754,73468,315,73473,https://worldathletics.org/records/competition-performance-rankings/ranking/631143
319,633538,"2024 Iksan National Athletics Meeting, Iksan",KOR,06 JUL 2024,09 JUL 2024,30,527,73437,318,73467,https://worldathletics.org/records/competition-performance-rankings/ranking/633538
320,630658,"Meeting de Limoges, Stade de Beaublanc, Limoges",FRA,01 JUN 2024,01 JUN 2024,135,286,73288,320,73423,https://worldathletics.org/records/competition-performance-rankings/ranking/630658
321,628687,"Steve Scott Invitational, Anteater Stadium, Irvine, CA",USA,26 APR 2024,27 APR 2024,15,628,73322,319,73337,https://worldathletics.org/records/competition-performance-rankings/ranking/628687
322,635221,"35th National Club Athletics Meeting, Seocheon Sports Complex, Seocheon",KOR,10 SEP 2024,12 SEP 2024,55,431,73229,321,73284,https://worldathletics.org/records/competition-performance-rankings/ranking/635221
323,627084,"2º Circuito Paulista OPEN, Centro de Atletismo Professor Oswaldo Terra, Sao Bernardo do Campo",BRA,16 MAR 2024,16 MAR 2024,130,292,73151,325,73281,https://worldathletics.org/records/competition-performance-rankings/ranking/627084
324,627323,"Ole Miss Classic, Ole Miss T&F Complex, Oxford, MS",USA,22 MAR 2024,23 MAR 2024,135,286,73140,326,73275,https://worldathletics.org/records/competition-performance-rankings/ranking/627323
325,629867,"Meeting Cidade de Lisboa, Estadio Universitario, Lisboa",POR,18 MAY 2024,18 MAY 2024,125,302,73131,327,73256,https://worldathletics.org/records/competition-performance-rankings/ranking/629867
326,632400,"Meeting de Bron, Stade Pierre Duboeuf, Bron",FRA,04 JUL 2024,04 JUL 2024,5,754,73229,321,73234,https://worldathletics.org/records/competition-performance-rankings/ranking/632400
327,630506,"Lubelski Koziołki, Stadion MOSiR, Lublin",POL,30 MAY 2024,30 MAY 2024,100,338,73127,328,73227,https://worldathletics.org/records/competition-performance-rankings/ranking/630506
328,632152,"Silk road to Olympic, AFU Athletics Stadium, Tashkent",UZB,28 JUN 2024,29 JUN 2024,280,187,72922,335,73202,https://worldathletics.org/records/competition-performance-rankings/ranking/632152
329,633289,"Spanish U20 Championships, Pistes d'atletisme Gaetà Huguet, Castellón",ESP,27 JUL 2024,28 JUL 2024,5,754,73173,324,73178,https://worldathletics.org/records/competition-performance-rankings/ranking/633289
330,626835,"AGN League 5, Pilditch Stadium, Pretoria",RSA,02 MAR 2024,02 MAR 2024,50,442,73090,329,73140,https://worldathletics.org/records/competition-performance-rankings/ranking/626835
331,633761,"Campeonato Paulista Loterias Caixa de Atletismo, COTP Stadium, São Paulo",BRA,23 AUG 2024,25 AUG 2024,160,254,72960,332,73120,https://worldathletics.org/records/competition-performance-rankings/ranking/633761
332,628674,"Virginia High Performance, UVA Lanningan Field, Charlottesville, VA",USA,28 APR 2024,28 APR 2024,65,402,72963,331,73028,https://worldathletics.org/records/competition-performance-rankings/ranking/628674
333,631611,"Championnats d'Île-de-France Espoirs - Seniors J2 et J3, Stade des Maradas, Cergy-Pontoise",FRA,15 JUN 2024,16 JUN 2024,10,688,73015,330,73025,https://worldathletics.org/records/competition-performance-rankings/ranking/631611
334,627841,"Continental Tour Semana del Mar, Pista de Atletismo Justo Román, Mar del Plata",ARG,10 APR 2024,10 APR 2024,365,152,72637,340,73002,https://worldathletics.org/records/competition-performance-rankings/ranking/627841
335,636417,"Världsungdomsspelen, Slottsskogsvallen, Göteborg",SWE,05 JUL 2024,07 JUL 2024,25,557,72938,333,72963,https://worldathletics.org/records/competition-performance-rankings/ranking/636417
336,631016,"Meeting de Montpellier, Stade Philippides, Montpellier",FRA,08 JUN 2024,08 JUN 2024,0,,72927,334,72927,https://worldathletics.org/records/competition-performance-rankings/ranking/631016
337,628723,"Oregon State High Performance Meet, Oregon State Whyte Track and Field Center, Corvallis, OR",USA,26 APR 2024,27 APR 2024,5,754,72831,336,72836,https://worldathletics.org/records/competition-performance-rankings/ranking/628723
338,629443,"Championnat de France des clubs N1A Poule 1, Stade Raymond Petit, Tomblaine",FRA,12 MAY 2024,12 MAY 2024,140,276,72687,338,72827,https://worldathletics.org/records/competition-performance-rankings/ranking/629443
339,633769,"Mityng Ambasadorów Białostockiego Sportu, Stadion BOSiR, Białystok",POL,31 AUG 2024,31 AUG 2024,950,73,71856,385,72806,https://worldathletics.org/records/competition-performance-rankings/ranking/633769
340,630076,"SplitTime NK Teams, Sportpark Laan van Poot, Den Haag",NED,19 MAY 2024,19 MAY 2024,50,442,72669,339,72719,https://worldathletics.org/records/competition-performance-rankings/ranking/630076
341,627067,"UTSA Invitational, Park West Ath. Complex, San Antonio, TX",USA,15 MAR 2024,16 MAR 2024,20,589,72695,337,72715,https://worldathletics.org/records/competition-performance-rankings/ranking/627067
342,629324,"Old Boys - Frühlingsmeeting, Stadion Schützenmatte, Basel",SUI,11 MAY 2024,11 MAY 2024,285,185,72407,355,72692,https://worldathletics.org/records/competition-performance-rankings/ranking/629324
343,633450,"Athletics Classic Meeting ACW, Gerard Bontinckstadion, Sint-Niklaas",BEL,03 AUG 2024,03 AUG 2024,45,463,72622,341,72667,https://worldathletics.org/records/competition-performance-rankings/ranking/633450
344,630054,"National Team Selection Competition, Atatürk Stadyumu, Izmir",TUR,18 MAY 2024,19 MAY 2024,45,463,72610,343,72655,https://worldathletics.org/records/competition-performance-rankings/ranking/630054
345,628366,"J Fred Duckett Rice Twilight Meet, Rice University Ley Track/Holloway Field, Houston, TX",USA,20 APR 2024,20 APR 2024,30,527,72612,342,72642,https://worldathletics.org/records/competition-performance-rankings/ranking/628366
346,626142,"Western Milo Relays, GC Foster College, Spanish Town",JAM,10 FEB 2024,10 FEB 2024,55,431,72574,345,72629,https://worldathletics.org/records/competition-performance-rankings/ranking/626142
347,631965,"Meeting Francilien U20/U18 - Meeting Athlé 91, Parc des Sports H. Longuet, Viry-Chatillon",FRA,22 JUN 2024,23 JUN 2024,5,754,72594,344,72599,https://worldathletics.org/records/competition-performance-rankings/ranking/631965
348,630766,"The Elliott Denman NJ International, Monmouth University Joe Compagni Track at Kessler Stadium, West Long Branch, NJ",USA,01 JUN 2024,02 JUN 2024,30,527,72532,346,72562,https://worldathletics.org/records/competition-performance-rankings/ranking/630766
349,628190,"Sri Lanka Athletics Open Stage 1, Mahinda Rajapaksha Stadium, Diyagama",SRI,01 MAR 2024,02 MAR 2024,50,442,72499,348,72549,https://worldathletics.org/records/competition-performance-rankings/ranking/628190
350,629126,"Track Meeting Poljane, Atletski stadion Poljane, Maribor",SLO,05 MAY 2024,05 MAY 2024,25,557,72517,347,72542,https://worldathletics.org/records/competition-performance-rankings/ranking/629126
351,625992,"AGN League 2, Pilditch Stadium, Pretoria",RSA,27 JAN 2024,27 JAN 2024,85,365,72452,353,72537,https://worldathletics.org/records/competition-performance-rankings/ranking/625992
352,631503,"JAAA Olympic French Foray 3, National Stadium, Kingston",JAM,15 JUN 2024,15 JUN 2024,220,211,72306,363,72526,https://worldathletics.org/records/competition-performance-rankings/ranking/631503
353,630473,"Naju KTFL National Club Athletics Meeting, Naju Sports Complex, Naju",KOR,21 MAY 2024,23 MAY 2024,25,557,72494,349,72519,https://worldathletics.org/records/competition-performance-rankings/ranking/630473
354,630201,"Spanish Clubs Championships Division Honor Liga Joma-Permanence, Estadi Joan Serrahima, Barcelona",ESP,25 MAY 2024,25 MAY 2024,200,224,72318,362,72518,https://worldathletics.org/records/competition-performance-rankings/ranking/630201
355,628566,"Justas de Atletismo LAI, Estadio Jose A. Figueroa Freyre, Mayagüez",PUR,25 APR 2024,27 APR 2024,5,754,72492,350,72497,https://worldathletics.org/records/competition-performance-rankings/ranking/628566
356,629286,"West Point Twilight, Military Academy Shea Stadium, West Point, NY",USA,09 MAY 2024,09 MAY 2024,10,688,72482,351,72492,https://worldathletics.org/records/competition-performance-rankings/ranking/629286
357,628273,"Gibson Invitational, Gibson Track & Field Complex, Terre Haute, IN",USA,18 APR 2024,20 APR 2024,0,,72474,352,72474,https://worldathletics.org/records/competition-performance-rankings/ranking/628273
358,627497,"Continental Tour Ciudad de Santiago, E.Nacional, Santiago de Chile",CHI,31 MAR 2024,31 MAR 2024,305,173,72159,369,72464,https://worldathletics.org/records/competition-performance-rankings/ranking/627497
359,631459,"35. Mednarodni miting Novo mesto, Stadion Portoval, Novo Mesto",SLO,15 JUN 2024,15 JUN 2024,110,329,72331,361,72441,https://worldathletics.org/records/competition-performance-rankings/ranking/631459
360,627475,"Sam Howell Invitational, Weaver Stadium, Princeton, NJ",USA,30 MAR 2024,30 MAR 2024,10,688,72420,354,72430,https://worldathletics.org/records/competition-performance-rankings/ranking/627475
361,633721,"Czech U23 Championships, Atletický stadion Střelnice, Jablonec nad Nisou",CZE,24 AUG 2024,25 AUG 2024,40,485,72349,357,72389,https://worldathletics.org/records/competition-performance-rankings/ranking/633721
362,627410,"2024 Spring Challenge Meet, National Stadium, Tokyo",JPN,15 MAR 2024,17 MAR 2024,15,628,72365,356,72380,https://worldathletics.org/records/competition-performance-rankings/ranking/627410
363,627972,"Virginia Grand Prix, UVA Lanningan Field, Charlottesville, VA",USA,12 APR 2024,13 APR 2024,10,688,72349,357,72359,https://worldathletics.org/records/competition-performance-rankings/ranking/627972
364,627028,"Yellow Jacket Invitational, Geroge C. Griffin Track, Atlanta, GA",USA,16 MAR 2024,16 MAR 2024,10,688,72340,359,72350,https://worldathletics.org/records/competition-performance-rankings/ranking/627028
365,631559,"Czech U20 Championships, Mestský Stadion, Ostrava",CZE,15 JUN 2024,16 JUN 2024,5,754,72332,360,72337,https://worldathletics.org/records/competition-performance-rankings/ranking/631559
366,629438,"Mazowieckie otwarcie sezonu lekkoatletycznego, Stadion Zygmunta Szelesta, Warszawa",POL,11 MAY 2024,12 MAY 2024,70,397,72266,366,72336,https://worldathletics.org/records/competition-performance-rankings/ranking/629438
367,627790,"17th Iwakabe Cup, Athletic Park, Ageo",JPN,07 APR 2024,07 APR 2024,45,463,72284,364,72329,https://worldathletics.org/records/competition-performance-rankings/ranking/627790
368,632457,"Flanders Cup AVLL, Netestadion, Lier",BEL,06 JUL 2024,06 JUL 2024,90,355,72234,368,72324,https://worldathletics.org/records/competition-performance-rankings/ranking/632457
369,627795,"Encuentro FMAA César Moreno Bravo 2024, Centro Deportivo Olímpico Mexicano, Ciudad de México",MEX,05 APR 2024,07 APR 2024,10,688,72271,365,72281,https://worldathletics.org/records/competition-performance-rankings/ranking/627795
369,633440,"International LTU-Graz Summermeeting#7, Universitätssportzentrum, Graz",AUT,03 AUG 2024,03 AUG 2024,15,628,72266,366,72281,https://worldathletics.org/records/competition-performance-rankings/ranking/633440
371,632513,"4° Meeting della Leonessa, 8° memorial Davide Boroni, Centro Gabre Gabric, Brescia",ITA,06 JUL 2024,06 JUL 2024,155,260,72080,371,72235,https://worldathletics.org/records/competition-performance-rankings/ranking/632513
372,627044,"Copa Nuevo León Luciano Ramírez Gallardo, Pista del Centro Deportivo Borregos, Estadio Azul ITESM, Monterrey",MEX,24 FEB 2024,25 FEB 2024,90,355,72069,372,72159,https://worldathletics.org/records/competition-performance-rankings/ranking/627044
373,635154,"18th JAAF U18 Athletics Competition, Prefectural Stadium, Ise",JPN,18 OCT 2024,20 OCT 2024,0,,72107,370,72107,https://worldathletics.org/records/competition-performance-rankings/ranking/635154
374,629436,"Ter Specke Bokaal, Sportpark Ter Specke, Lisse",NED,11 MAY 2024,11 MAY 2024,105,334,71947,378,72052,https://worldathletics.org/records/competition-performance-rankings/ranking/629436
374,633565,"The 5th Nihon University Competition, Nihon University Stadium, Tokyo",JPN,10 AUG 2024,11 AUG 2024,20,589,72032,373,72052,https://worldathletics.org/records/competition-performance-rankings/ranking/633565
376,628457,"Gary Wilson Invite, University of Minnesota T&F Stadium, Minneapolis, MN",USA,24 APR 2024,24 APR 2024,35,504,72013,374,72048,https://worldathletics.org/records/competition-performance-rankings/ranking/628457
377,633571,"Nationales Abendsportfest - Pfungstadt, TSV Stadion, Pfungstadt",GER,14 AUG 2024,14 AUG 2024,30,527,71991,375,72021,https://worldathletics.org/records/competition-performance-rankings/ranking/633571
378,631669,"Welsh Athletics Senior & U15 Outdoor Championships, Cardiff Athletic Stadium, Cardiff",GBR,15 JUN 2024,16 JUN 2024,45,463,71962,377,72007,https://worldathletics.org/records/competition-performance-rankings/ranking/631669
379,633744,"V.P. Kuts Memorial, Znamenskikh Stadion, Moskva",RUS,04 AUG 2024,04 AUG 2024,20,589,71980,376,72000,https://worldathletics.org/records/competition-performance-rankings/ranking/633744
380,631003,"Meeting National de Strasbourg, Stade d'Athlétisme Hautepierre, Strasbourg",FRA,08 JUN 2024,08 JUN 2024,110,329,71889,382,71999,https://worldathletics.org/records/competition-performance-rankings/ranking/631003
381,634024,"SVM Nationalliga A, Stadion Deutweg, Winterthur",SUI,14 SEP 2024,14 SEP 2024,175,241,71813,387,71988,https://worldathletics.org/records/competition-performance-rankings/ranking/634024
382,628764,"Len Paddock Open, University of Michigan Outdoor Track Stadium, Ann Arbor, MI",USA,27 APR 2024,27 APR 2024,35,504,71914,380,71949,https://worldathletics.org/records/competition-performance-rankings/ranking/628764
383,630764,"Championnats de France FFSU, Stade Municipal, Vineuil",FRA,01 JUN 2024,02 JUN 2024,10,688,71930,379,71940,https://worldathletics.org/records/competition-performance-rankings/ranking/630764
384,627808,"New Taipei City Youth Cup National Athletics Opens, Banqiao Stadium, New Taipei City",TPE,04 MAR 2024,08 MAR 2024,35,504,71879,383,71914,https://worldathletics.org/records/competition-performance-rankings/ranking/627808
385,626756,"Beach Opener, Jack Rose Track, Long Beach, CA",USA,01 MAR 2024,02 MAR 2024,55,431,71854,386,71909,https://worldathletics.org/records/competition-performance-rankings/ranking/626756
386,627747,"41th Tokai University-Nihon University Game, Nihon University Athletics Stadium, Setagaya, Tokyo",JPN,07 APR 2024,07 APR 2024,0,,71891,381,71891,https://worldathletics.org/records/competition-performance-rankings/ranking/627747
387,631461,"Tokai Inter High School Athletic Meeting, Nagaragawa Stadium, Gifu",JPN,14 JUN 2024,16 JUN 2024,0,,71874,384,71874,https://worldathletics.org/records/competition-performance-rankings/ranking/631461
388,625505,"Central Hurdles Relays & Field Events, GC Foster College, Spanish Town",JAM,20 JAN 2024,20 JAN 2024,60,415,71796,389,71856,https://worldathletics.org/records/competition-performance-rankings/ranking/625505
389,626389,"Corporate Area Development Meet, National Stadium, Kingston",JAM,16 FEB 2024,17 FEB 2024,0,,71812,388,71812,https://worldathletics.org/records/competition-performance-rankings/ranking/626389
390,629125,"2024 Mito Invitational, Municipal Stadium, Mito",JPN,05 MAY 2024,05 MAY 2024,300,176,71499,402,71799,https://worldathletics.org/records/competition-performance-rankings/ranking/629125
391,629353,"Track Fest, Jack Kemp Stadium - Occidental College, Los Angeles, CA",USA,11 MAY 2024,11 MAY 2024,670,101,71105,424,71775,https://worldathletics.org/records/competition-performance-rankings/ranking/629353
392,633078,"Trackmeeting Breda, Atletiekbaan Breda, Breda",NED,20 JUL 2024,20 JUL 2024,130,292,71629,394,71759,https://worldathletics.org/records/competition-performance-rankings/ranking/633078
393,629744,"Horst Mandl Memorial, Stadion Eggenberg, Graz",AUT,12 MAY 2024,12 MAY 2024,190,231,71560,400,71750,https://worldathletics.org/records/competition-performance-rankings/ranking/629744
394,628966,"Wisconsin Alumni Classic, McClimon Outdoor Track, Madison, WI",USA,03 MAY 2024,03 MAY 2024,35,504,71697,391,71732,https://worldathletics.org/records/competition-performance-rankings/ranking/628966
395,633671,"England Athletics Manchester International, Manchester Regional Arena, Manchester",GBR,24 AUG 2024,24 AUG 2024,90,355,71634,393,71724,https://worldathletics.org/records/competition-performance-rankings/ranking/633671
396,630093,"G. Arzumanov Memorial, AFU Athletics Stadium, Tashkent",UZB,22 MAY 2024,22 MAY 2024,75,386,71642,392,71717,https://worldathletics.org/records/competition-performance-rankings/ranking/630093
397,627239,"Mangrum Invitational, Mangrum Track & Field, San Marcos, CA",USA,22 MAR 2024,22 MAR 2024,0,,71706,390,71706,https://worldathletics.org/records/competition-performance-rankings/ranking/627239
398,628826,"Indian Grand Prix -1, Sree Kanteerava Outdoor Stadium, Bengaluru",IND,30 APR 2024,30 APR 2024,100,338,71586,398,71686,https://worldathletics.org/records/competition-performance-rankings/ranking/628826
399,629288,"Nationales Auffahrts-Meeting, Stadion Hard, Langenthal",SUI,09 MAY 2024,09 MAY 2024,55,431,71620,395,71675,https://worldathletics.org/records/competition-performance-rankings/ranking/629288
400,631528,"Madrid Championships, Estadio Vallehermoso, Madrid",ESP,15 JUN 2024,16 JUN 2024,25,557,71604,396,71629,https://worldathletics.org/records/competition-performance-rankings/ranking/631528
401,633574,"2024 1st ICAAK Athletics Games, Yanmar Stadium Nagai, Osaka",JPN,09 AUG 2024,10 AUG 2024,0,,71594,397,71594,https://worldathletics.org/records/competition-performance-rankings/ranking/633574
402,633533,"2024 Summer Record Meeting, Hakatanomori Athletic Stadium, Fukuoka",JPN,10 AUG 2024,11 AUG 2024,0,,71571,399,71571,https://worldathletics.org/records/competition-performance-rankings/ranking/633533
403,627721,"UNLV Rebels Elite, Myron Partridge Stadium & Sheila Tarr-Smith Field, Las Vegas, NV",USA,05 APR 2024,06 APR 2024,100,338,71469,407,71569,https://worldathletics.org/records/competition-performance-rankings/ranking/627721
404,630784,"Budapest OPEN Schulek Ágoston Emlékverseny - Budapest Felnőtt Bajnokság, Ikarus BSE Sporttelep, Budapest",HUN,01 JUN 2024,02 JUN 2024,120,311,71434,408,71554,https://worldathletics.org/records/competition-performance-rankings/ranking/630784
405,632458,"Meeting de l'ACP Joinville, Stade municipal JP Garchery, Joinville-le-Point",FRA,06 JUL 2024,06 JUL 2024,35,504,71514,401,71549,https://worldathletics.org/records/competition-performance-rankings/ranking/632458
405,633508,"Aarauer Abendmeeting, Leichtathletikstadion Schachen, Aarau",SUI,09 AUG 2024,10 AUG 2024,60,415,71489,403,71549,https://worldathletics.org/records/competition-performance-rankings/ranking/633508
407,627535,"Oliver Nikoloff Invitational, Gettler Stadium, Cincinnati, OH",USA,29 MAR 2024,30 MAR 2024,50,442,71484,405,71534,https://worldathletics.org/records/competition-performance-rankings/ranking/627535
408,629615,"Regional (Northern China) Invitation Meeting, Hebei Olympic Sports Center, Qinhuangdao",CHN,27 APR 2024,28 APR 2024,35,504,71487,404,71522,https://worldathletics.org/records/competition-performance-rankings/ranking/629615
409,630434,"Troféu São Paulo, Centro de Atletismo Professor Oswaldo Terra, Sao Bernardo do Campo",BRA,25 MAY 2024,26 MAY 2024,40,485,71472,406,71512,https://worldathletics.org/records/competition-performance-rankings/ranking/630434
410,636313,"ACNW Open Senior Championships, McArthur Stadium, Potchefstroom",RSA,10 APR 2024,10 APR 2024,125,302,71367,412,71492,https://worldathletics.org/records/competition-performance-rankings/ranking/636313
411,633315,"The Road to Olympus, Salyut Geraklion Stadion, Moskva",RUS,27 JUL 2024,28 JUL 2024,370,151,71094,428,71464,https://worldathletics.org/records/competition-performance-rankings/ranking/633315
412,627401,"Grand Prix Atletica Chilena, E.Nacional, Santiago de Chile",CHI,28 MAR 2024,28 MAR 2024,225,207,71230,416,71455,https://worldathletics.org/records/competition-performance-rankings/ranking/627401
413,627264,"Oregon Preview, Hayward Field, Eugene, OR",USA,22 MAR 2024,23 MAR 2024,10,688,71425,409,71435,https://worldathletics.org/records/competition-performance-rankings/ranking/627264
414,633568,"National Athletics League - Promotion Match & Cup Final, Bedford Athletic Stadium, Bedford",GBR,03 AUG 2024,03 AUG 2024,15,628,71384,410,71399,https://worldathletics.org/records/competition-performance-rankings/ranking/633568
415,631522,"4º Desafio CBAt/CPB, Centro de Treinamento Paralímpico Brasileiro, São Paulo",BRA,15 JUN 2024,15 JUN 2024,165,249,71230,416,71395,https://worldathletics.org/records/competition-performance-rankings/ranking/631522
416,631840,"79th Tohoku High School Meeting, Azuma Stadium, Fukushima",JPN,14 JUN 2024,17 JUN 2024,0,,71375,411,71375,https://worldathletics.org/records/competition-performance-rankings/ranking/631840
417,630905,"Meeting National à thème de Bonneuil sur Marne, Stade L. Lagrange, Bonneuil-sur-Marne",FRA,05 JUN 2024,05 JUN 2024,10,688,71354,413,71364,https://worldathletics.org/records/competition-performance-rankings/ranking/630905
418,627203,"Charles Austin Classic, Bobcat Track and Field Complex, San Marcos, TX",USA,22 MAR 2024,23 MAR 2024,45,463,71308,415,71353,https://worldathletics.org/records/competition-performance-rankings/ranking/627203
419,631009,"Regional Invitation Meeting (Chongqing - Sichuan Friendship Meeting), Jiangjin Stadium, Chongqing",CHN,18 MAY 2024,19 MAY 2024,0,,71339,414,71339,https://worldathletics.org/records/competition-performance-rankings/ranking/631009
420,632486,"Interenational Athletic Meeting Mladost 2024, Sports Park Mladost, Zagreb",CRO,06 JUL 2024,07 JUL 2024,115,323,71176,421,71291,https://worldathletics.org/records/competition-performance-rankings/ranking/632486
421,627788,"USD Early Bird, Mildred J. Hillenbrand Memorial Track, Vermillion, SD",USA,05 APR 2024,06 APR 2024,35,504,71190,418,71225,https://worldathletics.org/records/competition-performance-rankings/ranking/627788
422,626912,"Pre-Africa Games Meet, MKO Abiola National Stadium, Abuja",NGR,02 FEB 2024,03 FEB 2024,0,,71190,418,71190,https://worldathletics.org/records/competition-performance-rankings/ranking/626912
423,632890,"Pre France individuels CJES, Stade Helitas, Caen",FRA,06 JUL 2024,07 JUL 2024,0,,71189,420,71189,https://worldathletics.org/records/competition-performance-rankings/ranking/632890
424,630055,"T-Meeting, Sportpark Stappegoor, Tilburg",NED,20 MAY 2024,20 MAY 2024,50,442,71121,423,71171,https://worldathletics.org/records/competition-performance-rankings/ranking/630055
425,627029,"Velocity Fest 14, National Stadium, Kingston",JAM,16 MAR 2024,16 MAR 2024,620,107,70534,470,71154,https://worldathletics.org/records/competition-performance-rankings/ranking/627029
426,631028,"Jump'n'Run Meeting, Stadion Hacheney, Dortmund",GER,08 JUN 2024,08 JUN 2024,10,688,71134,422,71144,https://worldathletics.org/records/competition-performance-rankings/ranking/631028
427,627820,"54th Hokuriku Corporate team Competition, Niigatashi Field, Niigata",JPN,06 APR 2024,07 APR 2024,80,376,71041,432,71121,https://worldathletics.org/records/competition-performance-rankings/ranking/627820
428,628969,"Shocker Open, Cessna Stadium, Wichita, KS",USA,03 MAY 2024,03 MAY 2024,10,688,71103,426,71113,https://worldathletics.org/records/competition-performance-rankings/ranking/628969
429,629031,"Spanish Clubs Championships Division Honor Liga Joma-Leg 2-Match A, Pistes d'atletisme Gaetà Huguet, Castellón",ESP,04 MAY 2024,04 MAY 2024,50,442,71060,431,71110,https://worldathletics.org/records/competition-performance-rankings/ranking/629031
430,628962,"28th KTFL National Club Athletics Meeting, Mangma Athletic Competition Center, Yeosu",KOR,23 APR 2024,25 APR 2024,85,365,71024,434,71109,https://worldathletics.org/records/competition-performance-rankings/ranking/628962
430,633648,"4J Studios scottishathletics National Senior & Under 17 Champs, Grangemouth Sports Stadium, Grangemouth",GBR,17 AUG 2024,18 AUG 2024,20,589,71089,429,71109,https://worldathletics.org/records/competition-performance-rankings/ranking/633648
432,627139,"Alan Connie Shamrock Invitational, Doug Shaw Memorial Stadium, Myrtle Beach, SC",USA,14 MAR 2024,16 MAR 2024,0,,71105,424,71105,https://worldathletics.org/records/competition-performance-rankings/ranking/627139
433,628755,"GVSU Extra Weekend Meet, GVSU Track/Lacrosse Stadium, Allendale, MI",USA,27 APR 2024,27 APR 2024,0,,71100,427,71100,https://worldathletics.org/records/competition-performance-rankings/ranking/628755
434,628524,"Ward Haylett Invitational, RV Christian Track, Manhattan, KS",USA,26 APR 2024,26 APR 2024,20,589,71071,430,71091,https://worldathletics.org/records/competition-performance-rankings/ranking/628524
435,633058,"Slovenian Cup Championships, Atletski stadion Poljane, Maribor",SLO,20 JUL 2024,21 JUL 2024,155,260,70910,441,71065,https://worldathletics.org/records/competition-performance-rankings/ranking/633058
436,640949,"National Clubs League Second Leg, 5 Mordad Stadium, Arak",IRI,19 AUG 2024,20 AUG 2024,55,431,71008,435,71063,https://worldathletics.org/records/competition-performance-rankings/ranking/640949
437,626865,"22nd National Federation Cup U20, SAI Regional Centre Sarojini Nagar, Lucknow",IND,08 MAR 2024,10 MAR 2024,0,,71033,433,71033,https://worldathletics.org/records/competition-performance-rankings/ranking/626865
438,629002,"Spanish Clubs Championships Division Honor Liga Iberdrola-Leg 2-Match A, Estadio de Atletismo del Turia, Valencia",ESP,04 MAY 2024,04 MAY 2024,220,211,70799,451,71019,https://worldathletics.org/records/competition-performance-rankings/ranking/629002
439,633309,"Meeting national de courses, Stade Olympique de la Pontaise, Lausanne",SUI,27 JUL 2024,27 JUL 2024,55,431,70963,437,71018,https://worldathletics.org/records/competition-performance-rankings/ranking/633309
440,630071,"Croatian Cup and Team Championships for Clubs, Stadion Branko Čavlović-Čavlek, Karlovac",CRO,18 MAY 2024,19 MAY 2024,100,338,70912,440,71012,https://worldathletics.org/records/competition-performance-rankings/ranking/630071
441,628753,"Doug Max Invitational, CSU Jack Christiansen Track, Fort Collins, CO",USA,26 APR 2024,27 APR 2024,20,589,70966,436,70986,https://worldathletics.org/records/competition-performance-rankings/ranking/628753
442,625340,"Potts Classic, Hawke's Bay Sports Park, Hastings",NZL,20 JAN 2024,20 JAN 2024,160,254,70821,449,70981,https://worldathletics.org/records/competition-performance-rankings/ranking/625340
443,629976,"ALLIANZ Kampioenschap van Vlaanderen Alle Categorieën, Sportcentrum Wembley, Kortrijk",BEL,18 MAY 2024,18 MAY 2024,15,628,70959,438,70974,https://worldathletics.org/records/competition-performance-rankings/ranking/629976
444,626754,"3º Encontros de Atletismo, COTP Stadium, São Paulo",BRA,02 MAR 2024,02 MAR 2024,50,442,70922,439,70972,https://worldathletics.org/records/competition-performance-rankings/ranking/626754
445,630239,"Grand Prix, Estadio de Atletismo - Unidad Deportiva el Salitre, Bogotá",COL,25 MAY 2024,25 MAY 2024,95,346,70870,445,70965,https://worldathletics.org/records/competition-performance-rankings/ranking/630239
446,633295,"England Athletics U15/U17 Open Champs, Senior & U20 Combined Events Champs & UK CE Champs, JNR Para, Alexander Stadium, Birmingham",GBR,26 JUL 2024,28 JUL 2024,185,234,70760,456,70945,https://worldathletics.org/records/competition-performance-rankings/ranking/633295
447,631570,"Andalucia Championships, Estadio Enrique Lopez Cuenca, Nerja",ESP,15 JUN 2024,15 JUN 2024,15,628,70903,442,70918,https://worldathletics.org/records/competition-performance-rankings/ranking/631570
448,633041,"Warszawskie zawody lekkoatletyczne, Stadion Zygmunta Szelesta, Warszawa",POL,20 JUL 2024,20 JUL 2024,130,292,70780,454,70910,https://worldathletics.org/records/competition-performance-rankings/ranking/633041
449,627815,"National University Athletics Opens, Taipei Municipal Stadium, Taipei City",TPE,29 MAR 2024,30 MAR 2024,20,589,70883,443,70903,https://worldathletics.org/records/competition-performance-rankings/ranking/627815
450,631442,"Meeting Amiens Métrropole, Stade Urbain Wallet, Amiens",FRA,15 JUN 2024,15 JUN 2024,85,365,70802,450,70887,https://worldathletics.org/records/competition-performance-rankings/ranking/631442
451,632454,"Balkan U18 Championships, Atletski stadion Poljane, Maribor",SLO,06 JUL 2024,06 JUL 2024,0,,70881,444,70881,https://worldathletics.org/records/competition-performance-rankings/ranking/632454
452,629304,"Regional (Yangtze River Delta) Invitation Meeting, Cixi City",CHN,23 APR 2024,24 APR 2024,10,688,70858,446,70868,https://worldathletics.org/records/competition-performance-rankings/ranking/629304
453,631497,"Memoriał Zenona Sęka, Arena Lekkoatletyczna, Gliwice",POL,15 JUN 2024,15 JUN 2024,10,688,70834,447,70844,https://worldathletics.org/records/competition-performance-rankings/ranking/631497
454,630964,"MTV Meet-IN mit BM Hindernis, MTV Stadion, Ingolstadt",GER,07 JUN 2024,07 JUN 2024,20,589,70822,448,70842,https://worldathletics.org/records/competition-performance-rankings/ranking/630964
455,631960,"Championnats AURA CJES, Stade Jacques Forestier, Aix-les-Bains",FRA,22 JUN 2024,23 JUN 2024,35,504,70793,452,70828,https://worldathletics.org/records/competition-performance-rankings/ranking/631960
456,626830,"AGN League 1, Pilditch Stadium, Pretoria",RSA,20 JAN 2024,20 JAN 2024,45,463,70782,453,70827,https://worldathletics.org/records/competition-performance-rankings/ranking/626830
457,631326,"Brooks PR Invitational, Renton Memorial Stadium, Renton, WA",USA,12 JUN 2024,12 JUN 2024,5,754,70772,455,70777,https://worldathletics.org/records/competition-performance-rankings/ranking/631326
458,629995,"Campionatele Internationale ale Romaniei ""Iolanda Balas Soter"", Stadionul de atletism ""Nicolae Mărășescu"", Craiova",ROU,18 MAY 2024,19 MAY 2024,75,386,70697,460,70772,https://worldathletics.org/records/competition-performance-rankings/ranking/629995
459,628461,"Campeonato Nacional de Clubes y Municipios, Estadio de Atletismo - Unidad Deportiva el Salitre, Bogotá",COL,19 APR 2024,20 APR 2024,30,527,70728,458,70758,https://worldathletics.org/records/competition-performance-rankings/ranking/628461
460,630069,"Mednarodni Atletski Miting Ptuj in 4. Memorial Roberta Preloga, Mestni stadion, Ptuj",SLO,21 MAY 2024,21 MAY 2024,120,311,70627,465,70747,https://worldathletics.org/records/competition-performance-rankings/ranking/630069
461,627503,"The Vince O’Boyle Track and Field Classic, Anteater Stadium, Irvine, CA",USA,29 MAR 2024,30 MAR 2024,0,,70733,457,70733,https://worldathletics.org/records/competition-performance-rankings/ranking/627503
462,630633,"Flanders Cup OLSE, Olse Merksem Atletiek Arena, Antwerpen",BEL,01 JUN 2024,01 JUN 2024,20,589,70700,459,70720,https://worldathletics.org/records/competition-performance-rankings/ranking/630633
463,627665,"Colorado Invitational, Potts Field, Boulder, CO",USA,05 APR 2024,05 APR 2024,40,485,70669,462,70709,https://worldathletics.org/records/competition-performance-rankings/ranking/627665
464,631407,"Józef Żylewicz Memorial, Stadion GOS, Gdansk",POL,15 JUN 2024,15 JUN 2024,100,338,70587,467,70687,https://worldathletics.org/records/competition-performance-rankings/ranking/631407
465,628656,"Bengal Invitational, Davis Field, Pocatello, ID",USA,26 APR 2024,27 APR 2024,0,,70685,461,70685,https://worldathletics.org/records/competition-performance-rankings/ranking/628656
466,629897,"Meeting Atletismo Paco Sánchez Vargas, Estadio de la Juventud de Granada, Granada",ESP,19 MAY 2024,19 MAY 2024,10,688,70657,463,70667,https://worldathletics.org/records/competition-performance-rankings/ranking/629897
467,634184,"Colombian U23 Championships, Estadio de Atletismo La Flora, Bucaramanga",COL,20 SEP 2024,22 SEP 2024,20,589,70632,464,70652,https://worldathletics.org/records/competition-performance-rankings/ranking/634184
468,629770,"Meeting Jaén Paraiso Interior 2024, Polideportivo Municipal, Andújar",ESP,17 MAY 2024,17 MAY 2024,360,154,70290,489,70650,https://worldathletics.org/records/competition-performance-rankings/ranking/629770
469,626612,"Invitational Track and Field Event, National Stadium, Gaborone",BOT,17 FEB 2024,17 FEB 2024,65,402,70569,469,70634,https://worldathletics.org/records/competition-performance-rankings/ranking/626612
470,631081,"3rd Nihon University Competition, Nihon University Athletics Stadium, Setagaya, Tokyo",JPN,01 JUN 2024,02 JUN 2024,20,589,70583,468,70603,https://worldathletics.org/records/competition-performance-rankings/ranking/631081
471,633148,"Portuguese U23 Championships, Pista Municipal Prof. Mário Moniz Pereira, Lisboa",POR,20 JUL 2024,21 JUL 2024,0,,70592,466,70592,https://worldathletics.org/records/competition-performance-rankings/ranking/633148
472,630382,"Estonian CUP, Kadrioru staadion, Tallinn",EST,26 MAY 2024,26 MAY 2024,175,241,70390,481,70565,https://worldathletics.org/records/competition-performance-rankings/ranking/630382
473,629444,"Championnat de France des clubs N1A Poule 2, Stade Jacques Forestier, Aix-les-Bains",FRA,12 MAY 2024,12 MAY 2024,30,527,70534,470,70564,https://worldathletics.org/records/competition-performance-rankings/ranking/629444
474,630674,"Meeting di Primavera, Pista Fantoni, Mondovi",ITA,02 JUN 2024,02 JUN 2024,10,688,70526,472,70536,https://worldathletics.org/records/competition-performance-rankings/ranking/630674
475,626158,"Camperdown Classics, National Stadium, Kingston",JAM,10 FEB 2024,10 FEB 2024,140,276,70393,480,70533,https://worldathletics.org/records/competition-performance-rankings/ranking/626158
476,630542,"78th Chugoku-shikoku intercollegiate track and field competition, Hamayama Park Athletic Field, Izumo",JPN,10 MAY 2024,12 MAY 2024,0,,70525,473,70525,https://worldathletics.org/records/competition-performance-rankings/ranking/630542
477,629026,"Spanish Clubs Championships Division Honor Liga Joma-Leg 2-Match B, Pista atletismo José Maria Escriche, Hueska",ESP,04 MAY 2024,04 MAY 2024,15,628,70483,474,70498,https://worldathletics.org/records/competition-performance-rankings/ranking/629026
478,630570,"EAP Malta International, Marsa Athletics Track, Marsa",MLT,01 JUN 2024,01 JUN 2024,45,463,70440,477,70485,https://worldathletics.org/records/competition-performance-rankings/ranking/630570
479,630192,"Spanish Clubs Championships Division Honor Liga Iberdrola-Permanence, Estadio Los Pajaritos, Soria",ESP,25 MAY 2024,25 MAY 2024,10,688,70474,475,70484,https://worldathletics.org/records/competition-performance-rankings/ranking/630192
480,629332,"37. Int. Ludwig-Jall-Sportfest, Dantestadion, München",GER,11 MAY 2024,11 MAY 2024,45,463,70436,478,70481,https://worldathletics.org/records/competition-performance-rankings/ranking/629332
481,632582,"Régionaux CJES, Stade de Beaublanc, Limoges",FRA,06 JUL 2024,07 JUL 2024,10,688,70464,476,70474,https://worldathletics.org/records/competition-performance-rankings/ranking/632582
482,631271,"Volvo Charels Grote Prijs Stad Lokeren Flanders Cup AVLO, Oscar van Rumst Stadion, Lokeren",BEL,09 JUN 2024,09 JUN 2024,20,589,70403,479,70423,https://worldathletics.org/records/competition-performance-rankings/ranking/631271
483,627723,"Pomona-Pitzer Track & Field Invitational, Strehle Track, Pomona College, Claremont, CA",USA,06 APR 2024,06 APR 2024,40,485,70352,485,70392,https://worldathletics.org/records/competition-performance-rankings/ranking/627723
484,625704,"Queen's/Grace Jackson Track Meet, National Stadium, Kingston",JAM,27 JAN 2024,27 JAN 2024,210,217,70180,496,70390,https://worldathletics.org/records/competition-performance-rankings/ranking/625704
485,626444,"Cathy Freeman Shield, QSAC State Athletics Facility, Nathan, Brisbane",AUS,24 FEB 2024,24 FEB 2024,35,504,70345,486,70380,https://worldathletics.org/records/competition-performance-rankings/ranking/626444
486,631620,"Regional (Central China) Invitation Meeting, Olympic Center, Luoyang",CHN,13 JUN 2024,14 JUN 2024,0,,70379,482,70379,https://worldathletics.org/records/competition-performance-rankings/ranking/631620
486,631507,"SAYO, Sollentunavallen, Sollentuna",SWE,14 JUN 2024,16 JUN 2024,10,688,70369,483,70379,https://worldathletics.org/records/competition-performance-rankings/ranking/631507
488,628888,"Maverick Open #1, Track & Field Complex, Mankato, MN",USA,01 MAY 2024,01 MAY 2024,5,754,70353,484,70358,https://worldathletics.org/records/competition-performance-rankings/ranking/628888
489,631494,"CALTAF Classic, Foothills Athletic Park, Calgary",CAN,14 JUN 2024,16 JUN 2024,0,,70345,486,70345,https://worldathletics.org/records/competition-performance-rankings/ranking/631494
490,636872,"On Track Nights: Zatopek: 10, Lakeside Stadium, Melbourne",AUS,14 DEC 2024,14 DEC 2024,70,397,70272,490,70342,https://worldathletics.org/records/competition-performance-rankings/ranking/636872
491,627168,"Second Qualifier - LAI, Pista Luis F. Sambolin, San Germán",PUR,22 MAR 2024,23 MAR 2024,20,589,70306,488,70326,https://worldathletics.org/records/competition-performance-rankings/ranking/627168
492,631292,"XXIII Reunion Internacional Ciudad de Guadalajara, Pista atletismo Fuente de la Niña, Guadalajara",ESP,12 JUN 2024,12 JUN 2024,255,199,70056,503,70311,https://worldathletics.org/records/competition-performance-rankings/ranking/631292
493,631917,"Continental Tour Memorial Alex Quiñonez, La Vicentina, Quito",ECU,23 JUN 2024,23 JUN 2024,140,276,70152,498,70292,https://worldathletics.org/records/competition-performance-rankings/ranking/631917
494,628960,"Kehoe Twilight Meet, University of Maryland, College Park, MD",USA,03 MAY 2024,03 MAY 2024,45,463,70223,492,70268,https://worldathletics.org/records/competition-performance-rankings/ranking/628960
495,631908,"Aliann Pompey Invitational, National Track and Field Centre, Leonora",GUY,22 JUN 2024,22 JUN 2024,120,311,70137,500,70257,https://worldathletics.org/records/competition-performance-rankings/ranking/631908
496,637508,"Athletics Match meeting U18 among the teams of the Union state, Regional Sport Complex, Brest",BLR,16 JUL 2024,17 JUL 2024,0,,70241,491,70241,https://worldathletics.org/records/competition-performance-rankings/ranking/637508
497,631886,"6. InterEuropol Mityng, Stadion Zygmunta Szelesta, Warszawa",POL,22 JUN 2024,23 JUN 2024,85,365,70154,497,70239,https://worldathletics.org/records/competition-performance-rankings/ranking/631886
498,631595,"Euskadi Championships, Pista de Atletismo de Landako, Durango",ESP,15 JUN 2024,16 JUN 2024,25,557,70197,493,70222,https://worldathletics.org/records/competition-performance-rankings/ranking/631595
499,631510,"Campeonato Comunidad Valenciana, Pistes d'atletisme Gaetà Huguet, Castellón",ESP,15 JUN 2024,15 JUN 2024,0,,70188,494,70188,https://worldathletics.org/records/competition-performance-rankings/ranking/631510
500,628097,"Friar Invitational, Ray Treacy Track at Hendricken Field, Providence, RI",USA,12 APR 2024,12 APR 2024,0,,70181,495,70181,https://worldathletics.org/records/competition-performance-rankings/ranking/628097
501,629008,"Spanish Clubs Championships Division Honor Liga Joma-Leg 2-Match D, Estadio de Larrabide, Pamplona",ESP,04 MAY 2024,04 MAY 2024,170,246,69999,505,70169,https://worldathletics.org/records/competition-performance-rankings/ranking/629008
502,629698,"UW-La Crosse Eagle Open, Veterans Memorial Stadium, La Crosse, WI",USA,10 MAY 2024,10 MAY 2024,0,,70150,499,70150,https://worldathletics.org/records/competition-performance-rankings/ranking/629698
503,633838,"Memoriál Ludvíka Daňka - Ludvik Danek Memorial, Atletický stadion Turnov, Turnov",CZE,03 SEP 2024,03 SEP 2024,290,183,69859,511,70149,https://worldathletics.org/records/competition-performance-rankings/ranking/633838
504,630297,"Memorial José Barrientos, Estadio Panamericano, La Habana",CUB,24 MAY 2024,26 MAY 2024,95,346,70042,504,70137,https://worldathletics.org/records/competition-performance-rankings/ranking/630297
505,628332,"Loughborough Open inc. BUCS 10,000m, Loughborough University Track, Loughborough",GBR,20 APR 2024,20 APR 2024,40,485,70080,501,70120,https://worldathletics.org/records/competition-performance-rankings/ranking/628332
506,633375,"Athletics Match meeting U20, Regional Sport Complex, Brest",BLR,23 JUL 2024,24 JUL 2024,0,,70071,502,70071,https://worldathletics.org/records/competition-performance-rankings/ranking/633375
507,630020,"43. Nationales Pfingstsportfest der LAV ZEVEN, Sportanlage an der Kanalstraße, Zeven",GER,18 MAY 2024,19 MAY 2024,0,,69996,506,69996,https://worldathletics.org/records/competition-performance-rankings/ranking/630020
508,632295,"Championnats de Bretagne Individuels, Stade Municipal, Redon",FRA,29 JUN 2024,30 JUN 2024,30,527,69943,507,69973,https://worldathletics.org/records/competition-performance-rankings/ranking/632295
509,627974,"Spanish Clubs Championships Division Honor Liga Joma-Leg 1-Match B, Estadio Los Pajaritos, Soria",ESP,13 APR 2024,13 APR 2024,5,754,69931,508,69936,https://worldathletics.org/records/competition-performance-rankings/ranking/627974
510,631463,"Campeonato Absoluto Aire Libre Castilla y León, Estadio Atletismo Antonio Prieto, Segovia",ESP,15 JUN 2024,15 JUN 2024,0,,69903,509,69903,https://worldathletics.org/records/competition-performance-rankings/ranking/631463
511,631788,"40. Honvéd Kupa, Iharos Sándor Atlétikai Pálya, Budapest",HUN,22 JUN 2024,22 JUN 2024,35,504,69862,510,69897,https://worldathletics.org/records/competition-performance-rankings/ranking/631788
512,633670,"Abendmeeting, Sportanlage Wisacher, Regensdorf",SUI,24 AUG 2024,24 AUG 2024,45,463,69796,515,69841,https://worldathletics.org/records/competition-performance-rankings/ranking/633670
513,625956,"Youngster Goldsmith National Athletic Classic, National Stadium, Kingston",JAM,03 FEB 2024,03 FEB 2024,15,628,69822,513,69837,https://worldathletics.org/records/competition-performance-rankings/ranking/625956
514,631502,"Czech U18 Championships, Mestský Stadion, Ostrava",CZE,15 JUN 2024,16 JUN 2024,0,,69824,512,69824,https://worldathletics.org/records/competition-performance-rankings/ranking/631502
515,627748,"Challenguer Hugo La Nasa, Cef N°3 Hugo Mario La Nasa, Concepción del Uruguay",ARG,07 APR 2024,07 APR 2024,115,323,69705,520,69820,https://worldathletics.org/records/competition-performance-rankings/ranking/627748
515,627978,"Spanish Clubs Championships Division Honor Liga Joma-Leg 1-Match C, Pista La Salobreja, Jaén",ESP,13 APR 2024,13 APR 2024,160,254,69660,524,69820,https://worldathletics.org/records/competition-performance-rankings/ranking/627978
517,632541,"Spanish U18 Championships, Estadio Ciudad de Málaga, Málaga",ESP,06 JUL 2024,07 JUL 2024,0,,69807,514,69807,https://worldathletics.org/records/competition-performance-rankings/ranking/632541
518,626127,"Dynamic Athletics Outdoor Meet, Navy New Sport Center, Lagos",NGR,27 JAN 2024,27 JAN 2024,0,,69796,515,69796,https://worldathletics.org/records/competition-performance-rankings/ranking/626127
519,633081,"Western Canada Team Challenge, University Stadium - U. of Manitoba, Winnipeg",CAN,19 JUL 2024,21 JUL 2024,0,,69788,517,69788,https://worldathletics.org/records/competition-performance-rankings/ranking/633081
520,633046,"Alpe Adria Games ""Play Together Athletics"", Mario Agosti, Pordenone",ITA,20 JUL 2024,21 JUL 2024,25,557,69736,518,69761,https://worldathletics.org/records/competition-performance-rankings/ranking/633046
521,630973,"Kringelspelen, Södertälje IP, Södertälje",SWE,06 JUN 2024,06 JUN 2024,0,,69733,519,69733,https://worldathletics.org/records/competition-performance-rankings/ranking/630973
522,627697,"Ebanks Invitational, George Mason Stadium, Fairfax, VA",USA,05 APR 2024,06 APR 2024,0,,69700,521,69700,https://worldathletics.org/records/competition-performance-rankings/ranking/627697
523,633586,"The 4th Nihon University Competition, Nihon University Stadium, Tokyo",JPN,20 JUL 2024,21 JUL 2024,5,754,69687,522,69692,https://worldathletics.org/records/competition-performance-rankings/ranking/633586
524,635131,"Coupe de France, Stade Jean Leroi, Blois",FRA,19 OCT 2024,20 OCT 2024,225,207,69454,532,69679,https://worldathletics.org/records/competition-performance-rankings/ranking/635131
525,627695,"Challenger José de Zubiaur, Cef N°3 Hugo Mario La Nasa, Concepción del Uruguay",ARG,06 APR 2024,06 APR 2024,115,323,69559,528,69674,https://worldathletics.org/records/competition-performance-rankings/ranking/627695
526,629267,"Deutsche Hochschulmeisterschaften 2024, Leichtathletikstadion, Duisburg",GER,09 MAY 2024,09 MAY 2024,10,688,69663,523,69673,https://worldathletics.org/records/competition-performance-rankings/ranking/629267
527,627973,"Spanish Clubs Championships Division Honor Liga Joma-Leg 1-Match A, Estadi Municipal de Cornellà de Llobregat, Cornellá",ESP,13 APR 2024,13 APR 2024,90,355,69557,529,69647,https://worldathletics.org/records/competition-performance-rankings/ranking/627973
528,627507,"Kaohsiung Harbour City Cup National Athletics Championships, National Stadium, Kaohsiung",TPE,23 FEB 2024,27 FEB 2024,10,688,69620,526,69630,https://worldathletics.org/records/competition-performance-rankings/ranking/627507
528,631617,"Championnats d'Occitanie Elite, Stade de Vabre, Rodez",FRA,15 JUN 2024,16 JUN 2024,0,,69630,525,69630,https://worldathletics.org/records/competition-performance-rankings/ranking/631617
530,629082,"Northeast-10 Conference Outdoor Track & Field Championships, SCSU Jess Dow Field, New Haven, CT",USA,03 MAY 2024,04 MAY 2024,0,,69617,527,69617,https://worldathletics.org/records/competition-performance-rankings/ranking/629082
531,626146,"Porritt Classic, Porritt Stadium, Hamilton",NZL,10 FEB 2024,10 FEB 2024,30,527,69522,530,69552,https://worldathletics.org/records/competition-performance-rankings/ranking/626146
532,631455,"Meeting Regional du CAC, Stade Helitas, Caen",FRA,15 JUN 2024,15 JUN 2024,15,628,69472,531,69487,https://worldathletics.org/records/competition-performance-rankings/ranking/631455
533,629831,"19. BORSIG-Meeting, Stadion, Gladbeck",GER,18 MAY 2024,18 MAY 2024,30,527,69451,533,69481,https://worldathletics.org/records/competition-performance-rankings/ranking/629831
534,628043,"South Dakota Challenge, Mildred J. Hillenbrand Memorial Track, Vermillion, SD",USA,13 APR 2024,13 APR 2024,65,402,69343,537,69408,https://worldathletics.org/records/competition-performance-rankings/ranking/628043
535,632769,"National AAI Outdoor Games, Morton Stadium, Santry, Dublin",IRL,13 JUL 2024,14 JUL 2024,5,754,69396,534,69401,https://worldathletics.org/records/competition-performance-rankings/ranking/632769
536,631140,"Brazilian U20 Championships, Pista da Universidade Federal Fluminense – UFF, Rio de Janeiro",BRA,07 JUN 2024,09 JUN 2024,0,,69396,534,69396,https://worldathletics.org/records/competition-performance-rankings/ranking/631140
537,627993,"Spanish Clubs Championships Division Honor Liga Iberdrola-Leg 1-Match B, Estadio de Larrabide, Pamplona",ESP,13 APR 2024,13 APR 2024,95,346,69287,541,69382,https://worldathletics.org/records/competition-performance-rankings/ranking/627993
538,627512,"Shocker Spring Invitational, Cessna Stadium, Wichita, KS",USA,29 MAR 2024,30 MAR 2024,50,442,69308,540,69358,https://worldathletics.org/records/competition-performance-rankings/ranking/627512
539,627538,"Joey Haines Invitational, SEMO Abe Stuber T&F Complex, Cape Girardeau, MO",USA,28 MAR 2024,30 MAR 2024,10,688,69344,536,69354,https://worldathletics.org/records/competition-performance-rankings/ranking/627538
540,631287,"Meeting du CSBJ, Stade Antonin Berliat, Bourgoin-Jallieu",FRA,12 JUN 2024,12 JUN 2024,25,557,69321,538,69346,https://worldathletics.org/records/competition-performance-rankings/ranking/631287
541,636095,"Sprints, Hurdles, Jumps Meeting & Yangtze River Delta Sprints, Hurdles, Jumps and Relays Meeting, Olympic Sports Center, Huzhou",CHN,25 OCT 2024,26 OCT 2024,0,,69309,539,69309,https://worldathletics.org/records/competition-performance-rankings/ranking/636095
542,630620,"1^ Memorial Antonio Brandoli, Campo Comunale, Modena",ITA,01 JUN 2024,01 JUN 2024,0,,69271,542,69271,https://worldathletics.org/records/competition-performance-rankings/ranking/630620
543,632618,"Młodzieżowe zawody lekkoatletyczne, Stadion Zygmunta Szelesta, Warszawa",POL,06 JUL 2024,06 JUL 2024,35,504,69225,544,69260,https://worldathletics.org/records/competition-performance-rankings/ranking/632618
543,632821,"National Outdoor Cup, Stadion SKIF, Lviv",UKR,13 JUL 2024,13 JUL 2024,30,527,69230,543,69260,https://worldathletics.org/records/competition-performance-rankings/ranking/632821
545,631938,"Meeting du Val de Marne, Stade Sous La Lune - Stade Alain Mimoun, Nogent-sur-Marne",FRA,23 JUN 2024,23 JUN 2024,20,589,69223,545,69243,https://worldathletics.org/records/competition-performance-rankings/ranking/631938
546,637108,"Necheukhin Memorial, Yelena Yelesina Stadium, Chelyabinsk",RUS,01 AUG 2024,02 AUG 2024,10,688,69203,547,69213,https://worldathletics.org/records/competition-performance-rankings/ranking/637108
547,628891,"International Throwing Cup & Olympic Trial, Zeytinköy Atletizm Pisti, Antalya",TUR,27 APR 2024,28 APR 2024,100,338,69112,554,69212,https://worldathletics.org/records/competition-performance-rankings/ranking/628891
548,629613,"Surrey County Track and Field Championships, Weir Archer Athletics and Fitness Centre, Kingston, London",GBR,11 MAY 2024,12 MAY 2024,5,754,69204,546,69209,https://worldathletics.org/records/competition-performance-rankings/ranking/629613
549,627476,"The ICALK Athletic Games, Fukuoka University Stadium, Fukuoka",JPN,30 MAR 2024,30 MAR 2024,75,386,69133,552,69208,https://worldathletics.org/records/competition-performance-rankings/ranking/627476
550,629445,"Championnat de France des clubs N1A Poule 3, Stade d'Honneur Marcel Roustan, Salon-de-Provence",FRA,12 MAY 2024,12 MAY 2024,65,402,69135,551,69200,https://worldathletics.org/records/competition-performance-rankings/ranking/629445
551,627167,"Mark Conover Classic, Miller& Capriotti Athletics Complex, San Luis Obispo, CA",USA,22 MAR 2024,23 MAR 2024,0,,69196,548,69196,https://worldathletics.org/records/competition-performance-rankings/ranking/627167
552,626339,"Taipei National Spring Athletics Opens, Taipei Municipal Stadium, Taipei City",TPE,01 FEB 2024,05 FEB 2024,5,754,69174,549,69179,https://worldathletics.org/records/competition-performance-rankings/ranking/626339
553,627533,"Jack Christiansen Invitational, CSU Jack Christiansen Track, Fort Collins, CO",USA,29 MAR 2024,30 MAR 2024,0,,69172,550,69172,https://worldathletics.org/records/competition-performance-rankings/ranking/627533
554,631011,"Last Chance Qualifier, Emory Woodruff Physical Education Center, Atlanta, GA",USA,09 JUN 2024,09 JUN 2024,140,276,69025,556,69165,https://worldathletics.org/records/competition-performance-rankings/ranking/631011
555,631533,"Oslo Sportslager Tyrvinglekene, Rud friidrettstadion, Bærum",NOR,14 JUN 2024,16 JUN 2024,0,,69129,553,69129,https://worldathletics.org/records/competition-performance-rankings/ranking/631533
556,632515,"Meeting Internazionale Città di Pergine, Stadio Comunale, Pergine Valsugana",ITA,06 JUL 2024,06 JUL 2024,235,205,68867,566,69102,https://worldathletics.org/records/competition-performance-rankings/ranking/632515
557,631684,"Southwest China Athletics Invitation Meeting, Olympic Sports Center, Chongqing",CHN,15 JUN 2024,16 JUN 2024,15,628,69060,555,69075,https://worldathletics.org/records/competition-performance-rankings/ranking/631684
558,633079,"Serbian Cup - Final, Atletski Stadion, Kraljevo",SRB,01 JUN 2024,02 JUN 2024,10,688,69019,557,69029,https://worldathletics.org/records/competition-performance-rankings/ranking/633079
559,628718,"5º Circuito Paulista OPEN, Centro de Atletismo Professor Oswaldo Terra, Sao Bernardo do Campo",BRA,27 APR 2024,27 APR 2024,40,485,68967,559,69007,https://worldathletics.org/records/competition-performance-rankings/ranking/628718
560,629110,"Spanish Clubs Championships Division Honor Liga Joma-Leg 2-Match C, Estadio Los Pajaritos, Soria",ESP,04 MAY 2024,04 MAY 2024,20,589,68961,560,68981,https://worldathletics.org/records/competition-performance-rankings/ranking/629110
561,630380,"XL° Brixia Meeting, Raiffeisen Arena, Bressanone, Trentino-Alto Adige",ITA,26 MAY 2024,26 MAY 2024,0,,68971,558,68971,https://worldathletics.org/records/competition-performance-rankings/ranking/630380
562,628098,"The 36th Umemura School Athletics Competition, Chukyo Univ. Stadium, Toyota",JPN,06 APR 2024,07 APR 2024,5,754,68947,561,68952,https://worldathletics.org/records/competition-performance-rankings/ranking/628098
563,632449,"Meeting National de Thonon-les-Bains, Stade de Vongy, Thonon-les-Bains",FRA,05 JUL 2024,06 JUL 2024,30,527,68917,563,68947,https://worldathletics.org/records/competition-performance-rankings/ranking/632449
564,628967,"USD Tune up, Mildred J. Hillenbrand Memorial Track, Vermillion, SD",USA,03 MAY 2024,03 MAY 2024,15,628,68926,562,68941,https://worldathletics.org/records/competition-performance-rankings/ranking/628967
565,631128,"Memoriał Sławomira Rosłona, Stadion Miejski, Piaseczno",POL,09 JUN 2024,09 JUN 2024,0,,68900,564,68900,https://worldathletics.org/records/competition-performance-rankings/ranking/631128
566,633541,"The 4th Chukyo University Saturday Competition, Chukyo University Athletics Field, Toyota",JPN,10 AUG 2024,11 AUG 2024,5,754,68890,565,68895,https://worldathletics.org/records/competition-performance-rankings/ranking/633541
567,627980,"Spanish Clubs Championships Division Honor Liga Joma-Leg 1-Match D, Pista atletismo José Maria Escriche, Hueska",ESP,13 APR 2024,13 APR 2024,50,442,68835,568,68885,https://worldathletics.org/records/competition-performance-rankings/ranking/627980
568,633987,"Belgian U23 Championships, VITA Atletiek, Ninove",BEL,08 SEP 2024,08 SEP 2024,5,754,68843,567,68848,https://worldathletics.org/records/competition-performance-rankings/ranking/633987
569,628084,"Hong Kong Athletics Series 3, Wan Chai Sports Ground, Hong Kong",HKG,13 APR 2024,14 APR 2024,20,589,68823,570,68843,https://worldathletics.org/records/competition-performance-rankings/ranking/628084
570,628537,"Season Opening, Stadion Hacheney, Dortmund",GER,27 APR 2024,27 APR 2024,15,628,68821,571,68836,https://worldathletics.org/records/competition-performance-rankings/ranking/628537
571,632781,"II. Szabó István emlékverseny, UTE Atlétikai Stadion, Budapest",HUN,13 JUL 2024,14 JUL 2024,5,754,68826,569,68831,https://worldathletics.org/records/competition-performance-rankings/ranking/632781
572,625728,"Cooks Classic, Cooks Gardens, Whanganui",NZL,27 JAN 2024,27 JAN 2024,205,220,68602,588,68807,https://worldathletics.org/records/competition-performance-rankings/ranking/625728
573,628347,"Spanish Clubs Championships Division Honor Liga Iberdrola-Leg 1-Match C, Pista de Atletismo de Leganes, Leganes",ESP,13 APR 2024,13 APR 2024,10,688,68796,573,68806,https://worldathletics.org/records/competition-performance-rankings/ranking/628347
573,631462,"MCAA Senior & U20 Championships Incorporating U17/U15 Combined Events, Pingles Stadium, Nuneaton",GBR,08 JUN 2024,09 JUN 2024,5,754,68801,572,68806,https://worldathletics.org/records/competition-performance-rankings/ranking/631462
575,630296,"LAF Open Cup Competition, S. Darius & S. Girėnas Stadium, Kaunas",LTU,25 MAY 2024,26 MAY 2024,170,246,68632,585,68802,https://worldathletics.org/records/competition-performance-rankings/ranking/630296
576,628688,"Southern Miss Open, USM Bell Stadium, Hattiesburg, MS",USA,26 APR 2024,27 APR 2024,10,688,68791,574,68801,https://worldathletics.org/records/competition-performance-rankings/ranking/628688
577,629573,"1. kolo I. ligy mužů a žen, skupina C, Městský atletický stadion Dany Zátopkové, Uherské Hradiste",CZE,11 MAY 2024,11 MAY 2024,10,688,68786,576,68796,https://worldathletics.org/records/competition-performance-rankings/ranking/629573
578,631200,"3.kolo I.ligy skupina C, Městský stadion, Třinec",CZE,08 JUN 2024,08 JUN 2024,0,,68790,575,68790,https://worldathletics.org/records/competition-performance-rankings/ranking/631200
579,630710,"Warszawska Liga Lekkoatletyczna, Stadion Zygmunta Szelesta, Warszawa",POL,02 JUN 2024,02 JUN 2024,25,557,68764,578,68789,https://worldathletics.org/records/competition-performance-rankings/ranking/630710
580,635518,"CURRO Regional Podium North, Pilditch Stadium, Pretoria",RSA,18 SEP 2024,18 SEP 2024,0,,68784,577,68784,https://worldathletics.org/records/competition-performance-rankings/ranking/635518
581,627254,"West Coast Relays, Veterans Memorial Stadium, Clovis, CA",USA,22 MAR 2024,23 MAR 2024,10,688,68763,579,68773,https://worldathletics.org/records/competition-performance-rankings/ranking/627254
582,627791,"Army vs. Navy Star Meet, Military Academy Shea Stadium, West Point, NY",USA,06 APR 2024,06 APR 2024,0,,68762,580,68762,https://worldathletics.org/records/competition-performance-rankings/ranking/627791
583,629006,"Spanish Clubs Championships Division Honor Liga Iberdrola-Leg 2-Match B, Estadio Los Pajaritos, Soria",ESP,04 MAY 2024,04 MAY 2024,40,485,68688,582,68728,https://worldathletics.org/records/competition-performance-rankings/ranking/629006
584,629118,"Spanish Clubs Championships Division Honor Liga Iberdrola-Leg 2-Match D, Pista de Atletismo de Landako, Durango",ESP,05 MAY 2024,05 MAY 2024,5,754,68712,581,68717,https://worldathletics.org/records/competition-performance-rankings/ranking/629118
585,629614,"BVV A.C. M+V Ere-afdeling, Gerard Bontinckstadion, Sint-Niklaas",BEL,12 MAY 2024,12 MAY 2024,70,397,68642,583,68712,https://worldathletics.org/records/competition-performance-rankings/ranking/629614
586,629707,"16de Stessens 1 mei Athletics Classic Meeting, Sport Vlaanderen Herentals, Herentals",BEL,01 MAY 2024,01 MAY 2024,40,485,68614,587,68654,https://worldathletics.org/records/competition-performance-rankings/ranking/629707
587,634926,"Regional (North East China) Invitation Meeting, Changchun Sports Center Stadium, Changchun",CHN,27 SEP 2024,28 SEP 2024,0,,68640,584,68640,https://worldathletics.org/records/competition-performance-rankings/ranking/634926
588,625765,"Capital Classic, Newtown Park Stadium, Wellington",NZL,02 FEB 2024,02 FEB 2024,170,246,68457,596,68627,https://worldathletics.org/records/competition-performance-rankings/ranking/625765
589,633284,"National League Final, Tullamore Harriers AC Stadium, Tullamore",IRL,28 JUL 2024,28 JUL 2024,5,754,68618,586,68623,https://worldathletics.org/records/competition-performance-rankings/ranking/633284
590,640946,"National Clubs League Final Leg, Aftab Enghelab Sport Complex, Tehran",IRI,08 SEP 2024,09 SEP 2024,55,431,68555,591,68610,https://worldathletics.org/records/competition-performance-rankings/ranking/640946
591,630645,"Meeting du Martigues Sport Athlétisme, Parc Des Sports J. Olive, Martigues",FRA,01 JUN 2024,01 JUN 2024,25,557,68577,589,68602,https://worldathletics.org/records/competition-performance-rankings/ranking/630645
592,629458,"Championnat de France des clubs N1B Poule 4, Stade Paul Petitpoisson, Compiégne",FRA,12 MAY 2024,12 MAY 2024,10,688,68566,590,68576,https://worldathletics.org/records/competition-performance-rankings/ranking/629458
593,626208,"National Athletics Series 3, National Stadium, Gaborone",BOT,10 FEB 2024,10 FEB 2024,10,688,68548,592,68558,https://worldathletics.org/records/competition-performance-rankings/ranking/626208
594,631460,"Galicia Championships, Pista de Balaidos, Vigo",ESP,15 JUN 2024,15 JUN 2024,0,,68543,593,68543,https://worldathletics.org/records/competition-performance-rankings/ranking/631460
595,632584,"Flying Angels International Track & Field Championships, Track and Field Centre Outdoor Track, Toronto",CAN,05 JUL 2024,07 JUL 2024,25,557,68506,594,68531,https://worldathletics.org/records/competition-performance-rankings/ranking/632584
596,629007,"Spanish Clubs Championships Division Honor Liga Iberdrola-Leg 2-Match C, Estadi Joan Serrahima, Barcelona",ESP,04 MAY 2024,04 MAY 2024,25,557,68446,597,68471,https://worldathletics.org/records/competition-performance-rankings/ranking/629007
597,630338,"Meeting Patrick Chauvel, Stade Complexe Sportif Jean-Paul Chasseboeuf, Pacé",FRA,25 MAY 2024,25 MAY 2024,0,,68468,595,68468,https://worldathletics.org/records/competition-performance-rankings/ranking/630338
598,632527,"Meeting de la Gruyère, Stade Bouleyres, Bulle",SUI,06 JUL 2024,06 JUL 2024,20,589,68431,598,68451,https://worldathletics.org/records/competition-performance-rankings/ranking/632527
599,634253,"Fukuoka University Competition, Fukuoka University Stadium, Fukuoka",JPN,13 JUL 2024,13 JUL 2024,0,,68429,599,68429,https://worldathletics.org/records/competition-performance-rankings/ranking/634253
600,634025,"SVM Nationalliga B, Sportanlage Neudorf, St. Gallen",SUI,14 SEP 2024,14 SEP 2024,40,485,68373,601,68413,https://worldathletics.org/records/competition-performance-rankings/ranking/634025
601,633631,"Rieter mítink, Atletický stadion, Ustí Nad Orlicí",CZE,20 AUG 2024,20 AUG 2024,335,163,68059,623,68394,https://worldathletics.org/records/competition-performance-rankings/ranking/633631
602,632751,"XX° Meeting Internazionale Regione FVG... Ospiti di gente unica, Polisportivo Guido Maccan, Brugnera",ITA,13 JUL 2024,13 JUL 2024,15,628,68378,600,68393,https://worldathletics.org/records/competition-performance-rankings/ranking/632751
603,631131,"Trofeo Sandro Calvesi Sprint & Hurdles, Centro Gabre Gabric, Brescia",ITA,09 JUN 2024,09 JUN 2024,20,589,68335,602,68355,https://worldathletics.org/records/competition-performance-rankings/ranking/631131
604,629994,"Allianz Championnats LBFA TC, Stade Naimette-Xhovémont, Liège",BEL,18 MAY 2024,18 MAY 2024,5,754,68320,603,68325,https://worldathletics.org/records/competition-performance-rankings/ranking/629994
605,627745,"Grand Prix International CAA de Douala, Complexe Sportif D'olembe, Yaoundé",CMR,06 APR 2024,06 APR 2024,90,355,68213,611,68303,https://worldathletics.org/records/competition-performance-rankings/ranking/627745
606,626733,"Algerian Winter Championships, Miloud HEDEFI Athletics Stadium, Oran",ALG,01 MAR 2024,02 MAR 2024,30,527,68264,606,68294,https://worldathletics.org/records/competition-performance-rankings/ranking/626733
607,630204,"Nationales Leichtathletik-Meeting Hannover, Erika-Fisch-Stadion, Hannover",GER,25 MAY 2024,25 MAY 2024,5,754,68275,604,68280,https://worldathletics.org/records/competition-performance-rankings/ranking/630204
608,632383,"Régionaux individuels CA à SE, Parc des Sports C. Ehrmann, Nice",FRA,29 JUN 2024,30 JUN 2024,15,628,68264,606,68279,https://worldathletics.org/records/competition-performance-rankings/ranking/632383
609,630809,"Oliympic Trial, U18 National Team Selection Competition, Atatürk Stadyumu, Izmir",TUR,01 JUN 2024,02 JUN 2024,15,628,68262,608,68277,https://worldathletics.org/records/competition-performance-rankings/ranking/630809
610,630342,"Nationales Nachwuchsmeeting, Stadion Wankdorf, Bern",SUI,26 MAY 2024,26 MAY 2024,25,557,68251,609,68276,https://worldathletics.org/records/competition-performance-rankings/ranking/630342
611,633272,"Croatian U20 Championships, Stadion ŠC Sloboda, Varaždin",CRO,27 JUL 2024,28 JUL 2024,5,754,68269,605,68274,https://worldathletics.org/records/competition-performance-rankings/ranking/633272
612,630504,"Meeting International de Dakar, Stade Annexe d’Abdoulaye Wade, Dakar",SEN,25 MAY 2024,25 MAY 2024,130,292,68141,616,68271,https://worldathletics.org/records/competition-performance-rankings/ranking/630504
613,629775,"Memorial Jose Luis Hernandez, Estadio de Larrabide, Pamplona",ESP,17 MAY 2024,17 MAY 2024,120,311,68108,619,68228,https://worldathletics.org/records/competition-performance-rankings/ranking/629775
614,627257,"Virginia Triangular, UVA Lanningan Field, Charlottesville, VA",USA,23 MAR 2024,23 MAR 2024,0,,68224,610,68224,https://worldathletics.org/records/competition-performance-rankings/ranking/627257
615,629477,"DSC-Meeting, Stadion Bodenbacher Straße, Dresden",GER,11 MAY 2024,11 MAY 2024,15,628,68190,612,68205,https://worldathletics.org/records/competition-performance-rankings/ranking/629477
616,630550,"Oceania Invitational, HFC Bank Stadium, Suva",FIJ,01 JUN 2024,01 JUN 2024,175,241,68007,626,68182,https://worldathletics.org/records/competition-performance-rankings/ranking/630550
617,630723,"Tjalvelekene, Bislett Stadion, Oslo",NOR,01 JUN 2024,02 JUN 2024,0,,68178,613,68178,https://worldathletics.org/records/competition-performance-rankings/ranking/630723
618,629619,"Regional (Northwest China) Invitation Meeting, Shanxi Athletics Administrative Center, Xi'an",CHN,27 APR 2024,28 APR 2024,15,628,68159,615,68174,https://worldathletics.org/records/competition-performance-rankings/ranking/629619
619,636641,"UAAP Season 87 Athletics Championships, New Clark City Stadium, New Clark City",PHI,17 NOV 2024,21 NOV 2024,0,,68163,614,68163,https://worldathletics.org/records/competition-performance-rankings/ranking/636641
620,628918,"Meeting do Trabalhador, Estádio 1o de Maio, Lisboa",POR,01 MAY 2024,01 MAY 2024,60,415,68092,620,68152,https://worldathletics.org/records/competition-performance-rankings/ranking/628918
621,630388,"2. kolo I. ligy mužů a žen, skupina A, Atletický stadion Slavia Praha, Praha",CZE,25 MAY 2024,25 MAY 2024,120,311,68021,625,68141,https://worldathletics.org/records/competition-performance-rankings/ranking/630388
622,627979,"Cactus Cup, Javelina Stadium, Kingsville, TX",USA,13 APR 2024,13 APR 2024,5,754,68125,617,68130,https://worldathletics.org/records/competition-performance-rankings/ranking/627979
623,633019,"French U18 Championships, Stadium Municipal, Albi",FRA,19 JUL 2024,21 JUL 2024,0,,68124,618,68124,https://worldathletics.org/records/competition-performance-rankings/ranking/633019
624,630273,"Athletic Meeting ''Spring Challenge'', Atletski stadion Poljane, Maribor",SLO,25 MAY 2024,26 MAY 2024,20,589,68061,622,68081,https://worldathletics.org/records/competition-performance-rankings/ranking/630273
625,635425,"6th Chukyo University Saturday Competition, Chukyo University Athletics Field, Toyota",JPN,26 OCT 2024,27 OCT 2024,5,754,68071,621,68076,https://worldathletics.org/records/competition-performance-rankings/ranking/635425
626,629846,"III Meeting de Atletismo Coria del Rio-Premio Rogelio Sale, Pista atletismo Rogelio Sales Llano, Coria del Rio",ESP,15 MAY 2024,15 MAY 2024,0,,68056,624,68056,https://worldathletics.org/records/competition-performance-rankings/ranking/629846
627,631623,"Pré -Régionaux individuels CA à SE, Stade M. Chevalier, Cannes",FRA,15 JUN 2024,16 JUN 2024,30,527,68003,627,68033,https://worldathletics.org/records/competition-performance-rankings/ranking/631623
628,628604,"3º Desafio CBAt/CPB, Centro de Treinamento Paralímpico Brasileiro, São Paulo",BRA,28 APR 2024,28 APR 2024,155,260,67838,635,67993,https://worldathletics.org/records/competition-performance-rankings/ranking/628604
629,635487,"Regional (Beijing-Tianjin-Hebei) Invitation Meeting, Handan Sports Center, Handan",CHN,17 OCT 2024,18 OCT 2024,0,,67979,628,67979,https://worldathletics.org/records/competition-performance-rankings/ranking/635487
630,631549,"Copenhagen Open, Hvidovre Stadion, Hvidovre",DEN,15 JUN 2024,16 JUN 2024,60,415,67914,629,67974,https://worldathletics.org/records/competition-performance-rankings/ranking/631549
631,630187,"Spanish Clubs Championships Primera Division Liga Iberdrola-Final, Pistes d'atletisme Gaetà Huguet, Castellón",ESP,25 MAY 2024,25 MAY 2024,15,628,67913,630,67928,https://worldathletics.org/records/competition-performance-rankings/ranking/630187
632,633575,"Pražské Memoriály, Atletický stadion Slavia Praha, Praha",CZE,13 AUG 2024,13 AUG 2024,0,,67896,631,67896,https://worldathletics.org/records/competition-performance-rankings/ranking/633575
633,628904,"Championnats de Belgique Universitaire, Centre Adeps de Jambes, Namur",BEL,01 MAY 2024,01 MAY 2024,25,557,67863,633,67888,https://worldathletics.org/records/competition-performance-rankings/ranking/628904
634,631955,"Slovenian U23 Championships, Športni park, Nova Gorica",SLO,22 JUN 2024,23 JUN 2024,0,,67870,632,67870,https://worldathletics.org/records/competition-performance-rankings/ranking/631955
635,629130,"Meeting ASA THOP, Stade A. Delaune, Maisons-Alfort",FRA,04 MAY 2024,05 MAY 2024,10,688,67849,634,67859,https://worldathletics.org/records/competition-performance-rankings/ranking/629130
636,626989,"South Alabama Invitational, Jaguar Track, Mobile, AL",USA,15 MAR 2024,16 MAR 2024,65,402,67788,638,67853,https://worldathletics.org/records/competition-performance-rankings/ranking/626989
637,627991,"Spanish Clubs Championships Division Honor Liga Iberdrola Leg 1-Match A, Estadi Joan Serrahima, Barcelona",ESP,13 APR 2024,13 APR 2024,15,628,67831,636,67846,https://worldathletics.org/records/competition-performance-rankings/ranking/627991
638,631198,"3. kolo I. ligy, skupina A, Atletický stadion U sv. Anny, Pacov",CZE,08 JUN 2024,08 JUN 2024,120,311,67696,645,67816,https://worldathletics.org/records/competition-performance-rankings/ranking/631198
639,631080,"Championnats Vallée du Rhône CJES, Parc Départemental de Parilly, Vénissieux",FRA,09 JUN 2024,09 JUN 2024,0,,67811,637,67811,https://worldathletics.org/records/competition-performance-rankings/ranking/631080
640,634636,"33° Copa Nacional Clubes Mayores, Pista de Atletismo Justo Román, Mar del Plata",ARG,05 OCT 2024,06 OCT 2024,40,485,67765,642,67805,https://worldathletics.org/records/competition-performance-rankings/ranking/634636
641,633655,"Eltsun kansalliset, Eläintarhan urheilukenttä, Helsinki",FIN,21 AUG 2024,21 AUG 2024,25,557,67759,643,67784,https://worldathletics.org/records/competition-performance-rankings/ranking/633655
642,626447,"First Qualifier-LAI, Pista UAGM, Gurabo",PUR,23 FEB 2024,24 FEB 2024,10,688,67773,639,67783,https://worldathletics.org/records/competition-performance-rankings/ranking/626447
643,628831,"The 1st Chukyo University Saturday Competition, Chukyo University Athletics Field, Toyota",JPN,27 APR 2024,28 APR 2024,5,754,67769,640,67774,https://worldathletics.org/records/competition-performance-rankings/ranking/628831
644,632876,"Campinati Regionali Ind. su Pista Junior/Promesse, Campo Sportivo Putti, Bergamo",ITA,13 JUL 2024,13 JUL 2024,0,,67768,641,67768,https://worldathletics.org/records/competition-performance-rankings/ranking/632876
645,631970,"Competitie 1e Divisie Poule 2 R3, Atletiekbaan De Aarhoek, Alphen aan den Rijn",NED,23 JUN 2024,23 JUN 2024,50,442,67681,646,67731,https://worldathletics.org/records/competition-performance-rankings/ranking/631970
646,625064,"Pure Water/ R Danny Williams JC Meet, Jamaica College Ashenheim Stadium, Kingston",JAM,05 JAN 2024,06 JAN 2024,15,628,67700,644,67715,https://worldathletics.org/records/competition-performance-rankings/ranking/625064
647,629466,"Małopolski Memoriał Trenerów, Stadion AWF, Kraków",POL,12 MAY 2024,12 MAY 2024,25,557,67677,648,67702,https://worldathletics.org/records/competition-performance-rankings/ranking/629466
648,628026,"Asheville Bulldog Invitational, Straus Track at UNC Asheville, Asheville, NC",USA,13 APR 2024,13 APR 2024,0,,67680,647,67680,https://worldathletics.org/records/competition-performance-rankings/ranking/628026
649,633352,"Portuguese U20 Championships, Estádio Municipal Manuela Machado, Viana do Castelo",POR,27 JUL 2024,28 JUL 2024,0,,67637,649,67637,https://worldathletics.org/records/competition-performance-rankings/ranking/633352
650,632420,"Campionati Regionali Individuali Allievi, Stadio Guidobaldi, Rieti",ITA,25 JUN 2024,26 JUN 2024,35,504,67596,652,67631,https://worldathletics.org/records/competition-performance-rankings/ranking/632420
651,630172,"CGA TRACK & FIELD LEAGUE 2, Germiston Stadium, Johannesburg",RSA,03 FEB 2024,03 FEB 2024,30,527,67598,651,67628,https://worldathletics.org/records/competition-performance-rankings/ranking/630172
652,633610,"4. kolo I. ligy mužů a žen, skupina C, Stadion TJ Lokomotiva, Breclav",CZE,17 AUG 2024,17 AUG 2024,15,628,67599,650,67614,https://worldathletics.org/records/competition-performance-rankings/ranking/633610
653,632299,"Championnats d'Île-de-France U20/U18, Stade R. Bobin, Bondoufle",FRA,29 JUN 2024,30 JUN 2024,0,,67576,653,67576,https://worldathletics.org/records/competition-performance-rankings/ranking/632299
654,627995,"Spanish Clubs Championships Division Honor Liga Iberdrola-Leg 1-Match D, Complejo Deportivo Ruth Beitia, Santander",ESP,13 APR 2024,13 APR 2024,30,527,67542,657,67572,https://worldathletics.org/records/competition-performance-rankings/ranking/627995
655,630332,"Championnats de zone 75-94, Stade municipal JP Garchery, Joinville-le-Point",FRA,24 MAY 2024,26 MAY 2024,5,754,67565,654,67570,https://worldathletics.org/records/competition-performance-rankings/ranking/630332
656,630314,"Spanish Clubs Championships Primera Division Liga Joma-Final, Pistes d'atletisme Gaetà Huguet, Castellón",ESP,26 MAY 2024,26 MAY 2024,0,,67558,655,67558,https://worldathletics.org/records/competition-performance-rankings/ranking/630314
657,630902,"Colombian U20 Championships, Estadio de Atletismo de la Unidad Deportiva Centenario, Armenia",COL,31 MAY 2024,02 JUN 2024,10,688,67545,656,67555,https://worldathletics.org/records/competition-performance-rankings/ranking/630902
658,630063,"JAAA Olympic French Foray 1, National Stadium, Kingston",JAM,18 MAY 2024,18 MAY 2024,125,302,67424,667,67549,https://worldathletics.org/records/competition-performance-rankings/ranking/630063
658,630019,"Slovak Athletics League 2nd round, Štadión SNP, Banská Bystrica",SVK,19 MAY 2024,19 MAY 2024,60,415,67489,662,67549,https://worldathletics.org/records/competition-performance-rankings/ranking/630019
660,630030,"Přebor Prahy mužů, žen, juniorů a juniorek, Stadion Juliska, Praha",CZE,18 MAY 2024,19 MAY 2024,25,557,67515,660,67540,https://worldathletics.org/records/competition-performance-rankings/ranking/630030
661,640950,"National Clubs League Second Leg, 5 Mordad Stadium, Arak",IRI,22 AUG 2024,23 AUG 2024,5,754,67526,658,67531,https://worldathletics.org/records/competition-performance-rankings/ranking/640950
662,628341,"UW-La Crosse Phil Esten Challenge, Veterans Memorial Stadium, La Crosse, WI",USA,19 APR 2024,20 APR 2024,0,,67518,659,67518,https://worldathletics.org/records/competition-performance-rankings/ranking/628341
663,631842,"Meeting Robert Bobin, Stade R. Quintard, Cerizay",FRA,22 JUN 2024,22 JUN 2024,0,,67509,661,67509,https://worldathletics.org/records/competition-performance-rankings/ranking/631842
664,632018,"České akademické hry - Atletika, Sport Park Liberec, Liberec",CZE,25 JUN 2024,25 JUN 2024,15,628,67478,664,67493,https://worldathletics.org/records/competition-performance-rankings/ranking/632018
665,629963,"Pfingstsportfest - THE BERLIN MEETING, Stadion Lichterfelde, Berlin",GER,18 MAY 2024,19 MAY 2024,5,754,67486,663,67491,https://worldathletics.org/records/competition-performance-rankings/ranking/629963
666,631723,"Grand Prix Richard Boroto Invitational Tournament, Padre Carolo, Quito",ECU,20 JUN 2024,20 JUN 2024,135,286,67348,673,67483,https://worldathletics.org/records/competition-performance-rankings/ranking/631723
667,628302,"Al Owens Classic, GVSU Track/Lacrosse Stadium, Allendale, MI",USA,19 APR 2024,20 APR 2024,125,302,67349,672,67474,https://worldathletics.org/records/competition-performance-rankings/ranking/628302
668,629983,"Otwarte mistrzostwa Mazowsza U18/U20, Stadion Zygmunta Szelesta, Warszawa",POL,18 MAY 2024,19 MAY 2024,15,628,67434,666,67449,https://worldathletics.org/records/competition-performance-rankings/ranking/629983
669,630377,"2. kolo I. ligy mužů a žen, skupina C, Stadion Mládeže, Zlín",CZE,25 MAY 2024,25 MAY 2024,0,,67444,665,67444,https://worldathletics.org/records/competition-performance-rankings/ranking/630377
670,629541,"Calgary Spring Challenge, Foothills Athletic Park, Calgary",CAN,10 MAY 2024,12 MAY 2024,20,589,67391,668,67411,https://worldathletics.org/records/competition-performance-rankings/ranking/629541
671,628297,"PURE Athletics Elite Invitational, National Training Center, Clermont, FL",USA,20 APR 2024,20 APR 2024,365,152,67041,692,67406,https://worldathletics.org/records/competition-performance-rankings/ranking/628297
672,633818,"DM Hold / National Team Championships, Odense Atletik Stadion, Odense",DEN,31 AUG 2024,31 AUG 2024,85,365,67314,675,67399,https://worldathletics.org/records/competition-performance-rankings/ranking/633818
673,627026,"Oregon State PNW Invitational, Oregon State Whyte Track and Field Center, Corvallis, OR",USA,16 MAR 2024,16 MAR 2024,15,628,67365,670,67380,https://worldathletics.org/records/competition-performance-rankings/ranking/627026
674,633479,"IBL-Sommer-Abend-Meeting, Stadion Hard, Langenthal",SUI,07 AUG 2024,07 AUG 2024,5,754,67365,670,67370,https://worldathletics.org/records/competition-performance-rankings/ranking/633479
675,631222,"11. Thuner Athletics Night, Stadion Lachen, Thun",SUI,11 JUN 2024,11 JUN 2024,0,,67369,669,67369,https://worldathletics.org/records/competition-performance-rankings/ranking/631222
676,631084,"Northern Senior & U20 Outdoor Championships 2024, Sports Village Track, Middlesbrough",GBR,08 JUN 2024,09 JUN 2024,0,,67333,674,67333,https://worldathletics.org/records/competition-performance-rankings/ranking/631084
677,632410,"International U18 Match, Štadión PFK, Piešťany",SVK,05 JUL 2024,05 JUL 2024,10,688,67314,675,67324,https://worldathletics.org/records/competition-performance-rankings/ranking/632410
678,627136,"Phoenix Invitational, Elon University’s Irwin Belk Track, Elon, NC",USA,22 MAR 2024,22 MAR 2024,0,,67306,677,67306,https://worldathletics.org/records/competition-performance-rankings/ranking/627136
679,631972,"Regionaux elite CJES, Stade Helitas, Caen",FRA,22 JUN 2024,23 JUN 2024,0,,67291,678,67291,https://worldathletics.org/records/competition-performance-rankings/ranking/631972
680,629580,"Campionatul National - Etapa 1, Stadionul Iolanda Balas Soter, Bucureşti",ROU,11 MAY 2024,12 MAY 2024,65,402,67217,682,67282,https://worldathletics.org/records/competition-performance-rankings/ranking/629580
681,628099,"2024 Asahi - Hakata Record meeting, Hakatanomori Athletic Stadium, Fukuoka",JPN,13 APR 2024,14 APR 2024,40,485,67232,680,67272,https://worldathletics.org/records/competition-performance-rankings/ranking/628099
682,630484,"2024 Nishinihon - Hakata Record meeting, Hakatanomori Athletic Stadium, Fukuoka",JPN,20 APR 2024,21 APR 2024,0,,67261,679,67261,https://worldathletics.org/records/competition-performance-rankings/ranking/630484
683,632775,"Slovenian U20 Championships, Atletski stadion Poljane, Maribor",SLO,13 JUL 2024,14 JUL 2024,0,,67229,681,67229,https://worldathletics.org/records/competition-performance-rankings/ranking/632775
684,631590,"York University TFC Twilight 4, Track and Field Centre Outdoor Track, Toronto",CAN,18 JUN 2024,18 JUN 2024,5,754,67206,683,67211,https://worldathletics.org/records/competition-performance-rankings/ranking/631590
685,627805,"GVSU Early Meet, GVSU Track/Lacrosse Stadium, Allendale, MI",USA,05 APR 2024,06 APR 2024,95,346,67101,688,67196,https://worldathletics.org/records/competition-performance-rankings/ranking/627805
686,633932,"Slovenian Team Championships, Športni center Vinko Cajnko, Slovenj Gradec",SLO,07 SEP 2024,08 SEP 2024,95,346,67092,689,67187,https://worldathletics.org/records/competition-performance-rankings/ranking/633932
687,627032,"BAAA CARIFTA Trials, T. Robinson Stadium, Nassau",BAH,15 MAR 2024,17 MAR 2024,0,,67180,684,67180,https://worldathletics.org/records/competition-performance-rankings/ranking/627032
688,630533,"Indian Grand Prix -2, Jawaharlal Nehru Stadium, Chennai",IND,30 MAY 2024,30 MAY 2024,50,442,67124,686,67174,https://worldathletics.org/records/competition-performance-rankings/ranking/630533
689,628416,"Elite & Youth Talents Event, Complexe Olympique Mohamed Boudiaf, Algiers",ALG,19 APR 2024,20 APR 2024,0,,67149,685,67149,https://worldathletics.org/records/competition-performance-rankings/ranking/628416
690,627267,"15th Takashi Yamada Memorial Athletics competition, Konoike Athletics Stadium, Nara",JPN,16 MAR 2024,17 MAR 2024,0,,67107,687,67107,https://worldathletics.org/records/competition-performance-rankings/ranking/627267
691,627052,"Campeonato Nacional de Lanzamientos y Velocidad, Pedro Grajales, Cali",COL,16 MAR 2024,17 MAR 2024,60,415,67025,693,67085,https://worldathletics.org/records/competition-performance-rankings/ranking/627052
692,629678,"GP Internacional Federación Atletismo Comunidad Valenciana Sagunto, Polideportivo Internucleos, Sagunto",ESP,15 MAY 2024,15 MAY 2024,0,,67079,690,67079,https://worldathletics.org/records/competition-performance-rankings/ranking/629678
693,631493,"Marek Zarychta Memorial, Stadion Miejski, Plock",POL,15 JUN 2024,15 JUN 2024,50,442,67014,695,67064,https://worldathletics.org/records/competition-performance-rankings/ranking/631493
694,631602,"Meeting de Romans, Stade Guillermoz, Romans",FRA,18 JUN 2024,18 JUN 2024,30,527,67025,693,67055,https://worldathletics.org/records/competition-performance-rankings/ranking/631602
695,630773,"Championnats zone individuel 95 CA-SE, Stade Nelson Mandela, Sarcelles",FRA,01 JUN 2024,02 JUN 2024,0,,67050,691,67050,https://worldathletics.org/records/competition-performance-rankings/ranking/630773
696,629453,"Championnat de France des clubs N1B Poule 3, Stade Jean Leroi, Blois",FRA,12 MAY 2024,12 MAY 2024,50,442,66978,697,67028,https://worldathletics.org/records/competition-performance-rankings/ranking/629453
697,630393,"2. kolo I. ligy skupina B, Městský stadion Jana Železného, Mlada Boleslav",CZE,25 MAY 2024,25 MAY 2024,0,,66998,696,66998,https://worldathletics.org/records/competition-performance-rankings/ranking/630393
698,634342,"MTN CHAMPS Grand Final, UJ Esuene Stadium, Calabar",NGR,30 APR 2024,03 MAY 2024,5,754,66966,698,66971,https://worldathletics.org/records/competition-performance-rankings/ranking/634342
699,630785,"Competitie 1e Divisie Poule 2 R2, Sportpark Orderbos, Apeldoorn",NED,02 JUN 2024,02 JUN 2024,0,,66944,699,66944,https://worldathletics.org/records/competition-performance-rankings/ranking/630785
700,629461,"Championnat de France des clubs N1B Poule 5, Stade de Kercado, Vannes",FRA,12 MAY 2024,12 MAY 2024,25,557,66908,702,66933,https://worldathletics.org/records/competition-performance-rankings/ranking/629461
701,627789,"Jim Vargo Invitational, Bellarmine University, Louisville, KY",USA,05 APR 2024,05 APR 2024,15,628,66916,700,66931,https://worldathletics.org/records/competition-performance-rankings/ranking/627789
702,629457,"Agram - International Athletic Meeting, Sports Park Mladost, Zagreb",CRO,11 MAY 2024,11 MAY 2024,35,504,66881,705,66916,https://worldathletics.org/records/competition-performance-rankings/ranking/629457
703,632074,"Meeting du PAC, Stade Cap De Bos - A. Nègre, Pessac",FRA,26 JUN 2024,26 JUN 2024,0,,66909,701,66909,https://worldathletics.org/records/competition-performance-rankings/ranking/632074
704,632066,"CGA TRACK & FIELD LEAGUE 4, Germiston Stadium, Johannesburg",RSA,24 FEB 2024,24 FEB 2024,5,754,66903,703,66908,https://worldathletics.org/records/competition-performance-rankings/ranking/632066
705,630814,"Campeonatos Nacionais de Clubes - Fase de Apuramento, Pista Municipal Prof. Mário Moniz Pereira, Lisboa",POR,01 JUN 2024,02 JUN 2024,60,415,66833,710,66893,https://worldathletics.org/records/competition-performance-rankings/ranking/630814
706,633522,"Norgeslekene, Friidrettsstadion, Jessheim",NOR,09 AUG 2024,11 AUG 2024,0,,66883,704,66883,https://worldathletics.org/records/competition-performance-rankings/ranking/633522
707,629451,"Championnat de France des clubs N1B Poule 1, Stade Henri Lux, St-Etienne",FRA,12 MAY 2024,12 MAY 2024,25,557,66855,708,66880,https://worldathletics.org/records/competition-performance-rankings/ranking/629451
708,629551,"Championnats Interclubs - Finale Nationale 2, Stade C. Fichot, Conflans-ste-Honorine",FRA,11 MAY 2024,11 MAY 2024,0,,66874,706,66874,https://worldathletics.org/records/competition-performance-rankings/ranking/629551
709,630661,"Croatian U20 Cup and Team Championships for Clubs, Sports Park Mladost, Zagreb",CRO,01 JUN 2024,02 JUN 2024,0,,66868,707,66868,https://worldathletics.org/records/competition-performance-rankings/ranking/630661
710,634670,"The 100th WASEDA & KEIO Athletic Meet, Keio Univ. Hiyoshi Athletics Field, Yokohama",JPN,06 JUL 2024,06 JUL 2024,0,,66839,709,66839,https://worldathletics.org/records/competition-performance-rankings/ranking/634670
711,627083,"CGA TRACK & FIELD LEAGUE 3, Germiston Stadium, Johannesburg",RSA,17 FEB 2024,17 FEB 2024,25,557,66813,712,66838,https://worldathletics.org/records/competition-performance-rankings/ranking/627083
712,626067,"Norma Croker Shield, QSAC State Athletics Facility, Nathan, Brisbane",AUS,10 FEB 2024,10 FEB 2024,0,,66830,711,66830,https://worldathletics.org/records/competition-performance-rankings/ranking/626067
713,630605,"Meeting National d'Angoulême, Stade Ma Campagne, Angoulême",FRA,31 MAY 2024,31 MAY 2024,40,485,66785,715,66825,https://worldathletics.org/records/competition-performance-rankings/ranking/630605
714,629395,"50. Paulínyi Jenő Emlékverseny, Dr. Koltai Jenő Sportközpont, Budapest",HUN,12 MAY 2024,12 MAY 2024,40,485,66772,716,66812,https://worldathletics.org/records/competition-performance-rankings/ranking/629395
715,629571,"1. liga mužů a žen, skupina B, 1. kolo, Atletické středisko Emila Zátopka, Stará Boleslav",CZE,11 MAY 2024,11 MAY 2024,0,,66802,713,66802,https://worldathletics.org/records/competition-performance-rankings/ranking/629571
716,628000,"Minnesota State Open, Track & Field Complex, Mankato, MN",USA,13 APR 2024,13 APR 2024,0,,66795,714,66795,https://worldathletics.org/records/competition-performance-rankings/ranking/628000
717,630026,"AAI May Open, Morton Stadium, Santry, Dublin",IRL,19 MAY 2024,19 MAY 2024,15,628,66767,719,66782,https://worldathletics.org/records/competition-performance-rankings/ranking/630026
718,629289,"MMaS muži,ženy,junioři,juniorky,dorostenci,dorostenky, Mestský Stadion, Ostrava",CZE,08 MAY 2024,08 MAY 2024,0,,66769,717,66769,https://worldathletics.org/records/competition-performance-rankings/ranking/629289
719,635636,"Day seven , the 34th Nara City Athletics Circuit, Konoike Athletics Stadium, Nara",JPN,03 NOV 2024,03 NOV 2024,0,,66768,718,66768,https://worldathletics.org/records/competition-performance-rankings/ranking/635636
720,625841,"Gopher Classic, Minnesota Fieldhouse, Minneapolis, MN",USA,03 FEB 2024,03 FEB 2024,0,,66766,720,66766,https://worldathletics.org/records/competition-performance-rankings/ranking/625841
720,632832,"Coast 2 Coast, Performance Centre, Gold Coast",AUS,12 JUL 2024,14 JUL 2024,0,,66766,720,66766,https://worldathletics.org/records/competition-performance-rankings/ranking/632832
722,632291,"Xrhstos Boudouris Memorial, Thiva",GRE,22 JUN 2024,22 JUN 2024,0,,66728,722,66728,https://worldathletics.org/records/competition-performance-rankings/ranking/632291
723,625248,"Campeonato Nacional por Especialidades, Estadio Brigido Iriarte, Caracas",VEN,12 JAN 2024,13 JAN 2024,15,628,66699,723,66714,https://worldathletics.org/records/competition-performance-rankings/ranking/625248
724,652118,"29th Hokushinetsu High School Rookie Track & Field Competition, Prefectural Stadium, Fukui",JPN,25 OCT 2024,27 OCT 2024,0,,66683,724,66683,https://worldathletics.org/records/competition-performance-rankings/ranking/652118
725,630703,"Mistrzostwa Wielkopolski U18 & U20, Golęcin Stadion, Poznan",POL,01 JUN 2024,02 JUN 2024,0,,66663,725,66663,https://worldathletics.org/records/competition-performance-rankings/ranking/630703
726,627933,"X Athletic Elite Meeting, Arena Civica Gianni Brera, Milano",ITA,13 APR 2024,13 APR 2024,10,688,66636,726,66646,https://worldathletics.org/records/competition-performance-rankings/ranking/627933
727,629695,"Yorkshire County Athletics Association Track and Field Championships, Dorothy Hyman Stadium, Cudworth",GBR,11 MAY 2024,12 MAY 2024,0,,66631,727,66631,https://worldathletics.org/records/competition-performance-rankings/ranking/629695
728,634695,"The 26th Shikoku High School Athletics Rookie Tournament, Ehime Athletics Stadium, Matsuyama",JPN,05 OCT 2024,06 OCT 2024,0,,66619,728,66619,https://worldathletics.org/records/competition-performance-rankings/ranking/634695
729,631110,"Ogólnopolski mityng warszawski, Stadion Zygmunta Szelesta, Warszawa",POL,08 JUN 2024,08 JUN 2024,0,,66610,729,66610,https://worldathletics.org/records/competition-performance-rankings/ranking/631110
730,627070,"WT Spring Break Open, West Texas A&M University Track & Soccer Complex, Canyon, TX",USA,15 MAR 2024,16 MAR 2024,0,,66602,730,66602,https://worldathletics.org/records/competition-performance-rankings/ranking/627070
731,630311,"Spanish Clubs Championships Primera Division Liga Joma-Permanence, Estadio Vallehermoso, Madrid",ESP,26 MAY 2024,26 MAY 2024,5,754,66595,731,66600,https://worldathletics.org/records/competition-performance-rankings/ranking/630311
732,629452,"Championnat de France des clubs N1B Poule 2, Stade de Beaublanc, Limoges",FRA,12 MAY 2024,12 MAY 2024,5,754,66569,732,66574,https://worldathletics.org/records/competition-performance-rankings/ranking/629452
733,629746,"68º Campeonato Paranaense Adulto de Atletismo, Pista de Atletismo de Foz do Iguaçú, Foz do Iguacu",BRA,11 MAY 2024,12 MAY 2024,10,688,66545,733,66555,https://worldathletics.org/records/competition-performance-rankings/ranking/629746
734,628328,"Manifestazione d'apertura, Stadio Guidobaldi, Rieti",ITA,20 APR 2024,21 APR 2024,40,485,66508,735,66548,https://worldathletics.org/records/competition-performance-rankings/ranking/628328
735,625152,"Garry Brown Shield, QSAC State Athletics Facility, Nathan, Brisbane",AUS,13 JAN 2024,13 JAN 2024,50,442,66480,737,66530,https://worldathletics.org/records/competition-performance-rankings/ranking/625152
736,630381,"Coupe excellence #2, Piste Ben Leduc, Montréal",CAN,25 MAY 2024,25 MAY 2024,0,,66511,734,66511,https://worldathletics.org/records/competition-performance-rankings/ranking/630381
737,635608,"40th Hokkaido High School Rookies’ Meeting, Irie Stadium, Muroran",JPN,18 SEP 2024,20 SEP 2024,0,,66500,736,66500,https://worldathletics.org/records/competition-performance-rankings/ranking/635608
738,630315,"Israeli League Cup, Hadar Yosef Stadium, Tel Aviv",ISR,25 MAY 2024,26 MAY 2024,20,589,66419,739,66439,https://worldathletics.org/records/competition-performance-rankings/ranking/630315
739,629708,"Essex County Championships, Chelmsford Sport And Athletics Centre Melbourne Park, Chelmsford",GBR,11 MAY 2024,12 MAY 2024,10,688,66413,740,66423,https://worldathletics.org/records/competition-performance-rankings/ranking/629708
739,634226,"Flag of MCST 45th National Athletics Meeting, Gimhae",KOR,17 AUG 2024,19 AUG 2024,0,,66423,738,66423,https://worldathletics.org/records/competition-performance-rankings/ranking/634226
741,630640,"Meeting National de Pézenas, Stade Municipal, Pezenas",FRA,01 JUN 2024,01 JUN 2024,0,,66359,741,66359,https://worldathletics.org/records/competition-performance-rankings/ranking/630640
742,629712,"Oliymic Trial, Atatürk Stadyumu, Izmir",TUR,11 MAY 2024,12 MAY 2024,45,463,66311,745,66356,https://worldathletics.org/records/competition-performance-rankings/ranking/629712
742,631019,"13. Chimonidia Meeting, Kaftanzoglio Stadium, Thessaloniki",GRE,08 JUN 2024,08 JUN 2024,5,754,66351,742,66356,https://worldathletics.org/records/competition-performance-rankings/ranking/631019
744,625141,"Illawarra Track Challenge, Kerryn McCann Athletic Centre, Wollongong",AUS,13 JAN 2024,13 JAN 2024,50,442,66304,747,66354,https://worldathletics.org/records/competition-performance-rankings/ranking/625141
745,626927,"1º Circuito Paulista OPEN, Centro de Atletismo Professor Oswaldo Terra, Sao Bernardo do Campo",BRA,09 MAR 2024,09 MAR 2024,80,376,66272,751,66352,https://worldathletics.org/records/competition-performance-rankings/ranking/626927
746,630376,"Championnats de zone l'Essonne CJES, Complexe Sportif Stéphane Diagana, Lisses",FRA,25 MAY 2024,26 MAY 2024,0,,66346,743,66346,https://worldathletics.org/records/competition-performance-rankings/ranking/630376
747,631205,"Tilastopajacup 4, Paavo Nurmen Stadion, Turku",FIN,11 JUN 2024,11 JUN 2024,10,688,66316,744,66326,https://worldathletics.org/records/competition-performance-rankings/ranking/631205
748,632543,"Régionaux CA à SE sauf 1/2 fond, Stade Léo Lagrange, Lens",FRA,07 JUL 2024,07 JUL 2024,15,628,66310,746,66325,https://worldathletics.org/records/competition-performance-rankings/ranking/632543
749,628895,"Chpts Interclubs LIFA - Elite-N1-N2 - Poule B, Stade des Maradas, Cergy-Pontoise",FRA,28 APR 2024,28 APR 2024,15,628,66304,747,66319,https://worldathletics.org/records/competition-performance-rankings/ranking/628895
750,635681,"Juegos Deportivos Nacionales, Pista Atlética Lázaro Escobar, Temuco",CHI,04 OCT 2024,05 OCT 2024,115,323,66187,757,66302,https://worldathletics.org/records/competition-performance-rankings/ranking/635681
751,633763,"Oliympic Trial, Athletics Stadium, Konya",TUR,10 AUG 2024,11 AUG 2024,0,,66295,749,66295,https://worldathletics.org/records/competition-performance-rankings/ranking/633763
752,634495,"The 5th Chukyo University Saturday Competition, Chukyo University Athletics Field, Toyota",JPN,28 SEP 2024,29 SEP 2024,0,,66291,750,66291,https://worldathletics.org/records/competition-performance-rankings/ranking/634495
753,628765,"Jay Carisella Coaches Invitational, Solomon Track & Field Facility, Dedham, MA",USA,27 APR 2024,27 APR 2024,35,504,66251,752,66286,https://worldathletics.org/records/competition-performance-rankings/ranking/628765
754,629025,"Portland Twilight, Griswold Stadium, Portland, OR",USA,04 MAY 2024,04 MAY 2024,80,376,66164,760,66244,https://worldathletics.org/records/competition-performance-rankings/ranking/629025
755,631202,"3. kolo I. ligy mužů a žen, skupina B, General Klapálek ́s stadium, Nové Město nad Metují",CZE,08 JUN 2024,08 JUN 2024,0,,66242,753,66242,https://worldathletics.org/records/competition-performance-rankings/ranking/631202
756,635252,"22nd Flag of KJAF President National Middle&High School Athletics Championships, Jeongseon Sports Complex, Jeongseon",KOR,19 JUL 2024,22 JUL 2024,0,,66219,754,66219,https://worldathletics.org/records/competition-performance-rankings/ranking/635252
757,630395,"14 Copa Autonomy Qro 2024, Pista de Atletismo del Parque Querétaro, Queretaro",MEX,25 MAY 2024,26 MAY 2024,15,628,66200,756,66215,https://worldathletics.org/records/competition-performance-rankings/ranking/630395
758,630789,"Sävedalsspelen, Björlandavallen, Göteborg",SWE,01 JUN 2024,02 JUN 2024,0,,66205,755,66205,https://worldathletics.org/records/competition-performance-rankings/ranking/630789
759,631456,"Chpts Grand-Est Elite, Stade Raymond Petit, Tomblaine",FRA,15 JUN 2024,15 JUN 2024,5,754,66183,758,66188,https://worldathletics.org/records/competition-performance-rankings/ranking/631456
760,629200,"1. semifinále MMaS družstev mládeže, Mestský Stadion, Ostrava",CZE,05 MAY 2024,05 MAY 2024,0,,66170,759,66170,https://worldathletics.org/records/competition-performance-rankings/ranking/629200
761,630008,"C.D.S: Regionale su Pista Allievi/Allieve, Stadio Guidobaldi, Rieti",ITA,18 MAY 2024,19 MAY 2024,5,754,66152,761,66157,https://worldathletics.org/records/competition-performance-rankings/ranking/630008
762,634590,"Mistrovství ČR juniorů a juniorek, Atletický stadion Mirka Tučka, Kolin",CZE,05 OCT 2024,05 OCT 2024,20,589,66134,762,66154,https://worldathletics.org/records/competition-performance-rankings/ranking/634590
763,630157,"Meeting Toulon Provence Méditérranée, Stade L. Lagrange, Toulon",FRA,24 MAY 2024,24 MAY 2024,75,386,66058,769,66133,https://worldathletics.org/records/competition-performance-rankings/ranking/630157
764,630940,"National Athletics League - Regional East, Chelmsford Sport And Athletics Centre Melbourne Park, Chelmsford",GBR,01 JUN 2024,01 JUN 2024,20,589,66109,764,66129,https://worldathletics.org/records/competition-performance-rankings/ranking/630940
765,630571,"Irish Schools National Championships, Tullamore Harriers AC Stadium, Tullamore",IRL,31 MAY 2024,01 JUN 2024,0,,66120,763,66120,https://worldathletics.org/records/competition-performance-rankings/ranking/630571
766,628059,"World Athletics Relays Bahamas 24 Test Event, T. Robinson Stadium, Nassau",BAH,11 APR 2024,14 APR 2024,0,,66102,765,66102,https://worldathletics.org/records/competition-performance-rankings/ranking/628059
767,627771,"Third Qualifier - LAI, Estadio Jose A. Figueroa Freyre, Mayagüez",PUR,05 APR 2024,06 APR 2024,0,,66091,766,66091,https://worldathletics.org/records/competition-performance-rankings/ranking/627771
768,634084,"Brazilian U18 Championships, Pista de Atletismo da UFPE, Recifé",BRA,13 SEP 2024,15 SEP 2024,0,,66070,767,66070,https://worldathletics.org/records/competition-performance-rankings/ranking/634084
769,628779,"EKU Rick Erdmann Twilight, Tom Samuels Track, Richmond, KY",USA,27 APR 2024,27 APR 2024,0,,66069,768,66069,https://worldathletics.org/records/competition-performance-rankings/ranking/628779
770,628057,"2nd Kyushu Kyoritsu University Challenge Competition, Kyushu Kyoritsu University Stadium, Kitakyushu",JPN,13 APR 2024,14 APR 2024,35,504,66026,773,66061,https://worldathletics.org/records/competition-performance-rankings/ranking/628057
771,627302,"Penn Challenge, Franklin Field, Philadelphia, PA",USA,23 MAR 2024,23 MAR 2024,0,,66058,769,66058,https://worldathletics.org/records/competition-performance-rankings/ranking/627302
772,630788,"Offene TH/SH Einkampfmeisterschaften, Kleine Allmend, Frauenfeld",SUI,01 JUN 2024,02 JUN 2024,25,557,66027,772,66052,https://worldathletics.org/records/competition-performance-rankings/ranking/630788
773,628559,"Chpts Interclubs LIFA - Elite-N1-N2 - Poule A, Stade Philippe Mahut, Fontainebleau",FRA,27 APR 2024,27 APR 2024,0,,66047,771,66047,https://worldathletics.org/records/competition-performance-rankings/ranking/628559
774,631396,"Meeting Rocket Soda, Stade Henri Lux, St-Etienne",FRA,14 JUN 2024,14 JUN 2024,15,628,65978,774,65993,https://worldathletics.org/records/competition-performance-rankings/ranking/631396
775,629579,"Serbian Cup - Serbia Qualification, Atletski Stadion, Kraljevo",SRB,11 MAY 2024,12 MAY 2024,10,688,65950,775,65960,https://worldathletics.org/records/competition-performance-rankings/ranking/629579
776,629016,"Fighting Illini Tune -Up, Demirjian Park, Champaign, IL",USA,04 MAY 2024,04 MAY 2024,160,254,65793,782,65953,https://worldathletics.org/records/competition-performance-rankings/ranking/629016
777,629521,"1. kolo I. ligy mužů a žen, skupina A, Městský stadion Střelnice, Domažlice",CZE,11 MAY 2024,11 MAY 2024,120,311,65807,781,65927,https://worldathletics.org/records/competition-performance-rankings/ranking/629521
778,630480,"The 2nd Chukyo University Saturday Competition, Chukyo University Athletics Field, Toyota",JPN,18 MAY 2024,19 MAY 2024,10,688,65906,776,65916,https://worldathletics.org/records/competition-performance-rankings/ranking/630480
779,629522,"Championnats Interclubs LIFA - Finale Promotion N2A, Stade Alain Mimoun, Noisy-le-Grand",FRA,12 MAY 2024,12 MAY 2024,15,628,65880,777,65895,https://worldathletics.org/records/competition-performance-rankings/ranking/629522
780,631854,"Spanish U18 Championships by Regional Federations, Centro Galego de Tecnificación, Pontevedra",ESP,22 JUN 2024,22 JUN 2024,0,,65879,778,65879,https://worldathletics.org/records/competition-performance-rankings/ranking/631854
781,631061,"Argentinian U20 Championships, CeNARD, Buenos Aires",ARG,08 JUN 2024,09 JUN 2024,0,,65849,779,65849,https://worldathletics.org/records/competition-performance-rankings/ranking/631061
782,631962,"Championnats régionaux, Stade Municipal, Vineuil",FRA,22 JUN 2024,23 JUN 2024,0,,65839,780,65839,https://worldathletics.org/records/competition-performance-rankings/ranking/631962
783,629949,"Serbian Cup -Serbia Qualification, Atletski stadion, Sremska Mitrovica",SRB,18 MAY 2024,19 MAY 2024,30,527,65752,783,65782,https://worldathletics.org/records/competition-performance-rankings/ranking/629949
784,628788,"Day one,the 34th Nara City Athletics Circuit, Konoike Athletics Stadium, Nara",JPN,21 APR 2024,21 APR 2024,15,628,65729,784,65744,https://worldathletics.org/records/competition-performance-rankings/ranking/628788
785,633357,"Perak Open - Cahya Mata Sarawak Super Series 2, Stadium Perak Ipoh & Stadium Ragbi Ipoh, Ipoh",MAS,10 MAY 2024,12 MAY 2024,5,754,65705,785,65710,https://worldathletics.org/records/competition-performance-rankings/ranking/633357
786,627804,"Irish Universities Track and Field Championships, Mary Peters Track, Belfast",GBR,05 APR 2024,06 APR 2024,10,688,65679,788,65689,https://worldathletics.org/records/competition-performance-rankings/ranking/627804
787,629207,"Campeonato Paulista Loterias Caixa de Atletismo U20, COTP Stadium, São Paulo",BRA,04 MAY 2024,05 MAY 2024,0,,65685,786,65685,https://worldathletics.org/records/competition-performance-rankings/ranking/629207
788,630197,"Spanish Clubs Championships Primera Division Liga Iberdrola-Permanence, Mendizorrotza, Vitoria",ESP,25 MAY 2024,25 MAY 2024,0,,65680,787,65680,https://worldathletics.org/records/competition-performance-rankings/ranking/630197
789,634013,"UK School Games National Final, Paula Radcliffe Stadium, Loughborough",GBR,30 AUG 2024,31 AUG 2024,0,,65678,789,65678,https://worldathletics.org/records/competition-performance-rankings/ranking/634013
790,632092,"Olympic Youth Days, Regional Sport Complex, Brest",BLR,25 JUN 2024,26 JUN 2024,0,,65655,790,65655,https://worldathletics.org/records/competition-performance-rankings/ranking/632092
791,630306,"Vasilis Sevastis Memorial, Pampeloponnisiako Stadium, Patra",GRE,25 MAY 2024,25 MAY 2024,0,,65650,791,65650,https://worldathletics.org/records/competition-performance-rankings/ranking/630306
792,631278,"Aluemestaruuskilpailut, Eteläinen alue, Klaukkalan urheilukenttä, Nurmijärvi",FIN,11 JUN 2024,12 JUN 2024,20,589,65617,792,65637,https://worldathletics.org/records/competition-performance-rankings/ranking/631278
793,625568,"Denise Boyd Shield, QSAC State Athletics Facility, Nathan, Brisbane",AUS,27 JAN 2024,27 JAN 2024,25,557,65588,793,65613,https://worldathletics.org/records/competition-performance-rankings/ranking/625568
794,633634,"4. kolo I. ligy mužů a žen, skupina A, Atletický stadion Děkanka, Praha",CZE,18 AUG 2024,18 AUG 2024,15,628,65569,795,65584,https://worldathletics.org/records/competition-performance-rankings/ranking/633634
795,631074,"The 3rd Chukyo University Saturday Competition, Chukyo University Athletics Field, Toyota",JPN,01 JUN 2024,02 JUN 2024,0,,65576,794,65576,https://worldathletics.org/records/competition-performance-rankings/ranking/631074
796,630344,"Match des 6 cantons romands, Stade de l'Ancien Stand, Sion",SUI,26 MAY 2024,26 MAY 2024,5,754,65566,797,65571,https://worldathletics.org/records/competition-performance-rankings/ranking/630344
797,630969,"Meeting Città della Quintana, Stadio Enzo Blasone, Foligno",ITA,06 JUN 2024,06 JUN 2024,0,,65567,796,65567,https://worldathletics.org/records/competition-performance-rankings/ranking/630969
798,631532,"South-West Schools' AA Track and Field Championships, Exeter Arena Athletics Stadium, Exeter",GBR,15 JUN 2024,15 JUN 2024,0,,65561,798,65561,https://worldathletics.org/records/competition-performance-rankings/ranking/631532
799,631356,"ARAK TOP lista verseny, Bregyó Athletic Center, Székesfehérvár",HUN,14 JUN 2024,14 JUN 2024,0,,65560,799,65560,https://worldathletics.org/records/competition-performance-rankings/ranking/631356
800,630714,"2. kolo Mistrovství Moravy a Slezska družstev mládeže, Stadion TJ Lokomotiva Olomouc,, Olomouc",CZE,01 JUN 2024,01 JUN 2024,0,,65559,800,65559,https://worldathletics.org/records/competition-performance-rankings/ranking/630714
801,635288,"53rd Fall National Middle&High School Athletics Meeting, Boeun Public Stadium, Boeun",KOR,08 AUG 2024,12 AUG 2024,0,,65552,801,65552,https://worldathletics.org/records/competition-performance-rankings/ranking/635288
802,632547,"Tofalia 2024, Pampeloponnisiako Stadium, Patra",GRE,07 JUL 2024,07 JUL 2024,5,754,65537,802,65542,https://worldathletics.org/records/competition-performance-rankings/ranking/632547
803,630276,"Sportland Cup III, Jāņa Daliņa Stadium, Valmiera",LAT,25 MAY 2024,25 MAY 2024,0,,65468,803,65468,https://worldathletics.org/records/competition-performance-rankings/ranking/630276
804,633718,"Uppsalaspelen, Uppsala Friidrottsarena, Uppsala",SWE,23 AUG 2024,25 AUG 2024,0,,65466,804,65466,https://worldathletics.org/records/competition-performance-rankings/ranking/633718
805,628754,"Sycamore Open, Gibson Track & Field Complex, Terre Haute, IN",USA,27 APR 2024,27 APR 2024,20,589,65435,805,65455,https://worldathletics.org/records/competition-performance-rankings/ranking/628754
806,633711,"Argentinian U23 Championships, Pista de Atletismo Pedro Presti, San Luis",ARG,24 AUG 2024,25 AUG 2024,0,,65400,806,65400,https://worldathletics.org/records/competition-performance-rankings/ranking/633711
807,629164,"WVU Last Chance, The TF Complex at Mylan Park, Morgantown, WV",USA,04 MAY 2024,04 MAY 2024,0,,65381,807,65381,https://worldathletics.org/records/competition-performance-rankings/ranking/629164
808,630606,"XXXVI Encuentro de Atletismo Diputación de Cáceres, Pista de Atletismo El Cuartillo, Cáceres",ESP,31 MAY 2024,31 MAY 2024,30,527,65342,808,65372,https://worldathletics.org/records/competition-performance-rankings/ranking/630606
809,633759,"Slovak Athletics League 3rd round, Mestský atletický štadión Antona Hajmássyho, Trnava",SVK,29 AUG 2024,29 AUG 2024,25,557,65320,811,65345,https://worldathletics.org/records/competition-performance-rankings/ranking/633759
810,632233,"National Athletics League - Regional East, StoneX Stadium, Hendon, London",GBR,22 JUN 2024,22 JUN 2024,5,754,65338,809,65343,https://worldathletics.org/records/competition-performance-rankings/ranking/632233
811,625784,"Joanna Stone Shield, QSAC State Athletics Facility, Nathan, Brisbane",AUS,03 FEB 2024,03 FEB 2024,80,376,65256,815,65336,https://worldathletics.org/records/competition-performance-rankings/ranking/625784
812,633849,"Belgian U18 Championships, Stade du Parc de la Dodaine, Nivelles",BEL,31 AUG 2024,01 SEP 2024,0,,65330,810,65330,https://worldathletics.org/records/competition-performance-rankings/ranking/633849
813,630567,"BIG, Horspath Athletics Track, Oxford",GBR,25 MAY 2024,25 MAY 2024,45,463,65283,813,65328,https://worldathletics.org/records/competition-performance-rankings/ranking/630567
814,633286,"Westinghouse Gurkspel, Arosvallen, Västerås",SWE,27 JUL 2024,28 JUL 2024,0,,65286,812,65286,https://worldathletics.org/records/competition-performance-rankings/ranking/633286
815,628392,"Hopkins Loyola Invitational, Johns Hopkins/Loyola Track & Field Complex, Baltimore, MD",USA,20 APR 2024,20 APR 2024,0,,65262,814,65262,https://worldathletics.org/records/competition-performance-rankings/ranking/628392
816,628631,"Grand Prix Mingels, Boudewijnstadion, Bruxelles",BEL,28 APR 2024,28 APR 2024,20,589,65240,816,65260,https://worldathletics.org/records/competition-performance-rankings/ranking/628631
817,628630,"1er tour des interclubs Poule N2 N1 Ille et Vilaine, Stade Mainguet, Montfort-sur-Meu",FRA,28 APR 2024,28 APR 2024,5,754,65203,817,65208,https://worldathletics.org/records/competition-performance-rankings/ranking/628630
818,631787,"Triveneto Meeting Internazionale, Campo Sportivo G. Draghicchio, Trieste",ITA,22 JUN 2024,22 JUN 2024,115,323,65026,826,65141,https://worldathletics.org/records/competition-performance-rankings/ranking/631787
819,636287,"Benita Willis Shield & Queensland 5000m Championships, QSAC State Athletics Facility, Nathan, Brisbane",AUS,23 NOV 2024,23 NOV 2024,0,,65130,818,65130,https://worldathletics.org/records/competition-performance-rankings/ranking/636287
820,630671,"Meeting National de Poitiers, Stade Paul Rebeilleau, Poitiers",FRA,02 JUN 2024,02 JUN 2024,40,485,65076,820,65116,https://worldathletics.org/records/competition-performance-rankings/ranking/630671
821,633632,"4. kolo I. ligy mužů a žen, skupina B, Atletický stadion Střelnice, Jablonec nad Nisou",CZE,18 AUG 2024,18 AUG 2024,0,,65088,819,65088,https://worldathletics.org/records/competition-performance-rankings/ranking/633632
822,633529,"Cupa Romaniei Seniori si U20, Stadionul de atletism ""Nicolae Mărășescu"", Craiova",ROU,10 AUG 2024,11 AUG 2024,55,431,65022,827,65077,https://worldathletics.org/records/competition-performance-rankings/ranking/633529
823,633837,"Dinamo-Zrinjevac -International Athletic Meeting, Sports Park Mladost, Zagreb",CRO,03 SEP 2024,03 SEP 2024,190,231,64884,835,65074,https://worldathletics.org/records/competition-performance-rankings/ranking/633837
824,633994,"Belgian U20 Championships, VITA Atletiek, Ninove",BEL,08 SEP 2024,08 SEP 2024,0,,65067,821,65067,https://worldathletics.org/records/competition-performance-rankings/ranking/633994
825,632827,"Campeonato Nacional de Clubes - 2ª divisão, Estádio Municipal Fontelo, Viseu",POR,13 JUL 2024,14 JUL 2024,0,,65064,822,65064,https://worldathletics.org/records/competition-performance-rankings/ranking/632827
826,626958,"Myrtle Beach Collegiate Challenge, Doug Shaw Memorial Stadium, Myrtle Beach, SC",USA,08 MAR 2024,09 MAR 2024,0,,65061,823,65061,https://worldathletics.org/records/competition-performance-rankings/ranking/626958
827,632977,"Hamilton PB Twilight, Campbell Track, Hamilton",CAN,14 JUL 2024,14 JUL 2024,0,,65046,824,65046,https://worldathletics.org/records/competition-performance-rankings/ranking/632977
828,628437,"4eme Meeting Interclubs, Stade de la Réunification de Bepanda, Douala",CMR,20 APR 2024,21 APR 2024,5,754,65038,825,65043,https://worldathletics.org/records/competition-performance-rankings/ranking/628437
829,631579,"Campionatul National Seniori, U23, U20 - Etapa 2, Stadionul de atletism ""Nicolae Mărășescu"", Craiova",ROU,15 JUN 2024,16 JUN 2024,0,,65017,828,65017,https://worldathletics.org/records/competition-performance-rankings/ranking/631579
830,628087,"Memorial Rafael Fortún, Pista Rafael Fortun Chacon, Camagüey",CUB,10 APR 2024,12 APR 2024,35,504,64947,830,64982,https://worldathletics.org/records/competition-performance-rankings/ranking/628087
831,629168,"6to Festival Atlético, Estadio Heriberto Jara Corona, Xalapa",MEX,19 APR 2024,21 APR 2024,5,754,64970,829,64975,https://worldathletics.org/records/competition-performance-rankings/ranking/629168
832,627240,"3rd Miyazaki Athletics Records Meeting, Municipal Stadium, Miyazaki",JPN,23 MAR 2024,24 MAR 2024,15,628,64938,831,64953,https://worldathletics.org/records/competition-performance-rankings/ranking/627240
833,629816,"39th SELL Suomija, Estija, Latvija, Lietuva Students Games, Sport Center Stadium, Birstonas",LTU,17 MAY 2024,18 MAY 2024,0,,64925,832,64925,https://worldathletics.org/records/competition-performance-rankings/ranking/629816
833,630942,"National Athletics League - Regional North, Harvey Hadden Stadium, Nottingham",GBR,01 JUN 2024,01 JUN 2024,0,,64925,832,64925,https://worldathletics.org/records/competition-performance-rankings/ranking/630942
835,630293,"Gold Gala Fernanda Ribeiro, Estádio José Vieira de Carvalho, Maia",POR,25 MAY 2024,25 MAY 2024,65,402,64854,837,64919,https://worldathletics.org/records/competition-performance-rankings/ranking/630293
836,635650,"Hong Kong Athletics Open Meet cum Decathlon, Tsueng Kwan O Sports Ground, Hong Kong",HKG,02 NOV 2024,03 NOV 2024,0,,64897,834,64897,https://worldathletics.org/records/competition-performance-rankings/ranking/635650
837,629058,"Maverick Open #2, Track & Field Complex, Mankato, MN",USA,04 MAY 2024,04 MAY 2024,5,754,64869,836,64874,https://worldathletics.org/records/competition-performance-rankings/ranking/629058
838,634251,"Day four , the 34th Nara City Athletics Circuit, Konoike Athletics Stadium, Nara",JPN,23 SEP 2024,23 SEP 2024,0,,64848,838,64848,https://worldathletics.org/records/competition-performance-rankings/ranking/634251
839,631673,"Loughborough Open, Loughborough University Track, Loughborough",GBR,19 JUN 2024,19 JUN 2024,45,463,64780,841,64825,https://worldathletics.org/records/competition-performance-rankings/ranking/631673
840,629906,"Spanish Clubs Championships Segunda Division Liga Joma-Men's Final A, Pistas Universad de León, León",ESP,19 MAY 2024,19 MAY 2024,0,,64809,839,64809,https://worldathletics.org/records/competition-performance-rankings/ranking/629906
841,630298,"Toukokuun Kisat, Eläintarhan urheilukenttä, Helsinki",FIN,26 MAY 2024,26 MAY 2024,20,589,64782,840,64802,https://worldathletics.org/records/competition-performance-rankings/ranking/630298
842,633085,"Häme Games, Peltosaaren yleisurheilukenttä, Riihimäki",FIN,23 JUL 2024,23 JUL 2024,10,688,64769,842,64779,https://worldathletics.org/records/competition-performance-rankings/ranking/633085
843,626250,"Dane Bird-Smith Shield & QLD 10,000m Race Walk Championships, QSAC State Athletics Facility, Nathan, Brisbane",AUS,17 FEB 2024,17 FEB 2024,15,628,64757,844,64772,https://worldathletics.org/records/competition-performance-rankings/ranking/626250
844,631625,"Harju Cup 2, Harjun stadion, Jyväskylä",FIN,19 JUN 2024,19 JUN 2024,5,754,64760,843,64765,https://worldathletics.org/records/competition-performance-rankings/ranking/631625
845,631467,"Memorial Jesús Molina, Estadio Panamericano, La Habana",CUB,14 JUN 2024,16 JUN 2024,90,355,64660,850,64750,https://worldathletics.org/records/competition-performance-rankings/ranking/631467
846,632587,"Portuguese U18 Championships, Complexo Desportivo Fernando Mamede, Beja",POR,06 JUL 2024,07 JUL 2024,0,,64734,845,64734,https://worldathletics.org/records/competition-performance-rankings/ranking/632587
847,625112,"1er Meeting Inter Clubs, Complexe Sportif D'olembe, Yaoundé",CMR,06 JAN 2024,07 JAN 2024,15,628,64718,846,64733,https://worldathletics.org/records/competition-performance-rankings/ranking/625112
848,625969,"2eme Meeting Interclubs, Complexe Sportif D'olembe, Yaoundé",CMR,03 FEB 2024,04 FEB 2024,15,628,64698,848,64713,https://worldathletics.org/records/competition-performance-rankings/ranking/625969
849,627564,"VIII Encuentro Atletico Mazatlan, Pista de Atletismo del Centro Deportivo Benito Juárez, Mazatlán",MEX,22 MAR 2024,24 MAR 2024,0,,64705,847,64705,https://worldathletics.org/records/competition-performance-rankings/ranking/627564
850,626312,"Hong Kong Athletics Series 1, Tsueng Kwan O Sports Ground, Hong Kong",HKG,17 FEB 2024,18 FEB 2024,0,,64681,849,64681,https://worldathletics.org/records/competition-performance-rankings/ranking/626312
851,631436,"Venezuelan U20 Championships, Polideportivo Agustin Tovar, Barinas",VEN,13 JUN 2024,15 JUN 2024,5,754,64660,850,64665,https://worldathletics.org/records/competition-performance-rankings/ranking/631436
852,625026,"High Velocity, AV Throwers & Rare Air, Lakeside Stadium, Melbourne",AUS,06 JAN 2024,06 JAN 2024,40,485,64617,852,64657,https://worldathletics.org/records/competition-performance-rankings/ranking/625026
853,627047,"National Championships in Sprint, Hurdles, Relays, Middle-distance and Long-distance, La Vicentina, Quito",ECU,16 MAR 2024,17 MAR 2024,15,628,64603,853,64618,https://worldathletics.org/records/competition-performance-rankings/ranking/627047
854,629115,"Spanish Clubs Championships Primera Division Liga Joma-Leg 2-Match B, Pista atletismo Bajo Guadalentin, Alhama de Murcia",ESP,05 MAY 2024,05 MAY 2024,0,,64602,854,64602,https://worldathletics.org/records/competition-performance-rankings/ranking/629115
855,630478,"Loughborough Open, Loughborough University Track, Loughborough",GBR,29 MAY 2024,29 MAY 2024,50,442,64537,855,64587,https://worldathletics.org/records/competition-performance-rankings/ranking/630478
856,629845,"Leinster Schools', Morton Stadium, Santry, Dublin",IRL,15 MAY 2024,18 MAY 2024,0,,64535,856,64535,https://worldathletics.org/records/competition-performance-rankings/ranking/629845
857,629611,"79th National University Athletics Championships, Yecheon Stadium, Yecheon",KOR,12 APR 2024,13 APR 2024,0,,64534,857,64534,https://worldathletics.org/records/competition-performance-rankings/ranking/629611
858,630305,"Otwarte mistrzostwa Warszawy U18/U20, Stadion Zygmunta Szelesta, Warszawa",POL,25 MAY 2024,26 MAY 2024,15,628,64485,859,64500,https://worldathletics.org/records/competition-performance-rankings/ranking/630305
859,626899,"Sally Pearson Shield, QSAC State Athletics Facility, Nathan, Brisbane",AUS,09 MAR 2024,09 MAR 2024,30,527,64461,860,64491,https://worldathletics.org/records/competition-performance-rankings/ranking/626899
859,630916,"National Meeting ""les fidèles d'Oran"", Miloud HEDEFI Athletics Stadium, Oran",ALG,11 MAY 2024,11 MAY 2024,0,,64491,858,64491,https://worldathletics.org/records/competition-performance-rankings/ranking/630916
861,627508,"1st Kyushu Kyoritsu University Challenge Meet, Kyushu Kyoritsu University Stadium, Kitakyushu",JPN,01 APR 2024,01 APR 2024,30,527,64454,862,64484,https://worldathletics.org/records/competition-performance-rankings/ranking/627508
862,631934,"Championnats BFC Sprint, Concours, Stade Marie José Pérec, Macon",FRA,23 JUN 2024,23 JUN 2024,10,688,64457,861,64467,https://worldathletics.org/records/competition-performance-rankings/ranking/631934
863,628655,"Chpts Interclubs LIFA-Elite-N1-N2-Poule C, Stade Alain Mimoun, Noisy-le-Grand",FRA,28 APR 2024,28 APR 2024,10,688,64418,863,64428,https://worldathletics.org/records/competition-performance-rankings/ranking/628655
864,630082,"Jogos Escolares Brasileiros U18, Vila Olímpica da Universidade Tiradentes, Aracaju",BRA,20 MAY 2024,21 MAY 2024,0,,64373,864,64373,https://worldathletics.org/records/competition-performance-rankings/ranking/630082
865,630001,"Pfingstsportfest der MTG Mannheim, Michael-Hoffmann-Stadion, Mannheim",GER,20 MAY 2024,20 MAY 2024,0,,64360,865,64360,https://worldathletics.org/records/competition-performance-rankings/ranking/630001
865,632776,"IV Meeting Giuseppe Tomassoni, Stadio Enzo Blasone, Foligno",ITA,12 JUL 2024,12 JUL 2024,5,754,64355,866,64360,https://worldathletics.org/records/competition-performance-rankings/ranking/632776
867,634250,"78th National University Athletics Meeting, Seocheon Sports Complex, Seocheon",KOR,10 SEP 2024,12 SEP 2024,0,,64349,867,64349,https://worldathletics.org/records/competition-performance-rankings/ranking/634250
868,627314,"UBC Open, Rashpal Dhillon Oval, Vancouver",CAN,23 MAR 2024,24 MAR 2024,5,754,64343,868,64348,https://worldathletics.org/records/competition-performance-rankings/ranking/627314
869,632428,"National League Prelims, TUS Athlone Track, Athlone",IRL,06 JUL 2024,06 JUL 2024,0,,64337,869,64337,https://worldathletics.org/records/competition-performance-rankings/ranking/632428
870,634892,"Championnats Interclubs Avenir Nationale 1, Stade Jacques Forestier, Aix-les-Bains",FRA,13 OCT 2024,13 OCT 2024,0,,64316,870,64316,https://worldathletics.org/records/competition-performance-rankings/ranking/634892
871,632447,"Slovak U23 Championships, Atletický štadión, Čadca",SVK,06 JUL 2024,06 JUL 2024,0,,64299,871,64299,https://worldathletics.org/records/competition-performance-rankings/ranking/632447
872,629081,"Podlaski Mityng Olimpijski, Stadion BOSiR, Białystok",POL,05 MAY 2024,05 MAY 2024,385,147,63897,888,64282,https://worldathletics.org/records/competition-performance-rankings/ranking/629081
873,626813,"3eme Meeting Interclubs, Stade Omnisports de Kouekong, Bafoussam",CMR,02 MAR 2024,03 MAR 2024,15,628,64263,873,64278,https://worldathletics.org/records/competition-performance-rankings/ranking/626813
874,631023,"Championnats Alpes CJES, Stade Bachelard, Grenoble",FRA,08 JUN 2024,08 JUN 2024,0,,64268,872,64268,https://worldathletics.org/records/competition-performance-rankings/ranking/631023
875,631147,"NSK Baan 2024, Sportpark De Hondsheuvels, Eindhoven",NED,08 JUN 2024,09 JUN 2024,0,,64261,874,64261,https://worldathletics.org/records/competition-performance-rankings/ranking/631147
876,629345,"XXXIII Meeting Città di Conegliano, Stadio Narciso Soldan, Conegliano",ITA,11 MAY 2024,11 MAY 2024,60,415,64181,875,64241,https://worldathletics.org/records/competition-performance-rankings/ranking/629345
877,627698,"Emilie Mondor Invitational, Terry Fox Field - SFU, Burnaby",CAN,06 APR 2024,06 APR 2024,10,688,64170,876,64180,https://worldathletics.org/records/competition-performance-rankings/ranking/627698
878,632814,"Liliane Mandema Memorial, Sportpark Laan van Poot, Den Haag",NED,13 JUL 2024,13 JUL 2024,95,346,64084,881,64179,https://worldathletics.org/records/competition-performance-rankings/ranking/632814
879,629187,"8va Copa Tepic, Estadio Olímpico Santa Teresita, Tepic",MEX,12 APR 2024,14 APR 2024,0,,64140,877,64140,https://worldathletics.org/records/competition-performance-rankings/ranking/629187
880,634696,"6th Kyushu Kyoritsu University Challenge Meet, Kyushu Kyoritsu University Stadium, Kitakyushu",JPN,03 AUG 2024,03 AUG 2024,35,504,64104,879,64139,https://worldathletics.org/records/competition-performance-rankings/ranking/634696
881,627803,"Mets Outdoor Championship, Icahn Stadium, New York, NY",USA,06 APR 2024,06 APR 2024,0,,64132,878,64132,https://worldathletics.org/records/competition-performance-rankings/ranking/627803
882,636842,"Irkutsk Athletes Memorial, Stadion Irnitu, Irkutsk",RUS,23 AUG 2024,24 AUG 2024,0,,64089,880,64089,https://worldathletics.org/records/competition-performance-rankings/ranking/636842
883,632408,"Scottish National Athletics League, Grangemouth Sports Stadium, Grangemouth",GBR,30 JUN 2024,30 JUN 2024,0,,64067,882,64067,https://worldathletics.org/records/competition-performance-rankings/ranking/632408
884,630440,"Troféu Norte Nordeste, Vila Olímpica da Universidade Tiradentes, Aracaju",BRA,11 MAY 2024,12 MAY 2024,0,,64066,883,64066,https://worldathletics.org/records/competition-performance-rankings/ranking/630440
885,630018,"Rose City Open, Alumni Field, Windsor",CAN,18 MAY 2024,18 MAY 2024,0,,63988,884,63988,https://worldathletics.org/records/competition-performance-rankings/ranking/630018
886,627432,"Campeonato Metropolitano Mayores, CeNARD, Buenos Aires",ARG,23 MAR 2024,24 MAR 2024,25,557,63957,886,63982,https://worldathletics.org/records/competition-performance-rankings/ranking/627432
887,627727,"Elite and youth Talents Event, Stade Annexe du 5 Juillet, Algiers",ALG,05 APR 2024,05 APR 2024,100,338,63866,890,63966,https://worldathletics.org/records/competition-performance-rankings/ranking/627727
888,635134,"PATAFA Weekly Relay Finals, Philsport Track Oval, Pasig",PHI,19 OCT 2024,20 OCT 2024,0,,63960,885,63960,https://worldathletics.org/records/competition-performance-rankings/ranking/635134
889,630240,"Campeonato Estadual Loterias Caixa de Atletismo, Pista de Atletismo de Jaragua do Sul, Jaraguá",BRA,18 MAY 2024,19 MAY 2024,10,688,63932,887,63942,https://worldathletics.org/records/competition-performance-rankings/ranking/630240
890,628588,"III Prueba de Confrontación, Estadio Panamericano, La Habana",CUB,26 APR 2024,27 APR 2024,165,249,63720,896,63885,https://worldathletics.org/records/competition-performance-rankings/ranking/628588
891,631466,"Campeonato Absoluto do Norte, Estádio 1o de Maio, Braga",POR,14 JUN 2024,15 JUN 2024,0,,63884,889,63884,https://worldathletics.org/records/competition-performance-rankings/ranking/631466
892,629463,"Interclubs mixtes TC | First League, Stade des Fusillés, Dampicourt",BEL,12 MAY 2024,12 MAY 2024,30,527,63836,891,63866,https://worldathletics.org/records/competition-performance-rankings/ranking/629463
893,628990,"Germeringer Leichtathletik-Meeting, Stadion des SV Germering, Germering",GER,04 MAY 2024,04 MAY 2024,0,,63833,892,63833,https://worldathletics.org/records/competition-performance-rankings/ranking/628990
894,634052,"SVM Nationalliga C / Promotionsliga A und B, Grendelmatte, Riehen",SUI,14 SEP 2024,14 SEP 2024,15,628,63748,893,63763,https://worldathletics.org/records/competition-performance-rankings/ranking/634052
895,630323,"CRL Meeting - Bronze Lombardia, Centro Sportivo Saletti, Nembro",ITA,26 MAY 2024,26 MAY 2024,5,754,63730,895,63735,https://worldathletics.org/records/competition-performance-rankings/ranking/630323
896,633052,"Spanish U16 Championships, Estadi Municipal Les Basses, Lleida",ESP,20 JUL 2024,21 JUL 2024,0,,63731,894,63731,https://worldathletics.org/records/competition-performance-rankings/ranking/633052
897,629582,"National Team Championships Qualification Group B, Arosvallen, Västerås",SWE,11 MAY 2024,11 MAY 2024,15,628,63661,898,63676,https://worldathletics.org/records/competition-performance-rankings/ranking/629582
898,631971,"National Athletics League - Regional West, Outdoor Sports Complex Track, Yate",GBR,22 JUN 2024,22 JUN 2024,0,,63674,897,63674,https://worldathletics.org/records/competition-performance-rankings/ranking/631971
899,629247,"Slovak Athletics League 1. round, Atletický štadión TU, Košice",SVK,08 MAY 2024,08 MAY 2024,50,442,63605,902,63655,https://worldathletics.org/records/competition-performance-rankings/ranking/629247
900,635401,"Strive Program B, WA Athletics Stadium, Perth",AUS,25 OCT 2024,25 OCT 2024,0,,63651,899,63651,https://worldathletics.org/records/competition-performance-rankings/ranking/635401
901,636064,"NSW Relay Championships, SOPAC, Sydney",AUS,15 NOV 2024,17 NOV 2024,5,754,63640,900,63645,https://worldathletics.org/records/competition-performance-rankings/ranking/636064
902,628983,"Irish Milers Club-Crusaders, Morton Stadium, Santry, Dublin",IRL,04 MAY 2024,04 MAY 2024,35,504,63609,901,63644,https://worldathletics.org/records/competition-performance-rankings/ranking/628983
903,629127,"Championnats LBFA Juniors et Espoirs (OPEN TC) + relais TC, Stade Communal de Herve, Herve",BEL,05 MAY 2024,05 MAY 2024,5,754,63573,903,63578,https://worldathletics.org/records/competition-performance-rankings/ranking/629127
904,636807,"National Schools Challenge Final, QSAC State Athletics Facility, Nathan, Brisbane",AUS,09 DEC 2024,09 DEC 2024,0,,63534,904,63534,https://worldathletics.org/records/competition-performance-rankings/ranking/636807
905,627566,"Encuentro Citius Altius Fortius, Centro Deportivo Olímpico Mexicano, Ciudad de México",MEX,23 MAR 2024,23 MAR 2024,5,754,63468,905,63473,https://worldathletics.org/records/competition-performance-rankings/ranking/627566
906,630041,"Danderydsspelen, Danderyds IP, Danderyd",SWE,18 MAY 2024,19 MAY 2024,0,,63458,906,63458,https://worldathletics.org/records/competition-performance-rankings/ranking/630041
906,630815,"Aigialeia 2024, Municipal Stadium, Egio",GRE,01 JUN 2024,01 JUN 2024,0,,63458,906,63458,https://worldathletics.org/records/competition-performance-rankings/ranking/630815
908,631454,"Navarra Championships, Estadio de Larrabide, Pamplona",ESP,15 JUN 2024,15 JUN 2024,30,527,63408,908,63438,https://worldathletics.org/records/competition-performance-rankings/ranking/631454
909,629465,"Finale Interclubs N2A, Stade Manuela Montebrun, Laval",FRA,12 MAY 2024,12 MAY 2024,25,557,63396,909,63421,https://worldathletics.org/records/competition-performance-rankings/ranking/629465
910,630607,"Slovenian U20 Team Championships, Športni center, Kranj",SLO,01 JUN 2024,01 JUN 2024,0,,63330,910,63330,https://worldathletics.org/records/competition-performance-rankings/ranking/630607
911,628093,"Jeux de Guyane, Stade Edmard Lama, Remire-Montjoly",FRA,13 APR 2024,13 APR 2024,70,397,63238,916,63308,https://worldathletics.org/records/competition-performance-rankings/ranking/628093
912,630031,"Nikos Zahariadis Meeting, Kaftanzoglio Stadium, Thessaloniki",GRE,19 MAY 2024,19 MAY 2024,15,628,63281,912,63296,https://worldathletics.org/records/competition-performance-rankings/ranking/630031
913,633558,"4J Studios scottishathletics U20 Championships, Grangemouth Sports Stadium, Grangemouth",GBR,10 AUG 2024,11 AUG 2024,0,,63287,911,63287,https://worldathletics.org/records/competition-performance-rankings/ranking/633558
914,631575,"Slovak U20 Championships, Štadión na Sihoti, Nové Zámky",SVK,15 JUN 2024,16 JUN 2024,0,,63276,913,63276,https://worldathletics.org/records/competition-performance-rankings/ranking/631575
915,631142,"Olympic Trial, Atatürk Stadyumu, Izmir",TUR,08 JUN 2024,09 JUN 2024,15,628,63254,915,63269,https://worldathletics.org/records/competition-performance-rankings/ranking/631142
916,631450,"Meeting du LAC, Stade du Bois Du Château, Lorient",FRA,15 JUN 2024,15 JUN 2024,0,,63268,914,63268,https://worldathletics.org/records/competition-performance-rankings/ranking/631450
917,632579,"Championnats d'Occitanie, Parc des Sports et de l'Amitié, Narbonne",FRA,06 JUL 2024,07 JUL 2024,0,,63209,917,63209,https://worldathletics.org/records/competition-performance-rankings/ranking/632579
918,629274,"36. Sportfest an Himmelfahrt, Stadion, Bönnigheim",GER,09 MAY 2024,09 MAY 2024,10,688,63197,918,63207,https://worldathletics.org/records/competition-performance-rankings/ranking/629274
919,630482,"Meeting National à thème de Grenoble, Stade Bachelard, Grenoble",FRA,29 MAY 2024,29 MAY 2024,5,754,63156,919,63161,https://worldathletics.org/records/competition-performance-rankings/ranking/630482
920,635135,"NAGASE Cup 2024, National Stadium, Tokyo",JPN,12 OCT 2024,13 OCT 2024,0,,63155,920,63155,https://worldathletics.org/records/competition-performance-rankings/ranking/635135
921,628853,"Polabské závody, Atletický stadion Mirka Tučka, Kolin",CZE,01 MAY 2024,01 MAY 2024,30,527,63118,923,63148,https://worldathletics.org/records/competition-performance-rankings/ranking/628853
922,631930,"Grand Prix de la Forestoise, Stadion Adrien Bertelson, Forest",BEL,23 JUN 2024,23 JUN 2024,5,754,63141,921,63146,https://worldathletics.org/records/competition-performance-rankings/ranking/631930
923,627018,"West Point Army Open, Military Academy Shea Stadium, West Point, NY",USA,15 MAR 2024,16 MAR 2024,10,688,63131,922,63141,https://worldathletics.org/records/competition-performance-rankings/ranking/627018
924,630115,"Meeting de Lormont, Stade J. Ladoumegue, Lormont",FRA,22 MAY 2024,22 MAY 2024,0,,63118,923,63118,https://worldathletics.org/records/competition-performance-rankings/ranking/630115
925,631937,"Chpts Grand-Est U23/U20/U18, Stade Régional G. Hebert, Reims",FRA,23 JUN 2024,23 JUN 2024,0,,63114,925,63114,https://worldathletics.org/records/competition-performance-rankings/ranking/631937
926,631914,"Veidekkelekene, Stampesletta, Lillehammer",NOR,21 JUN 2024,23 JUN 2024,0,,63039,926,63039,https://worldathletics.org/records/competition-performance-rankings/ranking/631914
927,628503,"Meeting da Liberdade, Estádio 1o de Maio, Lisboa",POR,25 APR 2024,25 APR 2024,55,431,62953,928,63008,https://worldathletics.org/records/competition-performance-rankings/ranking/628503
928,626900,"HVC, AV Throwers & Rare Air, Lakeside Stadium, Melbourne",AUS,09 MAR 2024,09 MAR 2024,15,628,62961,927,62976,https://worldathletics.org/records/competition-performance-rankings/ranking/626900
929,627986,"Spanish Clubs Championships Primera Division Liga Joma-Leg 1-Match C, Pista de Atletismo Las Mestas, Gijón",ESP,13 APR 2024,13 APR 2024,0,,62919,929,62919,https://worldathletics.org/records/competition-performance-rankings/ranking/627986
930,633808,"Universiade & T. Babjak memorial, Atletický štadión STU, Bratislava",SVK,01 SEP 2024,01 SEP 2024,5,754,62900,930,62905,https://worldathletics.org/records/competition-performance-rankings/ranking/633808
931,628425,"Competitie 1e Divisie Poule 2 R1, Atletiekvereniging Hera, Heerhugowaard",NED,21 APR 2024,21 APR 2024,15,628,62861,933,62876,https://worldathletics.org/records/competition-performance-rankings/ranking/628425
932,633591,"2024 National Athletic Meet Hokkaido representative selection meeting, Citizens Athletics Stadium, Kushiro",JPN,10 AUG 2024,11 AUG 2024,0,,62873,931,62873,https://worldathletics.org/records/competition-performance-rankings/ranking/633591
933,632825,"National Athletics League - Regional East, Ridlins Wood Athletics Track, Stevenage",GBR,07 JUL 2024,07 JUL 2024,5,754,62859,934,62864,https://worldathletics.org/records/competition-performance-rankings/ranking/632825
934,626770,"USFHK Annual Athletics Meet, Joint Sports Centre, Hong Kong",HKG,02 MAR 2024,03 MAR 2024,0,,62863,932,62863,https://worldathletics.org/records/competition-performance-rankings/ranking/626770
935,633754,"Open Avondmeeting, Stedelijke Atletiekpiste, Ninove",BEL,28 AUG 2024,28 AUG 2024,0,,62858,935,62858,https://worldathletics.org/records/competition-performance-rankings/ranking/633754
936,631075,"Aragon U18 Championships, Pista atletismo José Maria Escriche, Hueska",ESP,08 JUN 2024,08 JUN 2024,0,,62799,936,62799,https://worldathletics.org/records/competition-performance-rankings/ranking/631075
937,628497,"75° Trofeo Liberazione, Stadio Olindo Galli, Tivoli",ITA,25 APR 2024,25 APR 2024,0,,62785,937,62785,https://worldathletics.org/records/competition-performance-rankings/ranking/628497
938,631088,"Meeting régional du Racing Club Nantais, Stade Michel Lecointre, Nantes",FRA,09 JUN 2024,09 JUN 2024,0,,62778,938,62778,https://worldathletics.org/records/competition-performance-rankings/ranking/631088
939,629414,"2ème tour Interclubs N2 finale, Stade de Pont Marais, Tourlaville",FRA,12 MAY 2024,12 MAY 2024,0,,62770,939,62770,https://worldathletics.org/records/competition-performance-rankings/ranking/629414
940,632039,"Combined Events and Track and Field League 4, Athletics Track, Parow, Cape Town",RSA,23 FEB 2024,24 FEB 2024,10,688,62712,941,62722,https://worldathletics.org/records/competition-performance-rankings/ranking/632039
941,629905,"Mityng kwalifikacyjny ŁOZLA, Stadion RKS, Łódź",POL,19 MAY 2024,19 MAY 2024,0,,62718,940,62718,https://worldathletics.org/records/competition-performance-rankings/ranking/629905
942,631155,"Offene Einkampfmeisterschaften beider Basel, Grendelmatte, Riehen",SUI,08 JUN 2024,09 JUN 2024,0,,62690,942,62690,https://worldathletics.org/records/competition-performance-rankings/ranking/631155
943,627237,"Strive Special Program, WA Athletics Stadium, Perth",AUS,23 MAR 2024,23 MAR 2024,130,292,62538,948,62668,https://worldathletics.org/records/competition-performance-rankings/ranking/627237
944,636278,"Treloar Shield - Round 5, SOPAC, Sydney",AUS,23 NOV 2024,23 NOV 2024,0,,62663,943,62663,https://worldathletics.org/records/competition-performance-rankings/ranking/636278
945,627077,"ACNW Track & Field League 6, McArthur Stadium, Potchefstroom",RSA,05 MAR 2024,05 MAR 2024,140,276,62499,950,62639,https://worldathletics.org/records/competition-performance-rankings/ranking/627077
946,629359,"Finale Interclubs N3 AURA, Stade L. Masson, Tarare",FRA,11 MAY 2024,11 MAY 2024,0,,62637,944,62637,https://worldathletics.org/records/competition-performance-rankings/ranking/629359
946,629518,"Interclubs 2ème Tour-N2A, Stade Georges Pompidou, Montauban",FRA,12 MAY 2024,12 MAY 2024,5,754,62632,945,62637,https://worldathletics.org/records/competition-performance-rankings/ranking/629518
948,627400,"Albie Thomas Mile, The Crest Athletics Centre, Bankstown, Sydney",AUS,28 MAR 2024,28 MAR 2024,130,292,62471,952,62601,https://worldathletics.org/records/competition-performance-rankings/ranking/627400
949,630643,"Meeting régional du SEC Athlé-OVA, Stade de la Rudelière, Les Sables d'Olonne",FRA,01 JUN 2024,01 JUN 2024,0,,62596,946,62596,https://worldathletics.org/records/competition-performance-rankings/ranking/630643
950,625077,"Strive Special Program 3, WA Athletics Stadium, Perth",AUS,06 JAN 2024,06 JAN 2024,10,688,62574,947,62584,https://worldathletics.org/records/competition-performance-rankings/ranking/625077
951,632075,"Meeting National à thème d'Halluin, Stade C. Vandeveegaete, Tourcoing",FRA,26 JUN 2024,26 JUN 2024,10,688,62532,949,62542,https://worldathletics.org/records/competition-performance-rankings/ranking/632075
952,629358,"Ogólnopolski mityng otwarcia sezonu w Sieradzu, Stadion MOSiR, Sieradz",POL,11 MAY 2024,11 MAY 2024,5,754,62472,951,62477,https://worldathletics.org/records/competition-performance-rankings/ranking/629358
953,631867,"Slovak U18 Championships, Štadión SNP, Banská Bystrica",SVK,22 JUN 2024,23 JUN 2024,0,,62455,953,62455,https://worldathletics.org/records/competition-performance-rankings/ranking/631867
954,628632,"1er Tour Elite Interclubs AURA, Stade H. Malleval, Roanne",FRA,28 APR 2024,28 APR 2024,0,,62454,954,62454,https://worldathletics.org/records/competition-performance-rankings/ranking/628632
954,630277,"Leinster Senior, U20 & Master Championships, South Sports Campus, Carlow",IRL,25 MAY 2024,26 MAY 2024,10,688,62444,955,62454,https://worldathletics.org/records/competition-performance-rankings/ranking/630277
956,629679,"BVV A.C. M+V 1ste Landelijke, Sportpark, Nieuwpoort",BEL,12 MAY 2024,12 MAY 2024,0,,62403,956,62403,https://worldathletics.org/records/competition-performance-rankings/ranking/629679
957,632087,"Korean U20 Championships, Jeongseon Sports Complex, Jeongseon",KOR,23 JUN 2024,26 JUN 2024,0,,62391,957,62391,https://worldathletics.org/records/competition-performance-rankings/ranking/632087
958,632027,"National Athletics League - Regional South, K2 Track, Crawley",GBR,22 JUN 2024,22 JUN 2024,0,,62375,958,62375,https://worldathletics.org/records/competition-performance-rankings/ranking/632027
959,631139,"International Night Athletic Meeting Varaždin, Stadion ŠC Sloboda, Varaždin",CRO,08 JUN 2024,08 JUN 2024,0,,62356,959,62356,https://worldathletics.org/records/competition-performance-rankings/ranking/631139
960,632123,"Meeting de Saintes, Stade Yvon Chevalier, Saintes",FRA,28 JUN 2024,28 JUN 2024,0,,62344,960,62344,https://worldathletics.org/records/competition-performance-rankings/ranking/632123
961,634419,"Finále MMaS družstev mládeže, Městský stadion, Třinec",CZE,29 SEP 2024,29 SEP 2024,20,589,62296,961,62316,https://worldathletics.org/records/competition-performance-rankings/ranking/634419
962,633745,"Swietelsky Grand Prix Tábor, Stadion Míru, Tábor",CZE,27 AUG 2024,27 AUG 2024,45,463,62260,963,62305,https://worldathletics.org/records/competition-performance-rankings/ranking/633745
963,632756,"Andalucia U20 Championships, Ciudad Deportiva Carranque, Málaga",ESP,13 JUL 2024,13 JUL 2024,0,,62283,962,62283,https://worldathletics.org/records/competition-performance-rankings/ranking/632756
964,630939,"National Athletics League - Regional South, Mountbatten Centre Athletics Track, Portsmouth",GBR,01 JUN 2024,01 JUN 2024,0,,62186,964,62186,https://worldathletics.org/records/competition-performance-rankings/ranking/630939
965,629562,"Interclubs N2 SUD, Stade Gillardeaux, Avignon",FRA,12 MAY 2024,12 MAY 2024,35,504,62150,965,62185,https://worldathletics.org/records/competition-performance-rankings/ranking/629562
966,629630,"4º Encontros de Atletismo, COTP Stadium, São Paulo",BRA,12 MAY 2024,12 MAY 2024,5,754,62143,966,62148,https://worldathletics.org/records/competition-performance-rankings/ranking/629630
967,638003,"2nd Pre-NSF Athletics Athletics Meet, Lekan Salami Stadium, Ibadan",NGR,27 DEC 2024,27 DEC 2024,0,,62120,967,62120,https://worldathletics.org/records/competition-performance-rankings/ranking/638003
968,633025,"Hokuren Distance Challenge - Chitose, Aoba Park Athletic Field, Chitose",JPN,20 JUL 2024,20 JUL 2024,75,386,61981,973,62056,https://worldathletics.org/records/competition-performance-rankings/ranking/633025
969,633850,"UK Youth Development League National Final, Sportcity Regional Arena, Manchester",GBR,01 SEP 2024,01 SEP 2024,0,,62045,968,62045,https://worldathletics.org/records/competition-performance-rankings/ranking/633850
970,630977,"Last Chance Sprint Series, Notre Dame HS, Sherman Oaks, CA",USA,07 JUN 2024,07 JUN 2024,70,397,61967,974,62037,https://worldathletics.org/records/competition-performance-rankings/ranking/630977
971,628601,"Chilean U20 Championships, Pista Atlética Mario Recordón, Santiago de Chile",CHI,27 APR 2024,28 APR 2024,0,,62033,969,62033,https://worldathletics.org/records/competition-performance-rankings/ranking/628601
972,627243,"Stan Romanoski Open, The TF Complex at Mylan Park, Morgantown, WV",USA,22 MAR 2024,23 MAR 2024,0,,62030,970,62030,https://worldathletics.org/records/competition-performance-rankings/ranking/627243
973,629584,"1. kolo II. ligy mužů a žen, skupina C, Atletický stadion, Ustí Nad Orlicí",CZE,11 MAY 2024,11 MAY 2024,0,,62022,971,62022,https://worldathletics.org/records/competition-performance-rankings/ranking/629584
974,630724,"FRAMO-lekene, Fana Stadion, Bergen",NOR,31 MAY 2024,02 JUN 2024,0,,61997,972,61997,https://worldathletics.org/records/competition-performance-rankings/ranking/630724
975,633618,"Inter Highschool Yamanashi Meeting, JIT Recycled Ink Stadium, Kofu",JPN,04 MAY 2024,09 MAY 2024,0,,61964,975,61964,https://worldathletics.org/records/competition-performance-rankings/ranking/633618
976,628997,"Spanish Clubs Championships Primera Division Liga Iberdrola-Leg 2-Match A, Pista de Atletismo Río Esgueva,, Valladolid",ESP,04 MAY 2024,04 MAY 2024,0,,61939,976,61939,https://worldathletics.org/records/competition-performance-rankings/ranking/628997
977,631957,"Slovenian U18 Championships, Športni park, Nova Gorica",SLO,22 JUN 2024,23 JUN 2024,0,,61938,977,61938,https://worldathletics.org/records/competition-performance-rankings/ranking/631957
978,625024,"Lovelock Classic, Aorangi Stadium, Timaru",NZL,06 JAN 2024,06 JAN 2024,100,338,61837,984,61937,https://worldathletics.org/records/competition-performance-rankings/ranking/625024
979,632855,"Öresundsspelen, Hedens IP, Helsingborg",SWE,12 JUL 2024,14 JUL 2024,20,589,61915,978,61935,https://worldathletics.org/records/competition-performance-rankings/ranking/632855
980,630996,"XXII Gran Premio Los Corrales de Buelna, Pista atletismo Los Corrales, Los Corrales de Buelna",ESP,08 JUN 2024,08 JUN 2024,10,688,61908,979,61918,https://worldathletics.org/records/competition-performance-rankings/ranking/630996
980,631626,"Nationales Abendsportfest - Pfungstadt, TSV Stadion, Pfungstadt",GER,19 JUN 2024,19 JUN 2024,25,557,61893,980,61918,https://worldathletics.org/records/competition-performance-rankings/ranking/631626
982,629339,"Meeting de Atletismo Toni Bonet, Pista atletismo Can Mises, Ibiza",ESP,11 MAY 2024,11 MAY 2024,150,264,61747,989,61897,https://worldathletics.org/records/competition-performance-rankings/ranking/629339
983,631211,"York University TFC Twilight 3, Track and Field Centre Outdoor Track, Toronto",CAN,11 JUN 2024,11 JUN 2024,0,,61890,981,61890,https://worldathletics.org/records/competition-performance-rankings/ranking/631211
984,630907,"Meeting Régional de Bordeaux, Stade de Stehelin, Bordeaux",FRA,05 JUN 2024,05 JUN 2024,20,589,61856,982,61876,https://worldathletics.org/records/competition-performance-rankings/ranking/630907
985,632156,"Warszawska Liga Lekkoatletyczna, Stadion Zygmunta Szelesta, Warszawa",POL,29 JUN 2024,29 JUN 2024,95,346,61777,986,61872,https://worldathletics.org/records/competition-performance-rankings/ranking/632156
986,633111,"Pyrinnön kansalliset, Ratinan Stadion, Tampere",FIN,24 JUL 2024,24 JUL 2024,15,628,61847,983,61862,https://worldathletics.org/records/competition-performance-rankings/ranking/633111
987,632685,"Meeting à label Régional, Stade Jean Gallet, Chartres",FRA,10 JUL 2024,10 JUL 2024,0,,61806,985,61806,https://worldathletics.org/records/competition-performance-rankings/ranking/632685
988,625398,"Darren Thrupp Shield, QSAC State Athletics Facility, Nathan, Brisbane",AUS,20 JAN 2024,20 JAN 2024,25,557,61771,987,61796,https://worldathletics.org/records/competition-performance-rankings/ranking/625398
989,629549,"2. liga mužů a žen skupina A 1. kolo, Atletický stadion, Bílina",CZE,11 MAY 2024,11 MAY 2024,0,,61752,988,61752,https://worldathletics.org/records/competition-performance-rankings/ranking/629549
990,634410,"Mistrovství Čech juniorů a juniorek skupina B, Městský atletický stadion, Pardubice",CZE,28 SEP 2024,28 SEP 2024,0,,61727,990,61727,https://worldathletics.org/records/competition-performance-rankings/ranking/634410
991,632758,"Cataluña U20 Championships, Estadi Municipal Josep Maria Pallàs, Vic",ESP,13 JUL 2024,13 JUL 2024,0,,61668,991,61668,https://worldathletics.org/records/competition-performance-rankings/ranking/632758
992,627998,"Spanish Clubs Championships Primera Division Liga Iberdrola-Leg 1-Match D, Pista de Atletismo de Landako, Durango",ESP,13 APR 2024,13 APR 2024,0,,61652,992,61652,https://worldathletics.org/records/competition-performance-rankings/ranking/627998
993,629226,"5eme Meeting Interclubs, Complexe Sportif D'olembe, Yaoundé",CMR,04 MAY 2024,05 MAY 2024,20,589,61622,996,61642,https://worldathletics.org/records/competition-performance-rankings/ranking/629226
994,629114,"Spanish Clubs Championships Primera Division Liga Joma-Leg 2-Match A, Estadio Vallehermoso, Madrid",ESP,05 MAY 2024,05 MAY 2024,0,,61639,993,61639,https://worldathletics.org/records/competition-performance-rankings/ranking/629114
995,630236,"CRL Meeting - Bronze Lombardia, Campo Comunale della Pace, Legnano",ITA,25 MAY 2024,25 MAY 2024,0,,61635,994,61635,https://worldathletics.org/records/competition-performance-rankings/ranking/630236
996,636644,"1st Pre-NSF Athletics Meet, Gateway International Stadium, Sagamu",NGR,29 NOV 2024,29 NOV 2024,0,,61626,995,61626,https://worldathletics.org/records/competition-performance-rankings/ranking/636644
997,636522,"CGA/UJ Summer Challenger, UJ Stadium, Johannesburg",RSA,30 NOV 2024,30 NOV 2024,15,628,61605,997,61620,https://worldathletics.org/records/competition-performance-rankings/ranking/636522
998,629335,"Espoo Liikkuu Games, Leppävaaran Stadion, Espoo",FIN,11 MAY 2024,11 MAY 2024,75,386,61533,1003,61608,https://worldathletics.org/records/competition-performance-rankings/ranking/629335
999,628722,"Cape Milers Club/Endurocad WA Challenger Series, University of the Western Cape, Cape Town",RSA,26 APR 2024,26 APR 2024,20,589,61586,1000,61606,https://worldathletics.org/records/competition-performance-rankings/ranking/628722
1000,629201,"50. Jubiläums-Leichtathletikmeeting Willisau mit Festprogramm, Sportzentrum Schlossfeld, Willisau",SUI,04 MAY 2024,04 MAY 2024,20,589,61573,1001,61593,https://worldathletics.org/records/competition-performance-rankings/ranking/629201
1000,632362,"Meeting EASQY, Stade J. Guimier, Trappes",FRA,03 JUL 2024,03 JUL 2024,0,,61593,998,61593,https://worldathletics.org/records/competition-performance-rankings/ranking/632362
1002,631953,"Mityng Jubileuszowy TL Pogoń Ruda Śląska, Stadion MOSiR, Ruda Slaska",POL,22 JUN 2024,22 JUN 2024,0,,61587,999,61587,https://worldathletics.org/records/competition-performance-rankings/ranking/631953
1003,630557,"4th Kyushu Kyoritsu University Challenge Meet, Kyushu Kyoritsu University Stadium, Kitakyushu",JPN,01 JUN 2024,01 JUN 2024,10,688,61552,1002,61562,https://worldathletics.org/records/competition-performance-rankings/ranking/630557
1004,625495,"Strive Special Program 4, WA Athletics Stadium, Perth",AUS,20 JAN 2024,20 JAN 2024,10,688,61532,1004,61542,https://worldathletics.org/records/competition-performance-rankings/ranking/625495
1005,626828,"BAISS High School Championships, T. Robinson Stadium, Nassau",BAH,06 MAR 2024,08 MAR 2024,0,,61519,1005,61519,https://worldathletics.org/records/competition-performance-rankings/ranking/626828
1006,632453,"2e Meeting en Piste de L'Avia Club Athletisme, Stade Jean Bouin, Issy-les-Moulineaux",FRA,06 JUL 2024,06 JUL 2024,0,,61510,1006,61510,https://worldathletics.org/records/competition-performance-rankings/ranking/632453
1007,630631,"3e Meeting en Piste d'Antony, Stade Georges Suant, Antony",FRA,31 MAY 2024,31 MAY 2024,20,589,61482,1007,61502,https://worldathletics.org/records/competition-performance-rankings/ranking/630631
1008,629550,"North East County Championships, Sports Village Track, Middlesbrough",GBR,11 MAY 2024,12 MAY 2024,0,,61445,1008,61445,https://worldathletics.org/records/competition-performance-rankings/ranking/629550
1009,627981,"Spanish Clubs Championships Primera Division Liga Joma-Leg 1-Match A, Estadio Municipal Emilio Hidalgo, Motril",ESP,13 APR 2024,13 APR 2024,0,,61437,1009,61437,https://worldathletics.org/records/competition-performance-rankings/ranking/627981
1010,629112,"Spanish Clubs Championships Primera Division Liga Joma-Leg 2-Match D, Estadio de Larrabide, Pamplona",ESP,05 MAY 2024,05 MAY 2024,0,,61402,1010,61402,https://worldathletics.org/records/competition-performance-rankings/ranking/629112
1011,628999,"Spanish Clubs Championships Primera Division Liga Iberdrola-Leg 2-Match C, Pista de Atletismo de Landako, Durango",ESP,04 MAY 2024,04 MAY 2024,15,628,61377,1011,61392,https://worldathletics.org/records/competition-performance-rankings/ranking/628999
1012,633588,"Kampioenschap van Vlaanderen Cadetten en Scholieren, THES Sport, Tessenderlo",BEL,15 AUG 2024,15 AUG 2024,0,,61357,1012,61357,https://worldathletics.org/records/competition-performance-rankings/ranking/633588
1013,633507,"Championnats Romands, Stade de l'USY, Yverdon-les-Bains",SUI,10 AUG 2024,10 AUG 2024,0,,61322,1013,61322,https://worldathletics.org/records/competition-performance-rankings/ranking/633507
1014,633968,"Baráž o účast v I. lize, General Klapálek ́s stadium, Nové Město nad Metují",CZE,07 SEP 2024,07 SEP 2024,0,,61306,1014,61306,https://worldathletics.org/records/competition-performance-rankings/ranking/633968
1015,627183,"Maryland Invitational, University of Maryland, College Park, MD",USA,22 MAR 2024,23 MAR 2024,0,,61301,1015,61301,https://worldathletics.org/records/competition-performance-rankings/ranking/627183
1016,631601,"7º Circuito Paulista OPEN, Pista de Atletismo CEAR, Campinas",BRA,16 JUN 2024,16 JUN 2024,10,688,61280,1016,61290,https://worldathletics.org/records/competition-performance-rankings/ranking/631601
1017,633602,"U20 International, TVAC, Windsor",GBR,17 AUG 2024,17 AUG 2024,0,,61270,1017,61270,https://worldathletics.org/records/competition-performance-rankings/ranking/633602
1018,630051,"5th Grand Prix Gliwice, Arena Lekkoatletyczna, Gliwice",POL,21 MAY 2024,21 MAY 2024,45,463,61189,1021,61234,https://worldathletics.org/records/competition-performance-rankings/ranking/630051
1019,627253,"Falcon Games, Dwight Yorke Stadium, Port-of-Spain",TTO,23 MAR 2024,24 MAR 2024,5,754,61224,1018,61229,https://worldathletics.org/records/competition-performance-rankings/ranking/627253
1020,630049,"Whitsuntide Games 2024, Kirani James Athletic Stadium, St. George's",GRN,18 MAY 2024,18 MAY 2024,0,,61223,1019,61223,https://worldathletics.org/records/competition-performance-rankings/ranking/630049
1021,626726,"Carifta Trials, Hasely Crawford Stadium, Port-of-Spain",TTO,02 MAR 2024,03 MAR 2024,0,,61201,1020,61201,https://worldathletics.org/records/competition-performance-rankings/ranking/626726
1022,627441,"7th Nara City Record Meeting, Konoike Athletics Stadium, Nara",JPN,29 MAR 2024,29 MAR 2024,20,589,61145,1023,61165,https://worldathletics.org/records/competition-performance-rankings/ranking/627441
1023,635921,"Treloar Shield - Round 4, SOPAC, Sydney",AUS,09 NOV 2024,09 NOV 2024,0,,61158,1022,61158,https://worldathletics.org/records/competition-performance-rankings/ranking/635921
1024,635604,"Grand Prix Sudamericano - Paraguay, Parque Olímpico Pista De Atletismo, Luque, Asunción",PAR,01 NOV 2024,01 NOV 2024,0,,61109,1024,61109,https://worldathletics.org/records/competition-performance-rankings/ranking/635604
1025,628124,"3º Circuito Paulista OPEN, Centro de Atletismo Professor Oswaldo Terra, Sao Bernardo do Campo",BRA,13 APR 2024,13 APR 2024,5,754,61058,1025,61063,https://worldathletics.org/records/competition-performance-rankings/ranking/628124
1026,631214,"II. liga mužů a žen, skupina A, 3. kolo, Mestský Stadion Sletište, Kladno",CZE,08 JUN 2024,08 JUN 2024,0,,61054,1026,61054,https://worldathletics.org/records/competition-performance-rankings/ranking/631214
1027,633539,"Welsh Junior Outdoor T&F Championships, Swansea Bay Sports Park, Swansea",GBR,10 AUG 2024,11 AUG 2024,0,,61030,1027,61030,https://worldathletics.org/records/competition-performance-rankings/ranking/633539
1028,631837,"Ciney Golden Series, Stade Rebompré, Ciney",BEL,22 JUN 2024,22 JUN 2024,0,,60998,1028,60998,https://worldathletics.org/records/competition-performance-rankings/ranking/631837
1029,629135,"CRL Meeting - Bronze Lombardia, Campo Coni, Pavia",ITA,05 MAY 2024,05 MAY 2024,0,,60997,1029,60997,https://worldathletics.org/records/competition-performance-rankings/ranking/629135
1030,629939,"Spanish Clubs Championships Segunda Division Liga Iberdrola-Women's Final A, Estadio de Larrabide, Pamplona",ESP,19 MAY 2024,19 MAY 2024,0,,60965,1030,60965,https://worldathletics.org/records/competition-performance-rankings/ranking/629939
1031,630107,"HVC, AV Throwers & Rare Air, Lakeside Stadium, Melbourne",AUS,06 APR 2024,06 APR 2024,25,557,60929,1031,60954,https://worldathletics.org/records/competition-performance-rankings/ranking/630107
1032,633355,"York University TFC Twilight 5, Track and Field Centre Outdoor Track, Toronto",CAN,30 JUL 2024,30 JUL 2024,0,,60875,1032,60875,https://worldathletics.org/records/competition-performance-rankings/ranking/633355
1033,631286,"3. kolo II. ligy skupina C, Městský stadion, Jicin",CZE,09 JUN 2024,09 JUN 2024,0,,60859,1033,60859,https://worldathletics.org/records/competition-performance-rankings/ranking/631286
1034,632877,"Campionati Regionali Ind. su Pista Junior/Promesse - 2^ Giornata, Centro Prati Mini, Clusone",ITA,14 JUL 2024,14 JUL 2024,5,754,60851,1034,60856,https://worldathletics.org/records/competition-performance-rankings/ranking/632877
1035,634422,"The 73rd KEIO & DOSHISHA Athletic Meet, Keio Univ. Hiyoshi Athletics Field, Yokohama",JPN,29 SEP 2024,29 SEP 2024,0,,60838,1035,60838,https://worldathletics.org/records/competition-performance-rankings/ranking/634422
1036,626164,"ACNW Track & Field League 3, McArthur Stadium, Potchefstroom",RSA,06 FEB 2024,06 FEB 2024,75,386,60761,1039,60836,https://worldathletics.org/records/competition-performance-rankings/ranking/626164
1037,631446,"Islas Baleares Championships, Pista atletismo Calvia, Calvia",ESP,15 JUN 2024,15 JUN 2024,5,754,60828,1036,60833,https://worldathletics.org/records/competition-performance-rankings/ranking/631446
1038,634093,"Competitie 1e - 2e Divisie Promotie/Degradatie, Atletiek Vereniging Athlos, Harderwijk",NED,15 SEP 2024,15 SEP 2024,5,754,60810,1037,60815,https://worldathletics.org/records/competition-performance-rankings/ranking/634093
1039,629898,"KP Středočeského kraje mužů, žen, juniorů, juniorek, dorostenců a dorostenek, Atletický stadion Mirka Tučka, Kolin",CZE,18 MAY 2024,18 MAY 2024,0,,60808,1038,60808,https://worldathletics.org/records/competition-performance-rankings/ranking/629898
1040,632037,"National Athletics League - Regional North, The Joe Galvin Stadium, Leigh Sports Village, Leigh",GBR,22 JUN 2024,22 JUN 2024,0,,60717,1040,60717,https://worldathletics.org/records/competition-performance-rankings/ranking/632037
1041,627929,"Firenze Sprint Festival, Stadio Luigi Ridolfi, Firenze",ITA,13 APR 2024,13 APR 2024,60,415,60633,1043,60693,https://worldathletics.org/records/competition-performance-rankings/ranking/627929
1042,631548,"Croatian U18 Championships, Stadion SRC Mladost, Čakovec",CRO,15 JUN 2024,16 JUN 2024,0,,60681,1041,60681,https://worldathletics.org/records/competition-performance-rankings/ranking/631548
1043,628897,"1. Mai Meeting, Stadion Schützenmatte, Basel",SUI,01 MAY 2024,01 MAY 2024,35,504,60644,1042,60679,https://worldathletics.org/records/competition-performance-rankings/ranking/628897
1044,631829,"Meeting dei Record, Pista Atletica, Sestriere",ITA,22 JUN 2024,22 JUN 2024,215,215,60400,1052,60615,https://worldathletics.org/records/competition-performance-rankings/ranking/631829
1045,629483,"Greater Manchester County Championships, Market Street Bury, Manchester",GBR,11 MAY 2024,12 MAY 2024,0,,60587,1044,60587,https://worldathletics.org/records/competition-performance-rankings/ranking/629483
1046,632711,"Notturna di Bologna, Campo CUS, Bologna",ITA,10 JUL 2024,10 JUL 2024,0,,60580,1045,60580,https://worldathletics.org/records/competition-performance-rankings/ranking/632711
1047,629117,"Spanish Clubs Championships Primera Division Liga Iberdrola-Leg 2-Match B, Pista atletismo José Maria Escriche, Hueska",ESP,05 MAY 2024,05 MAY 2024,0,,60575,1046,60575,https://worldathletics.org/records/competition-performance-rankings/ranking/629117
1048,630064,"Coupe excellence #1, Piste Ben Leduc, Montréal",CAN,18 MAY 2024,18 MAY 2024,5,754,60563,1047,60568,https://worldathletics.org/records/competition-performance-rankings/ranking/630064
1049,633855,"Serbia Athletics Meeting, Priboj",SRB,04 SEP 2024,04 SEP 2024,180,238,60339,1057,60519,https://worldathletics.org/records/competition-performance-rankings/ranking/633855
1050,627990,"Spanish Clubs Championships Primera Division Liga Joma-Leg 1-Match D, Helmántico, Salamanca",ESP,13 APR 2024,13 APR 2024,5,754,60454,1048,60459,https://worldathletics.org/records/competition-performance-rankings/ranking/627990
1051,626441,"Campeonato Nacional de Municipios y Clubes U20/U18, Estadio de Atletismo - Unidad Deportiva el Salitre, Bogotá",COL,23 FEB 2024,24 FEB 2024,10,688,60432,1049,60442,https://worldathletics.org/records/competition-performance-rankings/ranking/626441
1052,633180,"Olympia Farewell - Sprint, Mommsenstadion, Berlin",GER,26 JUL 2024,26 JUL 2024,110,329,60327,1060,60437,https://worldathletics.org/records/competition-performance-rankings/ranking/633180
1053,629945,"Circuito B FAPUR - Road to National, Pista Atletica Raul Rodriguez, Villalba",PUR,18 MAY 2024,18 MAY 2024,0,,60425,1050,60425,https://worldathletics.org/records/competition-performance-rankings/ranking/629945
1054,630995,"World Continental Tour Challenger - Mario Paz, Gobierno Autónomo Municipal de Cochabamba, Cochabamba",BOL,08 JUN 2024,08 JUN 2024,75,386,60339,1057,60414,https://worldathletics.org/records/competition-performance-rankings/ranking/630995
1055,628031,"Spanish Clubs Championships Primera Division Liga Iberdrola-Leg 1-Match A, Pista de Atletismo Manolo Jaén, Elche",ESP,14 APR 2024,14 APR 2024,0,,60401,1051,60401,https://worldathletics.org/records/competition-performance-rankings/ranking/628031
1056,626027,"Road Runners Bahamas Invitational, T. Robinson Stadium, Nassau",BAH,10 FEB 2024,10 FEB 2024,0,,60397,1053,60397,https://worldathletics.org/records/competition-performance-rankings/ranking/626027
1056,629482,"Finale Interclubs N2 Bruay, Stade communautaire d'athlétisme, Bruay-la-Buissiere",FRA,12 MAY 2024,12 MAY 2024,155,260,60242,1065,60397,https://worldathletics.org/records/competition-performance-rankings/ranking/629482
1058,630328,"Meeting da Inclusão, Pista Municipal Prof. Mário Moniz Pereira, Lisboa",POR,26 MAY 2024,26 MAY 2024,90,355,60294,1063,60384,https://worldathletics.org/records/competition-performance-rankings/ranking/630328
1059,628368,"University at Buffalo Alumni Invitational, University at Buffalo Stadium, Buffalo, NY",USA,20 APR 2024,20 APR 2024,30,527,60342,1056,60372,https://worldathletics.org/records/competition-performance-rankings/ranking/628368
1060,631661,"Meeting National de Bordeaux, Stade de Stehelin, Bordeaux",FRA,19 JUN 2024,19 JUN 2024,55,431,60313,1062,60368,https://worldathletics.org/records/competition-performance-rankings/ranking/631661
1061,629389,"Nationales Sportfest des Hamburger SV, Jahnkampfbahn, Hamburg",GER,12 MAY 2024,12 MAY 2024,0,,60359,1054,60359,https://worldathletics.org/records/competition-performance-rankings/ranking/629389
1062,633709,"Championnats LBFA Cadets-Scolaires, Stade Naimette-Xhovémont, Liège",BEL,24 AUG 2024,24 AUG 2024,0,,60356,1055,60356,https://worldathletics.org/records/competition-performance-rankings/ranking/633709
1063,633622,"4. kolo II. ligy mužů a žen, skupina C, Městský atletický stadion, Pardubice",CZE,17 AUG 2024,17 AUG 2024,0,,60335,1059,60335,https://worldathletics.org/records/competition-performance-rankings/ranking/633622
1064,633608,"II. liga mužů a žen 4. kolo skupina A, Mestský Stadion Sletište, Kladno",CZE,17 AUG 2024,17 AUG 2024,0,,60317,1061,60317,https://worldathletics.org/records/competition-performance-rankings/ranking/633608
1065,629646,"Harju Cup 1, Harjun stadion, Jyväskylä",FIN,15 MAY 2024,15 MAY 2024,20,589,60286,1064,60306,https://worldathletics.org/records/competition-performance-rankings/ranking/629646
1066,630967,"Meeting National à thème de Colmar, Complexe athlétisme Europe, Colmar",FRA,07 JUN 2024,07 JUN 2024,0,,60178,1066,60178,https://worldathletics.org/records/competition-performance-rankings/ranking/630967
1067,628664,"Interclubs 1er Tour N1-N2-N3, Stade Stéphane Diagana, Blagnac",FRA,28 APR 2024,28 APR 2024,0,,60166,1067,60166,https://worldathletics.org/records/competition-performance-rankings/ranking/628664
1068,633009,"Krakowski Mityng Lekkoatletyczny, Stadion AWF, Kraków",POL,19 JUL 2024,19 JUL 2024,5,754,60095,1068,60100,https://worldathletics.org/records/competition-performance-rankings/ranking/633009
1069,627569,"Festival Nocturno FMAA de Fondo y Medio Fondo, Pista de Atletismo del Centro Deportivo Benito Juárez, Mazatlán",MEX,22 MAR 2024,23 MAR 2024,0,,60066,1069,60066,https://worldathletics.org/records/competition-performance-rankings/ranking/627569
1070,634906,"Pahang Open - Cahya Mata Sarawak Super Series III, Stadium Darul Makmur Kuantan, Kuantan",MAS,18 MAY 2024,19 MAY 2024,10,688,60055,1070,60065,https://worldathletics.org/records/competition-performance-rankings/ranking/634906
1071,632494,"Serbian Team Championships, Atletski Stadion, Kraljevo",SRB,07 JUL 2024,07 JUL 2024,15,628,60039,1071,60054,https://worldathletics.org/records/competition-performance-rankings/ranking/632494
1072,626318,"Circuito de Atletismo Puerto Vallarta, Unidad Deportiva Agustín Flores, Puerto Vallarta",MEX,02 FEB 2024,04 FEB 2024,0,,60021,1072,60021,https://worldathletics.org/records/competition-performance-rankings/ranking/626318
1073,632767,"Ogres novada atklātais čempionāts, Ogres Stadions, Ogre",LAT,13 JUL 2024,13 JUL 2024,15,628,59983,1073,59998,https://worldathletics.org/records/competition-performance-rankings/ranking/632767
1074,626517,"1º Desafio CBAt/CPB, Centro de Treinamento Paralímpico Brasileiro, São Paulo",BRA,25 FEB 2024,25 FEB 2024,140,276,59846,1082,59986,https://worldathletics.org/records/competition-performance-rankings/ranking/626517
1075,629261,"Meeting de Albufeira by AP Victoria Sports & Beach, Pista Atletismo Vitória, Albufeira",POR,05 MAY 2024,05 MAY 2024,45,463,59918,1077,59963,https://worldathletics.org/records/competition-performance-rankings/ranking/629261
1076,630263,"2. kolo II. ligy mužů a žen, skupina C, Stadion Emila Zátopka, Chrudium",CZE,25 MAY 2024,25 MAY 2024,0,,59958,1074,59958,https://worldathletics.org/records/competition-performance-rankings/ranking/630263
1077,632297,"12th Papanastasia Meeting ""K.Papanastasiou Memorial "", Panellinios Sports Club Track, Athina",GRE,23 JUN 2024,23 JUN 2024,45,463,59906,1078,59951,https://worldathletics.org/records/competition-performance-rankings/ranking/632297
1078,631224,"Campionatul National U18 and U16 - Etapa 2, Stadionul Iolanda Balas Soter, Bucureşti",ROU,08 JUN 2024,09 JUN 2024,0,,59945,1075,59945,https://worldathletics.org/records/competition-performance-rankings/ranking/631224
1079,632588,"National Athletics League - Regional North, Bedford Athletic Stadium, Bedford",GBR,07 JUL 2024,07 JUL 2024,0,,59936,1076,59936,https://worldathletics.org/records/competition-performance-rankings/ranking/632588
1080,632975,"Coupe excellence #3, Stade Claude-Ferragne, Laval",CAN,13 JUL 2024,14 JUL 2024,0,,59883,1079,59883,https://worldathletics.org/records/competition-performance-rankings/ranking/632975
1081,633083,"III Meeting Aldahra Lleida UA, Estadi Municipal Les Basses, Lleida",ESP,22 JUN 2024,22 JUN 2024,5,754,59876,1080,59881,https://worldathletics.org/records/competition-performance-rankings/ranking/633083
1082,632381,"Hamilton Canada Day Twilight, Campbell Track, Hamilton",CAN,01 JUL 2024,01 JUL 2024,0,,59869,1081,59869,https://worldathletics.org/records/competition-performance-rankings/ranking/632381
1083,636111,"PATAFA Weekly Relay Finals, Philsport Track Oval, Pasig",PHI,26 OCT 2024,27 OCT 2024,10,688,59811,1083,59821,https://worldathletics.org/records/competition-performance-rankings/ranking/636111
1084,631158,"Kantonale Einkampfmeisterschaften Aargau, Stadion Niedermatten, Wohlen",SUI,08 JUN 2024,09 JUN 2024,0,,59749,1084,59749,https://worldathletics.org/records/competition-performance-rankings/ranking/631158
1085,631951,"Meeting Citta Bolzano Alto Adige - 2° tappa Speed King & Queen, Campo Coni, Bolzano",ITA,22 JUN 2024,22 JUN 2024,0,,59714,1085,59714,https://worldathletics.org/records/competition-performance-rankings/ranking/631951
1086,632891,"Kazakh U20 Championships, Olympic Training Base, Almaty",KAZ,16 JUL 2024,18 JUL 2024,0,,59700,1086,59700,https://worldathletics.org/records/competition-performance-rankings/ranking/632891
1087,629116,"Spanish Clubs Championships Primera Division Liga Joma-Leg 2-Match C, Estadio Vallehermoso, Madrid",ESP,05 MAY 2024,05 MAY 2024,0,,59694,1087,59694,https://worldathletics.org/records/competition-performance-rankings/ranking/629116
1088,629530,"Slovenian U18 Cup Championships, Atletski stadion Poljane, Maribor",SLO,12 MAY 2024,12 MAY 2024,0,,59689,1088,59689,https://worldathletics.org/records/competition-performance-rankings/ranking/629530
1089,632719,"Baltic U18 Team Championships, Tamme staadion, Tartu",EST,11 JUL 2024,11 JUL 2024,0,,59669,1089,59669,https://worldathletics.org/records/competition-performance-rankings/ranking/632719
1090,628033,"Spanish Clubs Championships Primera Division Liga Iberdrola-Leg 1-Match B, Estadio Vallehermoso, Madrid",ESP,14 APR 2024,14 APR 2024,15,628,59643,1091,59658,https://worldathletics.org/records/competition-performance-rankings/ranking/628033
1091,630036,"Velká cena Olomouce, Stadion TJ Lokomotiva Olomouc,, Olomouc",CZE,18 MAY 2024,18 MAY 2024,0,,59649,1090,59649,https://worldathletics.org/records/competition-performance-rankings/ranking/630036
1092,632956,"Japan Inter-Corporate Premium Challenge Games, Denka Big Swan Stadium, Niigata",JPN,13 JUL 2024,14 JUL 2024,0,,59639,1092,59639,https://worldathletics.org/records/competition-performance-rankings/ranking/632956
1093,631676,"UCD Track & Field Meet, UCD Campus Track, Dublin",IRL,19 JUN 2024,19 JUN 2024,0,,59600,1093,59600,https://worldathletics.org/records/competition-performance-rankings/ranking/631676
1094,626122,"Illawong High Velocity Meet, Barden Ridge Athletics Track, Sydney",AUS,10 FEB 2024,10 FEB 2024,0,,59534,1094,59534,https://worldathletics.org/records/competition-performance-rankings/ranking/626122
1095,631822,"14° Memorial Goldoni Benetti, Stadio Ferrarini, Castelfranco Emilia",ITA,20 JUN 2024,20 JUN 2024,30,527,59494,1095,59524,https://worldathletics.org/records/competition-performance-rankings/ranking/631822
1096,630199,"Kyiv AthleticFestival, Pioneer Stadium, Kyiv",UKR,25 MAY 2024,25 MAY 2024,0,,59478,1096,59478,https://worldathletics.org/records/competition-performance-rankings/ranking/630199
1097,636418,"8th Kyushu Kyoritsu University Challenge Meet, Kyushu Kyoritsu University Stadium, Kitakyushu",JPN,02 NOV 2024,04 NOV 2024,45,463,59410,1097,59455,https://worldathletics.org/records/competition-performance-rankings/ranking/636418
1098,631523,"Gran Prix Sudamericano Pedro Galvez Velarde, Estadio Atlético de la VIDENA, Lima",PER,14 JUN 2024,14 JUN 2024,60,415,59362,1098,59422,https://worldathletics.org/records/competition-performance-rankings/ranking/631523
1099,634563,"Torneo Guillermo Garcia Huidobro, Pista Atlética Mario Recordón, Santiago de Chile",CHI,28 SEP 2024,28 SEP 2024,45,463,59336,1100,59381,https://worldathletics.org/records/competition-performance-rankings/ranking/634563
1100,630614,"Kölner Leichtathletik Meeting 2024, NetCologne Stadion, Köln",GER,01 JUN 2024,01 JUN 2024,5,754,59342,1099,59347,https://worldathletics.org/records/competition-performance-rankings/ranking/630614
1101,633442,"GRE-CYP U18 Match, Municipal Stadium, Eleftheroupoli",GRE,31 JUL 2024,01 AUG 2024,0,,59319,1101,59319,https://worldathletics.org/records/competition-performance-rankings/ranking/633442
1102,627184,"EKU spring meet, Tom Samuels Track, Richmond, KY",USA,22 MAR 2024,22 MAR 2024,15,628,59284,1102,59299,https://worldathletics.org/records/competition-performance-rankings/ranking/627184
1103,634082,"Play-offs NK Teams Powered by RFFA, Sportcomplex Het Langepad, Rotterdam",NED,15 SEP 2024,15 SEP 2024,25,557,59267,1104,59292,https://worldathletics.org/records/competition-performance-rankings/ranking/634082
1104,629743,"AAJIPR Annual Championships, Pista Luis F. Sambolin, San Germán",PUR,11 MAY 2024,11 MAY 2024,0,,59269,1103,59269,https://worldathletics.org/records/competition-performance-rankings/ranking/629743
1105,632887,"3° Meeting Internazionale ATL-Etica - 4° Memorial Ivo Merlo, Stadio Comunale, San Vendemiano",ITA,17 JUL 2024,17 JUL 2024,150,264,59063,1111,59213,https://worldathletics.org/records/competition-performance-rankings/ranking/632887
1106,628325,"Mountaineer Twilight, The TF Complex at Mylan Park, Morgantown, WV",USA,20 APR 2024,20 APR 2024,0,,59197,1105,59197,https://worldathletics.org/records/competition-performance-rankings/ranking/628325
1106,630300,"Championnat de zone 78/92 j1, Stade de Montbauron, Versailles",FRA,26 MAY 2024,26 MAY 2024,0,,59197,1105,59197,https://worldathletics.org/records/competition-performance-rankings/ranking/630300
1108,630830,"Euskadi U20/U18 Championships, Mendizorrotza, Vitoria",ESP,01 JUN 2024,02 JUN 2024,0,,59169,1107,59169,https://worldathletics.org/records/competition-performance-rankings/ranking/630830
1109,630904,"Meeting Dijon UC, Stade Colette Besson, Dijon",FRA,05 JUN 2024,05 JUN 2024,15,628,59138,1109,59153,https://worldathletics.org/records/competition-performance-rankings/ranking/630904
1110,634069,"Croatian U23 Championships, Stadion ŠC Sloboda, Varaždin",CRO,14 SEP 2024,15 SEP 2024,0,,59142,1108,59142,https://worldathletics.org/records/competition-performance-rankings/ranking/634069
1111,632415,"15th National U18 Athletics Meeting, Jeongseon Sports Complex, Jeongseon",KOR,23 JUN 2024,26 JUN 2024,0,,59075,1110,59075,https://worldathletics.org/records/competition-performance-rankings/ranking/632415
1112,631974,"Competitie 2e Divisie Poule 3 R3, Atletiekvereniging Almere '81, Almere",NED,23 JUN 2024,23 JUN 2024,10,688,59033,1112,59043,https://worldathletics.org/records/competition-performance-rankings/ranking/631974
1113,627365,"Strive Program D, WA Athletics Stadium, Perth",AUS,27 MAR 2024,27 MAR 2024,5,754,58995,1113,59000,https://worldathletics.org/records/competition-performance-rankings/ranking/627365
1114,635334,"Campeonato Paulista Loterias Caixa de Atletismo U23, Centro de Atletismo Professor Oswaldo Terra, Sao Bernardo do Campo",BRA,18 OCT 2024,20 OCT 2024,5,754,58934,1114,58939,https://worldathletics.org/records/competition-performance-rankings/ranking/635334
1115,630446,"Meeting National Est Lyonnais, Stade Raymond Troussier, Decines",FRA,04 MAY 2024,04 MAY 2024,275,189,58637,1132,58912,https://worldathletics.org/records/competition-performance-rankings/ranking/630446
1116,625813,"Star Trackers Invitational, T. Robinson Stadium, Nassau",BAH,03 FEB 2024,03 FEB 2024,0,,58902,1115,58902,https://worldathletics.org/records/competition-performance-rankings/ranking/625813
1117,631221,"ILV-Event, Stadion Allmend, Luzern",SUI,08 JUN 2024,09 JUN 2024,0,,58865,1116,58865,https://worldathletics.org/records/competition-performance-rankings/ranking/631221
1117,633619,"Terug van vakantie, Sportpark Stappegoor, Tilburg",NED,18 AUG 2024,18 AUG 2024,55,431,58810,1119,58865,https://worldathletics.org/records/competition-performance-rankings/ranking/633619
1119,628636,"1er tour interclubs, Parc des Sports Bernard Amsalem, Val-de-Reuil",FRA,28 APR 2024,28 APR 2024,15,628,58827,1118,58842,https://worldathletics.org/records/competition-performance-rankings/ranking/628636
1119,635384,"Spanish U20 Clubs Championships, Estadio Vallehermoso, Madrid",ESP,26 OCT 2024,26 OCT 2024,0,,58842,1117,58842,https://worldathletics.org/records/competition-performance-rankings/ranking/635384
1121,627982,"Spanish Clubs Championships Primera Division Liga Joma-Leg 1-Match B, Pista de Atletismo del Polideportivo Municipal de Gandia, Gandía",ESP,13 APR 2024,13 APR 2024,0,,58805,1120,58805,https://worldathletics.org/records/competition-performance-rankings/ranking/627982
1122,636881,"Treloar Shield - Final, SOPAC, Sydney",AUS,14 DEC 2024,14 DEC 2024,5,754,58796,1121,58801,https://worldathletics.org/records/competition-performance-rankings/ranking/636881
1123,628766,"Tårnby Games, Tårnby Stadion, Tårnby",DEN,27 APR 2024,28 APR 2024,10,688,58713,1125,58723,https://worldathletics.org/records/competition-performance-rankings/ranking/628766
1123,629300,"24. Raiffeisen Auffahrtsmeeting, Burgerfeld, Kreuzlingen",SUI,09 MAY 2024,09 MAY 2024,0,,58723,1122,58723,https://worldathletics.org/records/competition-performance-rankings/ranking/629300
1123,632487,"Aita- ja pikajuoksukarnevaalit, Oinaalan urheilukenttä, Jämsänkoski",FIN,04 JUL 2024,07 JUL 2024,0,,58723,1122,58723,https://worldathletics.org/records/competition-performance-rankings/ranking/632487
1126,631950,"Jeleniogórski mityng ogólnopolski, Stadion Miejski, Jelenia Góra",POL,22 JUN 2024,22 JUN 2024,0,,58721,1124,58721,https://worldathletics.org/records/competition-performance-rankings/ranking/631950
1127,631724,"Grand Prix Sudamericano Memorial Brigido Iriarte, Estadio Brigido Iriarte, Caracas",VEN,20 JUN 2024,20 JUN 2024,50,442,58665,1131,58715,https://worldathletics.org/records/competition-performance-rankings/ranking/631724
1128,637997,"Perlis Open Cahya Mata Super Series V, Tuanku Syed Putra Stadium, Kangar",MAS,12 OCT 2024,13 OCT 2024,5,754,58697,1128,58702,https://worldathletics.org/records/competition-performance-rankings/ranking/637997
1129,629519,"Intercercles TC LBFA | Division I, Centre Sportif Communal de Bertrix, Bertrix",BEL,11 MAY 2024,11 MAY 2024,0,,58701,1126,58701,https://worldathletics.org/records/competition-performance-rankings/ranking/629519
1130,633723,"26th Zachodniopomorski Wieczorny Mityng Biegowy, Stadion Iskra, Bialogard",POL,19 JUL 2024,19 JUL 2024,0,,58700,1127,58700,https://worldathletics.org/records/competition-performance-rankings/ranking/633723
1131,634376,"Slovak TIPOS Athletics League - Final, Mestský atletický štadión Antona Hajmássyho, Trnava",SVK,29 SEP 2024,29 SEP 2024,60,415,58634,1133,58694,https://worldathletics.org/records/competition-performance-rankings/ranking/634376
1132,630816,"Eleftheria Kilkis, Municipal Stadium, Kilkis",GRE,01 JUN 2024,01 JUN 2024,5,754,58679,1129,58684,https://worldathletics.org/records/competition-performance-rankings/ranking/630816
1133,631844,"Meeting du CJF St Malo, Stade de Marville, St-Malo",FRA,22 JUN 2024,22 JUN 2024,0,,58667,1130,58667,https://worldathletics.org/records/competition-performance-rankings/ranking/631844
1134,627113,"Carifta Team vs The Rest, National Track and Field Centre, Leonora",GUY,16 MAR 2024,17 MAR 2024,0,,58620,1134,58620,https://worldathletics.org/records/competition-performance-rankings/ranking/627113
1135,631733,"Veřejné závody PAS, Atletický stadion Slavia Praha, Praha",CZE,21 JUN 2024,21 JUN 2024,0,,58595,1135,58595,https://worldathletics.org/records/competition-performance-rankings/ranking/631733
1136,633613,"BAUHAUS-galan Youth, Olympiastadion, Stockholm",SWE,16 AUG 2024,18 AUG 2024,0,,58570,1136,58570,https://worldathletics.org/records/competition-performance-rankings/ranking/633613
1137,635390,"Treloar Shield - Round 3, MIngara Regional Athletics Centre, Tumbi Umbi",AUS,26 OCT 2024,26 OCT 2024,5,754,58543,1138,58548,https://worldathletics.org/records/competition-performance-rankings/ranking/635390
1138,630010,"Meeting de Laon, Stade Levindrey, Laon",FRA,20 MAY 2024,20 MAY 2024,0,,58545,1137,58545,https://worldathletics.org/records/competition-performance-rankings/ranking/630010
1139,631767,"Tailteann Interprovincial Games, Morton Stadium, Santry, Dublin",IRL,22 JUN 2024,22 JUN 2024,0,,58503,1139,58503,https://worldathletics.org/records/competition-performance-rankings/ranking/631767
1140,634418,"Argentinian U18 Championships, Cef N°3 Hugo Mario La Nasa, Concepción del Uruguay",ARG,28 SEP 2024,29 SEP 2024,0,,58477,1140,58477,https://worldathletics.org/records/competition-performance-rankings/ranking/634418
1141,633497,"Open Avondmeeting, Stedelijke Atletiekpiste, Ninove",BEL,08 AUG 2024,08 AUG 2024,5,754,58463,1141,58468,https://worldathletics.org/records/competition-performance-rankings/ranking/633497
1142,628900,"International Meeting, Stadion Topolica, Bar",MNE,01 MAY 2024,01 MAY 2024,30,527,58381,1143,58411,https://worldathletics.org/records/competition-performance-rankings/ranking/628900
1143,631020,"Championnats Loire et Volcans CJES, Stade P. Marcombes, Clermont-Ferrand",FRA,08 JUN 2024,08 JUN 2024,0,,58399,1142,58399,https://worldathletics.org/records/competition-performance-rankings/ranking/631020
1144,630485,"2nd Nihon University Competition, Nihon University Athletics Stadium, Setagaya, Tokyo",JPN,27 APR 2024,28 APR 2024,60,415,58297,1144,58357,https://worldathletics.org/records/competition-performance-rankings/ranking/630485
1145,631947,"Campeonato Regional U23 e Seniores, Pista Municipal Prof. Mário Moniz Pereira, Lisboa",POR,22 JUN 2024,23 JUN 2024,45,463,58243,1147,58288,https://worldathletics.org/records/competition-performance-rankings/ranking/631947
1146,630327,"Championnat de zone 93, Stade du Moulin Neuf, Aulnay-sous-Bois",FRA,25 MAY 2024,26 MAY 2024,0,,58287,1145,58287,https://worldathletics.org/records/competition-performance-rankings/ranking/630327
1147,628968,"The Hill City Twilight, Shellenberger Field & Dr. Jack M. Toms Track, Lynchburg, VA",USA,03 MAY 2024,03 MAY 2024,65,402,58207,1151,58272,https://worldathletics.org/records/competition-performance-rankings/ranking/628968
1148,636508,"Treloar Shield - Round 6, Blacktown Athletics Track, Sydney",AUS,30 NOV 2024,30 NOV 2024,5,754,58244,1146,58249,https://worldathletics.org/records/competition-performance-rankings/ranking/636508
1149,631199,"Madrid U18 Championships, Aluche, Madrid",ESP,08 JUN 2024,09 JUN 2024,0,,58236,1148,58236,https://worldathletics.org/records/competition-performance-rankings/ranking/631199
1150,634658,"Czech U18 Team Championships, Mestský Stadion Sletište, Kladno",CZE,06 OCT 2024,06 OCT 2024,0,,58224,1149,58224,https://worldathletics.org/records/competition-performance-rankings/ranking/634658
1151,632647,"Trofeo Bracco, Centro di Atletica, Busto Arsizio",ITA,10 JUL 2024,10 JUL 2024,0,,58213,1150,58213,https://worldathletics.org/records/competition-performance-rankings/ranking/632647
1152,630846,"Northern Inter-County Championships, Stanley Park Athletics Arena, Blackpool",GBR,27 MAY 2024,27 MAY 2024,0,,58176,1152,58176,https://worldathletics.org/records/competition-performance-rankings/ranking/630846
1153,632942,"Campionati Regionali Individuali Junior e Promesse, Stadio M.S. Cozzoli, Molfetta",ITA,13 JUL 2024,14 JUL 2024,0,,58166,1153,58166,https://worldathletics.org/records/competition-performance-rankings/ranking/632942
1154,631146,"Ecuadorian U20 Championships, La Vicentina, Quito",ECU,08 JUN 2024,09 JUN 2024,0,,58150,1154,58150,https://worldathletics.org/records/competition-performance-rankings/ranking/631146
1155,631683,"Kaunas City Senior and Youth Championships, S. Darius & S. Girėnas Stadium, Kaunas",LTU,18 JUN 2024,19 JUN 2024,40,485,58066,1156,58106,https://worldathletics.org/records/competition-performance-rankings/ranking/631683
1156,626108,"Strive Program D, WA Athletics Stadium, Perth",AUS,09 FEB 2024,09 FEB 2024,10,688,58070,1155,58080,https://worldathletics.org/records/competition-performance-rankings/ranking/626108
1157,629173,"Relevos ESEF 2024, Escuela Superior de Educación Física, Ciudad de México",MEX,20 APR 2024,21 APR 2024,0,,58056,1157,58056,https://worldathletics.org/records/competition-performance-rankings/ranking/629173
1158,630978,"Encuentro Jalisco 2024 Profesor Juan Manuel Ruvalcaba Gómez, Pista Luis Quintanar, Guadalajara",MEX,31 MAY 2024,01 JUN 2024,0,,58026,1158,58026,https://worldathletics.org/records/competition-performance-rankings/ranking/630978
1159,631577,"Mityng ogólnopolski, Stadion Miejski, Jelenia Góra",POL,15 JUN 2024,15 JUN 2024,0,,58024,1159,58024,https://worldathletics.org/records/competition-performance-rankings/ranking/631577
1160,634010,"Peruvian U23 Championships, Estadio Atlético de la VIDENA, Lima",PER,16 AUG 2024,17 AUG 2024,5,754,57997,1160,58002,https://worldathletics.org/records/competition-performance-rankings/ranking/634010
1161,631695,"15th Zenica International, Stadion Kamberovića polje, Zenica",BIH,19 JUN 2024,19 JUN 2024,80,376,57894,1165,57974,https://worldathletics.org/records/competition-performance-rankings/ranking/631695
1162,626972,"Meeting UC, Pista Atlética Eliana Gaete Lazo, Santiago de Chile",CHI,16 MAR 2024,16 MAR 2024,15,628,57951,1161,57966,https://worldathletics.org/records/competition-performance-rankings/ranking/626972
1163,631825,"Mityng kwalifikacyjny LOZLA Lublin, Stadion MOSiR, Lublin",POL,22 JUN 2024,22 JUN 2024,5,754,57923,1162,57928,https://worldathletics.org/records/competition-performance-rankings/ranking/631825
1164,631197,"Mistrzostwa Woj. Łódzkiego U18 i U20. Mityng ŁOZLA, Stadion RKS, Łódź",POL,08 JUN 2024,08 JUN 2024,10,688,57899,1163,57909,https://worldathletics.org/records/competition-performance-rankings/ranking/631197
1165,629111,"Spanish Clubs Championships Primera Division Liga Iberdrola-Leg 2-Match D, Pista de Atletismo del Polideportivo Municipal de Gandia, Gandía",ESP,05 MAY 2024,05 MAY 2024,0,,57896,1164,57896,https://worldathletics.org/records/competition-performance-rankings/ranking/629111
1166,631086,"Meeting Regional de l'EAC, Stade Roger Rochard, Evreux",FRA,09 JUN 2024,09 JUN 2024,0,,57862,1166,57862,https://worldathletics.org/records/competition-performance-rankings/ranking/631086
1167,626402,"S.W. Isaac Henry Invitational, National Stadium, Kingston",JAM,17 FEB 2024,17 FEB 2024,80,376,57781,1169,57861,https://worldathletics.org/records/competition-performance-rankings/ranking/626402
1168,635256,"Day five , Nara City Athleics Circuit, Konoike Athletics Stadium, Nara",JPN,14 OCT 2024,14 OCT 2024,0,,57827,1167,57827,https://worldathletics.org/records/competition-performance-rankings/ranking/635256
1169,629157,"Immam Ilyes Athletics Meeting, Medea Athletics Stadium, Medea",ALG,04 MAY 2024,04 MAY 2024,0,,57814,1168,57814,https://worldathletics.org/records/competition-performance-rankings/ranking/629157
1170,632746,"Trevor Craven Memorial Track & Field Meet, Swangard Stadium, Burnaby",CAN,06 JUL 2024,07 JUL 2024,0,,57751,1170,57751,https://worldathletics.org/records/competition-performance-rankings/ranking/632746
1171,626006,"NSW 5000m Championships, SOPAC Warm Up Arena, Sydney",AUS,10 FEB 2024,10 FEB 2024,0,,57743,1171,57743,https://worldathletics.org/records/competition-performance-rankings/ranking/626006
1172,627568,"4rd AAF Elite Event, Complexe Olympique Mohamed Boudiaf, Algiers",ALG,23 FEB 2024,24 FEB 2024,10,688,57671,1173,57681,https://worldathletics.org/records/competition-performance-rankings/ranking/627568
1173,640947,"National Clubs League Final Leg, Aftab Enghelab Sport Complex, Tehran",IRI,05 SEP 2024,06 SEP 2024,5,754,57673,1172,57678,https://worldathletics.org/records/competition-performance-rankings/ranking/640947
1174,629009,"Mityng okręgowy WZLA w Poznaniu, Golęcin Stadion, Poznan",POL,04 MAY 2024,04 MAY 2024,15,628,57658,1175,57673,https://worldathletics.org/records/competition-performance-rankings/ranking/629009
1175,628638,"3° Meeting CUS - Unimore Open, Campo Comunale, Modena",ITA,28 APR 2024,28 APR 2024,0,,57670,1174,57670,https://worldathletics.org/records/competition-performance-rankings/ranking/628638
1176,630189,"True Athletes Classics, Stadion Manfort, Leverkusen",GER,25 MAY 2024,25 MAY 2024,390,146,57226,1176,57616,https://worldathletics.org/records/competition-performance-rankings/ranking/630189
