place,competitionId,competition,country,startDate,endDate,partScore,participationScorePlace,resultScore,resultScorePlace,competitionScore,competitionUrl
1,663143,"World Athletics Ultimate Championship, Nemzeti Atlétikai Központ, Budapest",HUN,11 SEP 2026,13 SEP 2026,8830,1,90186,1,99016,https://worldathletics.org/records/competition-performance-rankings/ranking/663143
2,662924,"Allianz Memorial van Damme, Boudewijnstadion, Bruxelles",BEL,04 SEP 2026,05 SEP 2026,8640,2,89600,2,98240,https://worldathletics.org/records/competition-performance-rankings/ranking/662924
3,662493,"Silesia Kamila Skolimowska Memorial, Stadion Śląski, Chorzów",POL,22 AUG 2026,23 AUG 2026,8430,3,89144,4,97574,https://worldathletics.org/records/competition-performance-rankings/ranking/662493
4,662611,"Weltklasse Zürich, Letzigrund, Zürich",SUI,26 AUG 2026,27 AUG 2026,7710,5,89403,3,97353,https://worldathletics.org/records/competition-performance-rankings/ranking/662611
5,661311,"Prefontaine Classic, Hayward Field, Eugene, OR",USA,03 JUL 2026,04 JUL 2026,8180,4,88595,6,96775,https://worldathletics.org/records/competition-performance-rankings/ranking/661311
6,661074,"Meeting de Paris, Stade Charléty, Paris",FRA,28 JUN 2026,28 JUN 2026,6630,10,88850,5,95480,https://worldathletics.org/records/competition-performance-rankings/ranking/661074
7,661743,"Novuna London Athletics Meet, Olympic Stadium, London",GBR,18 JUL 2026,18 JUL 2026,6580,11,88533,7,95233,https://worldathletics.org/records/competition-performance-rankings/ranking/661743
8,662456,"Athletissima Lausanne, Stade Olympique de la Pontaise, Lausanne",SUI,20 AUG 2026,21 AUG 2026,7380,6,87742,11,95122,https://worldathletics.org/records/competition-performance-rankings/ranking/662456
9,661504,"Meeting International d’Athlétisme Herculis EBS, Stade Louis II, Monaco",MON,10 JUL 2026,10 JUL 2026,6685,9,88260,9,95065,https://worldathletics.org/records/competition-performance-rankings/ranking/661504
10,658567,"Wanda Diamond League, China Textile City Sports Centre, Shaoxing/Keqiao",CHN,16 MAY 2026,16 MAY 2026,6470,12,88474,8,94944,https://worldathletics.org/records/competition-performance-rankings/ranking/658567
11,659691,"Meeting International Mohammed VI d'Athletisme de Rabat, Complexe Sportif Prince Moulay Abdellah, Rabat",MAR,31 MAY 2026,31 MAY 2026,7060,7,87694,13,94754,https://worldathletics.org/records/competition-performance-rankings/ranking/659691
12,659093,"Wanda Diamond League Xiamen, Egret Stadium, Xiamen",CHN,23 MAY 2026,23 MAY 2026,6705,8,87703,12,94408,https://worldathletics.org/records/competition-performance-rankings/ranking/659093
13,660341,"Oslo Bislett Games, Bislett Stadion, Oslo",NOR,10 JUN 2026,10 JUN 2026,6335,15,87359,14,93694,https://worldathletics.org/records/competition-performance-rankings/ranking/660341
14,659942,"Golden Gala Pietro Mennea, Stadio Olimpico, Roma",ITA,04 JUN 2026,04 JUN 2026,6420,13,87183,15,93603,https://worldathletics.org/records/competition-performance-rankings/ranking/659942
15,661624,"Gyulai István Memorial - Hungarian Athletics Grand Prix, Nemzeti Atlétikai Központ, Budapest",HUN,14 JUL 2026,14 JUL 2026,5515,16,88066,10,93581,https://worldathletics.org/records/competition-performance-rankings/ranking/661624
16,660063,"BAUHAUS-Galan, Olympiastadion, Stockholm",SWE,07 JUN 2026,07 JUN 2026,6420,13,87142,16,93562,https://worldathletics.org/records/competition-performance-rankings/ranking/660063
17,660456,"USATF LA Grand Prix, USC Allyson Felix at Loker Track Stadium, Los Angeles, CA",USA,13 JUN 2026,14 JUN 2026,4955,18,86638,17,91593,https://worldathletics.org/records/competition-performance-rankings/ranking/660456
18,660688,"Doha Meeting, Suhaim bin Hamad Stadium, Doha",QAT,19 JUN 2026,19 JUN 2026,5215,17,86295,20,91510,https://worldathletics.org/records/competition-performance-rankings/ranking/660688
19,660999,"76. Boris Hanžeković Memorial, Sports Park Mladost, Zagreb",CRO,24 JUN 2026,26 JUN 2026,3865,19,86199,21,90064,https://worldathletics.org/records/competition-performance-rankings/ranking/660999
20,660035,"USATF Lone Star Grand Prix, Cushing Stadium, College Station, TX",USA,06 JUN 2026,06 JUN 2026,3190,24,86632,18,89822,https://worldathletics.org/records/competition-performance-rankings/ranking/660035
21,662665,"Grand Prix Brescia, Centro Gabre Gabric, Brescia",ITA,30 AUG 2026,30 AUG 2026,3625,20,86058,22,89683,https://worldathletics.org/records/competition-performance-rankings/ranking/662665
22,662668,"GalAthletics Bellinzona, Stadio Comunale, Bellinzona",SUI,30 AUG 2026,30 AUG 2026,3435,21,85441,25,88876,https://worldathletics.org/records/competition-performance-rankings/ranking/662668
23,660564,"65th Ostrava Golden Spike, Mestský Stadion, Ostrava",CZE,16 JUN 2026,16 JUN 2026,3310,22,85496,24,88806,https://worldathletics.org/records/competition-performance-rankings/ranking/660564
24,659877,"Paavo Nurmi Games, Paavo Nurmen Stadion, Turku",FIN,03 JUN 2026,03 JUN 2026,3220,23,85337,26,88557,https://worldathletics.org/records/competition-performance-rankings/ranking/659877
25,656930,"Tom Jones Memorial, Percy Beard Track, Gainesville, FL",USA,16 APR 2026,18 APR 2026,2160,30,86341,19,88501,https://worldathletics.org/records/competition-performance-rankings/ranking/656930
26,661875,"Ed Murphey Classic, Billy J. Murphy Track and Field Complex, Memphis, TN",USA,10 JUL 2026,11 JUL 2026,2320,28,85583,23,87903,https://worldathletics.org/records/competition-performance-rankings/ranking/661875
27,660750,"FBK Games, FBK Stadium, Hengelo",NED,21 JUN 2026,21 JUN 2026,2635,26,84931,28,87566,https://worldathletics.org/records/competition-performance-rankings/ranking/660750
28,662662,"ISTAF 2026, Olympiastadion, Berlin",GER,30 AUG 2026,30 AUG 2026,2910,25,84228,33,87138,https://worldathletics.org/records/competition-performance-rankings/ranking/662662
29,661696,"Meeting Madrid, Estadio Vallehermoso, Madrid",ESP,16 JUL 2026,16 JUL 2026,2105,31,84938,27,87043,https://worldathletics.org/records/competition-performance-rankings/ranking/661696
30,662962,"62° Palio Città della Quercia, Stadio Quercia, Rovereto",ITA,08 SEP 2026,08 SEP 2026,1995,33,84832,29,86827,https://worldathletics.org/records/competition-performance-rankings/ranking/662962
31,657431,"Kip Keino Classic, Nyayo National Stadium, Nairobi",KEN,24 APR 2026,24 APR 2026,2450,27,84266,32,86716,https://worldathletics.org/records/competition-performance-rankings/ranking/657431
32,659144,"LA Track Festival, Drake Stadium, Los Angeles, CA",USA,23 MAY 2026,23 MAY 2026,1470,42,84741,30,86211,https://worldathletics.org/records/competition-performance-rankings/ranking/659144
33,658636,"SEIKO Golden Grand Prix, National Stadium, Tokyo",JPN,17 MAY 2026,17 MAY 2026,2230,29,83505,37,85735,https://worldathletics.org/records/competition-performance-rankings/ranking/658636
34,661278,"Meeting Stanislas Nancy, Stade Raymond Petit, Tomblaine",FRA,03 JUL 2026,03 JUL 2026,1410,43,84150,34,85560,https://worldathletics.org/records/competition-performance-rankings/ranking/661278
35,659532,"8th Irena Szewińska Memorial, Zdzisław Krzyszkowiak Stadium, Bydgoszcz",POL,29 MAY 2026,29 MAY 2026,1795,36,83433,39,85228,https://worldathletics.org/records/competition-performance-rankings/ranking/659532
36,661565,"Edmonton Athletics Invitational, Foote Field, Edmonton",CAN,12 JUL 2026,12 JUL 2026,1055,58,84147,35,85202,https://worldathletics.org/records/competition-performance-rankings/ranking/661565
37,661103,"Znamensky Memorial, Luzhniki Stadion, Moskva",RUS,04 JUN 2026,07 JUN 2026,1690,37,83444,38,85134,https://worldathletics.org/records/competition-performance-rankings/ranking/661103
38,661701,"Spitzen Leichtathletik Luzern, Stadion Allmend, Luzern",SUI,16 JUL 2026,16 JUL 2026,1970,34,83149,41,85119,https://worldathletics.org/records/competition-performance-rankings/ranking/661701
39,657164,"Mt. SAC Relays, Hilmer Lodge Stadium, Walnut, CA",USA,15 APR 2026,18 APR 2026,1320,46,83755,36,85075,https://worldathletics.org/records/competition-performance-rankings/ranking/657164
40,662126,"IFAM Oordegem, Putbosstadion, Oordegem",BEL,01 AUG 2026,01 AUG 2026,760,71,84292,31,85052,https://worldathletics.org/records/competition-performance-rankings/ranking/662126
41,659683,"Goldenes Oval, Heinz-Steyer-Stadion, Dresden",GER,31 MAY 2026,31 MAY 2026,2005,32,82567,52,84572,https://worldathletics.org/records/competition-performance-rankings/ranking/659683
42,661077,"Czesław Cybulski Memorial, Golęcin Stadion, Poznan",POL,28 JUN 2026,28 JUN 2026,1390,44,82753,48,84143,https://worldathletics.org/records/competition-performance-rankings/ranking/661077
43,661849,"TIPOS P-T-S Meeting, Štadión SNP, Banská Bystrica",SVK,21 JUL 2026,21 JUL 2026,1520,40,82616,51,84136,https://worldathletics.org/records/competition-performance-rankings/ranking/661849
44,658913,"15th Savona International Meeting, Centro Sportivo Fontanassa, Savona",ITA,20 MAY 2026,20 MAY 2026,1240,48,82760,47,84000,https://worldathletics.org/records/competition-performance-rankings/ranking/658913
45,657238,"Botswana Golden Grand Prix, National Stadium, Gaborone",BOT,26 APR 2026,26 APR 2026,1125,52,82865,45,83990,https://worldathletics.org/records/competition-performance-rankings/ranking/657238
46,662580,"9. International Wiesław Maniak Memorial, Wieslaw Maniak Municipal Athletic Stadium, Szczecin",POL,26 AUG 2026,26 AUG 2026,1250,47,82735,49,83985,https://worldathletics.org/records/competition-performance-rankings/ranking/662580
47,659247,"IFAM Outdoor, Boudewijnstadion, Bruxelles",BEL,23 MAY 2026,24 MAY 2026,740,75,83197,40,83937,https://worldathletics.org/records/competition-performance-rankings/ranking/659247
48,661786,"Night of Athletics, Stadion De Veen, Heusden-Zolder",BEL,18 JUL 2026,18 JUL 2026,900,63,82981,44,83881,https://worldathletics.org/records/competition-performance-rankings/ranking/661786
49,659187,"61. Internationales Pfingstsportfest Rehlingen, Bungertstadion, Rehlingen",GER,24 MAY 2026,24 MAY 2026,1690,37,82095,63,83785,https://worldathletics.org/records/competition-performance-rankings/ranking/659187
50,656423,"Battle on the Bayou, LSU Bernie Moore Stadium, Baton Rouge, LA",USA,03 APR 2026,04 APR 2026,680,81,83014,43,83694,https://worldathletics.org/records/competition-performance-rankings/ranking/656423
51,656144,"Maurie Plant Meet, Lakeside Stadium, Melbourne",AUS,27 MAR 2026,28 MAR 2026,1965,35,81704,69,83669,https://worldathletics.org/records/competition-performance-rankings/ranking/656144
52,662483,"Felix Sanchez Classic, Pista de Atletismo Felix Sanchez, Santo Domingo",DOM,22 AUG 2026,22 AUG 2026,1230,49,82438,56,83668,https://worldathletics.org/records/competition-performance-rankings/ranking/662483
53,656515,"Pepsi Florida Relays, Percy Beard Track, Gainesville, FL",USA,03 APR 2026,04 APR 2026,550,98,83103,42,83653,https://worldathletics.org/records/competition-performance-rankings/ranking/656515
54,657513,"Simbine Classic, Pilditch Stadium, Pretoria",RSA,28 APR 2026,28 APR 2026,1055,58,82544,53,83599,https://worldathletics.org/records/competition-performance-rankings/ranking/657513
55,661097,"Meeting International Troyes Aube, Stade d'Athletisme Pierre Voillequin, Troyes",FRA,28 JUN 2026,28 JUN 2026,620,89,82837,46,83457,https://worldathletics.org/records/competition-performance-rankings/ranking/661097
56,656582,"Clyde Littlefield Texas Relays presented by Truist, Mike A. Myers Stadium, Austin, TX",USA,01 APR 2026,04 APR 2026,770,70,82671,50,83441,https://worldathletics.org/records/competition-performance-rankings/ranking/656582
57,662778,"Serbia Athletics Meeting, Atletski stadion, Smederevo",SRB,02 SEP 2026,02 SEP 2026,1135,51,82241,59,83376,https://worldathletics.org/records/competition-performance-rankings/ranking/662778
58,661539,"Moore-Guldensporenmeeting, Sportcentrum Wembley, Kortrijk",BEL,11 JUL 2026,11 JUL 2026,635,88,82534,54,83169,https://worldathletics.org/records/competition-performance-rankings/ranking/661539
59,660612,"Meeting International de Montreuil, Stade Jean Delbert, Montreuil",FRA,17 JUN 2026,17 JUN 2026,965,61,82097,62,83062,https://worldathletics.org/records/competition-performance-rankings/ranking/660612
60,660695,"28. Anhalt Meeting Dessau, Paul-Greifzu-Stadion, Dessau",GER,19 JUN 2026,19 JUN 2026,865,64,82153,61,83018,https://worldathletics.org/records/competition-performance-rankings/ranking/660695
61,659716,"Music City Track Carnival, Ray Conn Sports Complex, Cleveland, TN",USA,29 MAY 2026,30 MAY 2026,440,115,82470,55,82910,https://worldathletics.org/records/competition-performance-rankings/ranking/659716
62,661216,"Chinese Athletics Meet, Kuishan Sports Center, Rizhao",CHN,26 JUN 2026,28 JUN 2026,1025,60,81806,66,82831,https://worldathletics.org/records/competition-performance-rankings/ranking/661216
63,658852,"ACC Outdoor Track & Field Championships, Cardinal Park, Louisville, KY",USA,14 MAY 2026,16 MAY 2026,380,130,82377,57,82757,https://worldathletics.org/records/competition-performance-rankings/ranking/658852
64,661677,"Meeting International d'Athlétisme de la Province de Liège, Province Naimette Arena, Liège",BEL,15 JUL 2026,15 JUL 2026,545,99,82163,60,82708,https://worldathletics.org/records/competition-performance-rankings/ranking/661677
65,661694,"Bryan Clay Invitational, Cougar Athletic Stadium, Azusa, CA",USA,09 APR 2026,18 APR 2026,290,154,82281,58,82571,https://worldathletics.org/records/competition-performance-rankings/ranking/661694
66,661414,"Míting Internacional Ciutat de Barcelona, Estadi Joan Serrahima, Barcelona",ESP,07 JUL 2026,07 JUL 2026,560,97,81901,64,82461,https://worldathletics.org/records/competition-performance-rankings/ranking/661414
67,657667,"Desert Heat Classic, Univ. of Arizona Roy P. Drachman Stadium, Tucson, AZ",USA,02 MAY 2026,02 MAY 2026,500,104,81886,65,82386,https://worldathletics.org/records/competition-performance-rankings/ranking/657667
68,658174,"13th Kinami Michitaka Memorial Athletics Meet, Yanmar Stadium Nagai, Osaka",JPN,10 MAY 2026,10 MAY 2026,615,90,81744,68,82359,https://worldathletics.org/records/competition-performance-rankings/ranking/658174
69,661460,"Meeting Lignano, Stadio G. Teghil, Lignano Sabbiadoro",ITA,08 JUL 2026,08 JUL 2026,670,84,81660,70,82330,https://worldathletics.org/records/competition-performance-rankings/ranking/661460
70,657663,"East Coast Relays, University of North Florda Jax Track at Hodges Stadium, Jacksonville, FL",USA,01 MAY 2026,02 MAY 2026,490,105,81781,67,82271,https://worldathletics.org/records/competition-performance-rankings/ranking/657663
71,663269,"72. ORLEN Janusz Kusocinski Memorial, Stadion Śląski, Chorzów",POL,18 SEP 2026,18 SEP 2026,1095,55,81117,72,82212,https://worldathletics.org/records/competition-performance-rankings/ranking/663269
72,660990,"ATX Classic, Southwestern University Track Stadium, Georgetown, TX",USA,20 JUN 2026,20 JUN 2026,490,105,81632,71,82122,https://worldathletics.org/records/competition-performance-rankings/ranking/660990
73,660457,"Folksam Grand Prix Sollentuna, Sollentunavallen, Sollentuna",SWE,14 JUN 2026,14 JUN 2026,1375,45,80648,83,82023,https://worldathletics.org/records/competition-performance-rankings/ranking/660457
74,661569,"Tampere Meeting, Ratinan Stadion, Tampere",FIN,12 JUL 2026,12 JUL 2026,755,73,80932,76,81687,https://worldathletics.org/records/competition-performance-rankings/ranking/661569
75,661507,"Morton Games, Morton Stadium, Santry, Dublin",IRL,10 JUL 2026,10 JUL 2026,755,73,80886,78,81641,https://worldathletics.org/records/competition-performance-rankings/ranking/661507
76,657662,"LSU Invitational, LSU Bernie Moore Stadium, Baton Rouge, LA",USA,02 MAY 2026,02 MAY 2026,525,102,80969,75,81494,https://worldathletics.org/records/competition-performance-rankings/ranking/657662
77,660702,"40ème Meeting International Montgeron-Essonne, Stade Pierre de Coubertin, Montgeron",FRA,19 JUN 2026,19 JUN 2026,435,116,81037,73,81472,https://worldathletics.org/records/competition-performance-rankings/ranking/660702
78,659376,"USATF Throws Festival, Univ. of Arizona Roy P. Drachman Stadium, Tucson, AZ",USA,23 MAY 2026,23 MAY 2026,1670,39,79715,105,81385,https://worldathletics.org/records/competition-performance-rankings/ranking/659376
79,662557,"Folksam Grand Prix Göteborg, Slottsskogsvallen, Göteborg",SWE,23 AUG 2026,24 AUG 2026,1110,53,80179,91,81289,https://worldathletics.org/records/competition-performance-rankings/ranking/662557
80,654620,"Perth Track Classic, WA Athletics Stadium, Perth",AUS,14 FEB 2026,14 FEB 2026,585,93,80682,82,81267,https://worldathletics.org/records/competition-performance-rankings/ranking/654620
81,659750,"Josef Odlozil Memorial, Stadion Juliska, Praha",CZE,01 JUN 2026,01 JUN 2026,945,62,80308,88,81253,https://worldathletics.org/records/competition-performance-rankings/ranking/659750
81,661528,"Meeting of Braga, Estádio 1o de Maio, Braga",POR,11 JUL 2026,11 JUL 2026,480,108,80773,80,81253,https://worldathletics.org/records/competition-performance-rankings/ranking/661528
83,662349,"Fuji Hokuroku World Trial, Hokuroku Park Athletic Field, Fujiyoshida",JPN,09 AUG 2026,09 AUG 2026,330,140,80902,77,81232,https://worldathletics.org/records/competition-performance-rankings/ranking/662349
84,661442,"X Ordizia Meeting - International Meeting Jose Antonio Peña, Altamira estadioa, Ordizia",ESP,04 JUL 2026,04 JUL 2026,335,138,80848,79,81183,https://worldathletics.org/records/competition-performance-rankings/ranking/661442
85,657269,"LSU Alumni Gold, LSU Bernie Moore Stadium, Baton Rouge, LA",USA,25 APR 2026,25 APR 2026,175,220,80999,74,81174,https://worldathletics.org/records/competition-performance-rankings/ranking/657269
86,661215,"Fribourg International Meeting, Stade universitaire de St-Léonard, Fribourg",SUI,30 JUN 2026,01 JUL 2026,420,121,80629,84,81049,https://worldathletics.org/records/competition-performance-rankings/ranking/661215
87,657661,"Torrin Lawrence Memorial, Spec Towns Track, Athens, GA",USA,01 MAY 2026,02 MAY 2026,395,125,80595,85,80990,https://worldathletics.org/records/competition-performance-rankings/ranking/657661
88,663534,"Trond Mohn Games, Fana Stadion, Bergen",NOR,28 MAY 2026,28 MAY 2026,1510,41,79412,112,80922,https://worldathletics.org/records/competition-performance-rankings/ranking/663534
89,656409,"Stanford Invitational, Cobb Track and Angell Field, Palo Alto, CA",USA,03 APR 2026,04 APR 2026,165,229,80685,81,80850,https://worldathletics.org/records/competition-performance-rankings/ranking/656409
90,656659,"Spec Towns Invitational, Spec Towns Track, Athens, GA",USA,09 APR 2026,11 APR 2026,355,135,80400,86,80755,https://worldathletics.org/records/competition-performance-rankings/ranking/656659
91,661145,"Penn Relay Carnival, Franklin Field, Philadelphia, PA",USA,23 APR 2026,25 APR 2026,1070,57,79637,108,80707,https://worldathletics.org/records/competition-performance-rankings/ranking/661145
92,659715,"Meeting International de Forbach, Stade Omnisports Schlossberg, Forbach",FRA,31 MAY 2026,31 MAY 2026,655,86,80025,96,80680,https://worldathletics.org/records/competition-performance-rankings/ranking/659715
93,656938,"Addis Ababa Grand Prix, Addis Ababa Stadium, Addis Ababa",ETH,18 APR 2026,18 APR 2026,565,96,80079,94,80644,https://worldathletics.org/records/competition-performance-rankings/ranking/656938
94,657460,"60th Oda Mikio Memorial, Municipal Stadium, Hiroshima",JPN,29 APR 2026,29 APR 2026,690,79,79926,98,80616,https://worldathletics.org/records/competition-performance-rankings/ranking/657460
95,659941,"Liese Prokop Memorial, Sportzentrum Niederösterreich, St. Pölten",AUT,04 JUN 2026,04 JUN 2026,460,112,80152,93,80612,https://worldathletics.org/records/competition-performance-rankings/ranking/659941
96,656221,"Raleigh Relays, Paul Derr TF Facility, Raleigh, NC",USA,26 MAR 2026,28 MAR 2026,165,229,80388,87,80553,https://worldathletics.org/records/competition-performance-rankings/ranking/656221
97,661493,"Cup of the Strongest Athletes of Russia and Belarus, Meteor, Zhukovskiy",RUS,03 JUL 2026,05 JUL 2026,685,80,79848,101,80533,https://worldathletics.org/records/competition-performance-rankings/ranking/661493
98,657323,"Michael Johnson Invitational, Clyde Hart Track & Field Stadium, Waco, TX",USA,24 APR 2026,25 APR 2026,240,177,80191,90,80431,https://worldathletics.org/records/competition-performance-rankings/ranking/657323
99,660061,"Halina Konopacka Classic, Stadion Podskarbińska, Warszawa",POL,07 JUN 2026,07 JUN 2026,855,66,79564,109,80419,https://worldathletics.org/records/competition-performance-rankings/ranking/660061
100,661463,"Cork City Sports, Munster Technological University Track, Cork",IRL,08 JUL 2026,08 JUL 2026,485,107,79908,99,80393,https://worldathletics.org/records/competition-performance-rankings/ranking/661463
101,659906,"Royal City Inferno Track and Field Festival, Alumni Stadium, Guelph",CAN,03 JUN 2026,03 JUN 2026,185,213,80169,92,80354,https://worldathletics.org/records/competition-performance-rankings/ranking/659906
102,656677,"44 Farms Team Invitational, Cushing Stadium, College Station, TX",USA,09 APR 2026,11 APR 2026,215,194,80070,95,80285,https://worldathletics.org/records/competition-performance-rankings/ranking/656677
103,657703,"Duke Twilight, Morris Williams T&F Stadium, Durham, NC",USA,03 MAY 2026,03 MAY 2026,65,382,80201,89,80266,https://worldathletics.org/records/competition-performance-rankings/ranking/657703
104,655375,"Gibson McCook Relays, National Stadium, Kingston",JAM,28 FEB 2026,28 FEB 2026,570,95,79692,106,80262,https://worldathletics.org/records/competition-performance-rankings/ranking/655375
105,661480,"Meeting voor Mon - Polsstokgala, Atletiek Arena Gaston Roelants Kessel-Lo, Oude Markt, Leuven",BEL,04 JUL 2026,04 JUL 2026,295,151,79963,97,80258,https://worldathletics.org/records/competition-performance-rankings/ranking/661480
106,658121,"Arkansas Twilight, John McDonnell Field, Fayetteville, AR",USA,08 MAY 2026,08 MAY 2026,510,103,79719,104,80229,https://worldathletics.org/records/competition-performance-rankings/ranking/658121
107,660277,"Motonet GP Lahti, Stadion, Lahti",FIN,10 JUN 2026,10 JUN 2026,670,84,79520,110,80190,https://worldathletics.org/records/competition-performance-rankings/ranking/660277
108,662429,"Espoo Motonet GP, Leppävaaran Stadion, Espoo",FIN,19 AUG 2026,19 AUG 2026,675,82,79510,111,80185,https://worldathletics.org/records/competition-performance-rankings/ranking/662429
109,662686,"Finnkampen, Olympiastadion, Helsinki",FIN,29 AUG 2026,30 AUG 2026,1175,50,78978,125,80153,https://worldathletics.org/records/competition-performance-rankings/ranking/662686
110,657071,"Virginia Challenge, UVA Lanningan Field, Charlottesville, VA",USA,16 APR 2026,18 APR 2026,255,170,79863,100,80118,https://worldathletics.org/records/competition-performance-rankings/ranking/657071
111,662482,"World Athletics Silver Level Continental Tour, Kalinga Stadium, Bhubaneshwar",IND,22 AUG 2026,22 AUG 2026,715,76,79390,113,80105,https://worldathletics.org/records/competition-performance-rankings/ranking/662482
112,657642,"Texas A&M Alumni Muster, Cushing Stadium, College Station, TX",USA,01 MAY 2026,02 MAY 2026,285,159,79804,102,80089,https://worldathletics.org/records/competition-performance-rankings/ranking/657642
113,660719,"Motonet GP Kuortane, Kuortaneen keskusurheilukenttä, Kuortane",FIN,20 JUN 2026,20 JUN 2026,675,82,79382,114,80057,https://worldathletics.org/records/competition-performance-rankings/ranking/660719
114,657044,"Trials For World Athletics Relay Championships, Ulinzi Sports Complex, Langata, Nairobi",KEN,09 APR 2026,11 APR 2026,330,140,79661,107,79991,https://worldathletics.org/records/competition-performance-rankings/ranking/657044
115,660251,"Kladno hází a Kladenské Memoriály, Mestský Stadion Sletište, Kladno",CZE,09 JUN 2026,09 JUN 2026,1100,54,78872,132,79972,https://worldathletics.org/records/competition-performance-rankings/ranking/660251
116,657320,"John McDonnell Invitational, John McDonnell Field, Fayetteville, AR",USA,24 APR 2026,24 APR 2026,175,220,79734,103,79909,https://worldathletics.org/records/competition-performance-rankings/ranking/657320
117,657451,"Troféu Adhemar Ferreira da Silva Loterias Caixa de Atletismo, CNDA, Bragança Paulista",BRA,24 APR 2026,26 APR 2026,590,92,79261,118,79851,https://worldathletics.org/records/competition-performance-rankings/ranking/657451
118,656408,"Miramar Invitational, Ansin Sports Complex, Miramar, FL",USA,04 APR 2026,04 APR 2026,790,68,79034,124,79824,https://worldathletics.org/records/competition-performance-rankings/ranking/656408
119,661615,"Folksam Grand Prix Karlstad, Sola Arena, Karlstad",SWE,08 JUL 2026,08 JUL 2026,865,64,78843,135,79708,https://worldathletics.org/records/competition-performance-rankings/ranking/661615
120,655719,"Adelaide Invitational, SA Athletic Stadium, Adelaide",AUS,13 MAR 2026,14 MAR 2026,540,100,79115,122,79655,https://worldathletics.org/records/competition-performance-rankings/ranking/655719
121,659539,"Cyprus International Athletics Meeting, Tsirio Stadium, Limassol",CYP,29 MAY 2026,29 MAY 2026,760,71,78839,136,79599,https://worldathletics.org/records/competition-performance-rankings/ranking/659539
122,657750,"41st Shizuoka International Athletics Meet, Prefectural Shizuoka Stadium, Fukuroi",JPN,03 MAY 2026,03 MAY 2026,295,151,79268,117,79563,https://worldathletics.org/records/competition-performance-rankings/ranking/657750
123,663039,"Indian Athletics Final Series, Jawaharlal Nehru Stadium, New Delhi",IND,10 SEP 2026,10 SEP 2026,395,125,79114,123,79509,https://worldathletics.org/records/competition-performance-rankings/ranking/663039
124,660811,"Copenhagen Athletics Games, Østerbro Stadium, Copenhagen",DEN,22 JUN 2026,22 JUN 2026,540,100,78956,127,79496,https://worldathletics.org/records/competition-performance-rankings/ranking/660811
125,658859,"Mountain West Outdoor Track and Field Championships, Veterans Memorial Stadium, Clovis, CA",USA,14 MAY 2026,16 MAY 2026,130,274,79303,115,79433,https://worldathletics.org/records/competition-performance-rankings/ranking/658859
126,658219,"Franson Last Chance, Cougar Athletic Stadium, Azusa, CA",USA,07 MAY 2026,09 MAY 2026,160,239,79211,119,79371,https://worldathletics.org/records/competition-performance-rankings/ranking/658219
127,658710,"Sun Belt Outdoor Track and Field Championships, Jaguar Track, Mobile, AL",USA,14 MAY 2026,16 MAY 2026,60,393,79297,116,79357,https://worldathletics.org/records/competition-performance-rankings/ranking/658710
128,660583,"JÕHVI 2026 Heino Lipp memorial, Heino Lipp Stadium, Jöhvi",EST,16 JUN 2026,16 JUN 2026,1095,55,78246,157,79341,https://worldathletics.org/records/competition-performance-rankings/ranking/660583
129,655921,"USF Alumni Invitational, University of South Florida Track & Field Stadium, Tampa, FL",USA,20 MAR 2026,21 MAR 2026,135,262,79202,120,79337,https://worldathletics.org/records/competition-performance-rankings/ranking/655921
130,660906,"Portland Track Festival, Griswold Stadium, Portland, OR",USA,20 JUN 2026,21 JUN 2026,130,274,79197,121,79327,https://worldathletics.org/records/competition-performance-rankings/ranking/660906
131,660986,"Grand Slam Jerusalem, Givat Ram Stadium, Jerusalem",ISR,25 JUN 2026,25 JUN 2026,290,154,78972,126,79262,https://worldathletics.org/records/competition-performance-rankings/ranking/660986
132,660751,"C.D.S. Assoluto su Pista - Finale ""A"" Oro, Stadio Guidobaldi, Rieti",ITA,20 JUN 2026,21 JUN 2026,790,68,78425,151,79215,https://worldathletics.org/records/competition-performance-rankings/ranking/660751
133,660106,"Flanders Cup VS, Putbosstadion, Oordegem",BEL,06 JUN 2026,06 JUN 2026,250,172,78945,128,79195,https://worldathletics.org/records/competition-performance-rankings/ranking/660106
134,657702,"Jim Green Invitational, Un. of Kentucky Outdoor Track Facility, Lexington, KY",USA,01 MAY 2026,02 MAY 2026,330,140,78860,133,79190,https://worldathletics.org/records/competition-performance-rankings/ranking/657702
135,661452,"Joensuu Motonet GP, Keskusurheilukenttä, Joensuu",FIN,08 JUL 2026,08 JUL 2026,480,108,78662,140,79142,https://worldathletics.org/records/competition-performance-rankings/ranking/661452
136,662919,"Oman Athletics Grand Prix, Sultan Qaboos Sports Complex, Muscat",OMA,05 SEP 2026,05 SEP 2026,280,162,78800,137,79080,https://worldathletics.org/records/competition-performance-rankings/ranking/662919
137,656958,"Aggie Invitational, Marcus T. Johnson Track, Greensboro, NC",USA,17 APR 2026,18 APR 2026,130,274,78944,129,79074,https://worldathletics.org/records/competition-performance-rankings/ranking/656958
138,661682,"32. Bauhaus Juniorengala, Michael-Hoffmann-Stadion, Mannheim",GER,13 JUN 2026,14 JUN 2026,150,252,78922,130,79072,https://worldathletics.org/records/competition-performance-rankings/ranking/661682
139,659742,"National Athletics Grand Prix 4, Sports Center, Bengbu",CHN,30 MAY 2026,31 MAY 2026,305,148,78683,138,78988,https://worldathletics.org/records/competition-performance-rankings/ranking/659742
140,660410,"Meeting Nikaia, Parc des Sports C. Ehrmann, Nice",FRA,13 JUN 2026,13 JUN 2026,480,108,78480,149,78960,https://worldathletics.org/records/competition-performance-rankings/ranking/660410
141,656779,"Duke Invitational, Morris Williams T&F Stadium, Durham, NC",USA,08 APR 2026,11 APR 2026,55,414,78901,131,78956,https://worldathletics.org/records/competition-performance-rankings/ranking/656779
142,660117,"Johnny Loaring Classic, Alumni Field, Windsor",CAN,07 JUN 2026,07 JUN 2026,320,144,78627,142,78947,https://worldathletics.org/records/competition-performance-rankings/ranking/660117
143,656929,"Wake Forest Invitational, Kentner Stadium Wake Forest University, Winston Salem, NC",USA,16 APR 2026,17 APR 2026,70,365,78853,134,78923,https://worldathletics.org/records/competition-performance-rankings/ranking/656929
144,660401,"Dromia Sprint and Relays Meeting, Konstantinos Baglatzis Municipal Stadium, Vari",GRE,13 JUN 2026,13 JUN 2026,395,125,78479,150,78874,https://worldathletics.org/records/competition-performance-rankings/ranking/660401
145,660101,"New Taipei City Athletics Open, Banqiao Stadium, New Taipei City",TPE,06 JUN 2026,07 JUN 2026,580,94,78275,155,78855,https://worldathletics.org/records/competition-performance-rankings/ranking/660101
146,661313,"Meeting Maia Cidade do Desporto, Estádio José Vieira de Carvalho, Maia",POR,04 JUL 2026,04 JUL 2026,420,121,78417,152,78837,https://worldathletics.org/records/competition-performance-rankings/ranking/661313
147,660183,"XXVIII Trofeo de Atletismo Ciudad de Salamanca - Memorial Carlos Gil Perez, Helmántico, Salamanca",ESP,06 JUN 2026,06 JUN 2026,150,252,78676,139,78826,https://worldathletics.org/records/competition-performance-rankings/ranking/660183
148,656213,"Hurricane Collegiate Invitational, UMiami Cobb Stadium, Coral Gables, FL",USA,27 MAR 2026,28 MAR 2026,165,229,78653,141,78818,https://worldathletics.org/records/competition-performance-rankings/ranking/656213
149,656322,"Clyde Hart Classic, Clyde Hart Track & Field Stadium, Waco, TX",USA,27 MAR 2026,28 MAR 2026,230,183,78514,146,78744,https://worldathletics.org/records/competition-performance-rankings/ranking/656322
150,658207,"International Pegaso Meeting, Stadio Luigi Ridolfi, Firenze",ITA,09 MAY 2026,09 MAY 2026,705,77,78003,164,78708,https://worldathletics.org/records/competition-performance-rankings/ranking/658207
151,661598,"Open de France et Décathlon Féminin, Stade Jean Leroi, Blois",FRA,11 JUL 2026,12 JUL 2026,90,326,78603,144,78693,https://worldathletics.org/records/competition-performance-rankings/ranking/661598
152,661073,"Immobel Infinity EAP Meeting, Stade du Parc de la Dodaine, Nivelles",BEL,27 JUN 2026,27 JUN 2026,190,209,78484,147,78674,https://worldathletics.org/records/competition-performance-rankings/ranking/661073
153,660651,"Meeting Internacional Ciudad de Málaga, Estadio Ciudad de Málaga, Málaga",ESP,18 JUN 2026,18 JUN 2026,155,243,78484,147,78639,https://worldathletics.org/records/competition-performance-rankings/ranking/660651
154,656522,"CARIFTA Games, Kirani James Athletic Stadium, St. George's",GRN,04 APR 2026,06 APR 2026,0,,78620,143,78620,https://worldathletics.org/records/competition-performance-rankings/ranking/656522
155,656043,"UCF Black & Gold Invite, UCF Soccer and Track Complex, Orlando, FL",USA,20 MAR 2026,21 MAR 2026,45,454,78532,145,78577,https://worldathletics.org/records/competition-performance-rankings/ranking/656043
156,656579,"Hezekiel Sepeng Invitational, McArthur Stadium, Potchefstroom",RSA,07 APR 2026,08 APR 2026,425,119,78144,159,78569,https://worldathletics.org/records/competition-performance-rankings/ranking/656579
157,657395,"Beach Invitational, Jack Rose Track, Long Beach, CA",USA,17 APR 2026,18 APR 2026,175,220,78372,153,78547,https://worldathletics.org/records/competition-performance-rankings/ranking/657395
158,657591,"Payton Jordan Invitational, Cobb Track and Angell Field, Palo Alto, CA",USA,01 MAY 2026,01 MAY 2026,100,311,78347,154,78447,https://worldathletics.org/records/competition-performance-rankings/ranking/657591
159,662328,"Athlete Night Games Fukui, Prefectural Stadium, Fukui",JPN,14 AUG 2026,15 AUG 2026,205,203,78210,158,78415,https://worldathletics.org/records/competition-performance-rankings/ranking/662328
160,660914,"Boysen Memorial, Bislett Stadion, Oslo",NOR,24 JUN 2026,24 JUN 2026,315,145,78086,160,78401,https://worldathletics.org/records/competition-performance-rankings/ranking/660914
161,659803,"Bob Vigars Classic, Alumni Stadium, London",CAN,31 MAY 2026,31 MAY 2026,130,274,78254,156,78384,https://worldathletics.org/records/competition-performance-rankings/ranking/659803
162,657671,"BYU Robison Invitational, Clarence F. Robison Track, Provo, UT",USA,29 APR 2026,02 MAY 2026,135,262,78071,161,78206,https://worldathletics.org/records/competition-performance-rankings/ranking/657671
163,656871,"Pacific Coast Invitational, Jack Rose Track, Long Beach, CA",USA,16 APR 2026,16 APR 2026,155,243,78036,163,78191,https://worldathletics.org/records/competition-performance-rankings/ranking/656871
164,661525,"48th Grand Prix Nove Mesto nad Metuji, General Klapálek ́s stadium, Nové Město nad Metují",CZE,11 JUL 2026,11 JUL 2026,235,179,77881,169,78116,https://worldathletics.org/records/competition-performance-rankings/ranking/661525
165,656840,"Arkansas Spring Invitational, John McDonnell Field, Fayetteville, AR",USA,11 APR 2026,11 APR 2026,55,414,78041,162,78096,https://worldathletics.org/records/competition-performance-rankings/ranking/656840
166,656660,"Baylor Invitational, Clyde Hart Track & Field Stadium, Waco, TX",USA,10 APR 2026,10 APR 2026,135,262,77960,166,78095,https://worldathletics.org/records/competition-performance-rankings/ranking/656660
167,657383,"National Athletics Grand Prix 1, Zhaoqing Sports Center, Zhaoqing",CHN,25 APR 2026,26 APR 2026,145,257,77925,167,78070,https://worldathletics.org/records/competition-performance-rankings/ranking/657383
168,656610,"Crimson Tide Invitational, Sam Bailey Track Stadium, Tuscaloosa, AL",USA,10 APR 2026,10 APR 2026,85,332,77977,165,78062,https://worldathletics.org/records/competition-performance-rankings/ranking/656610
169,656954,"Oregon Team Invitational, Hayward Field, Eugene, OR",USA,17 APR 2026,18 APR 2026,125,286,77897,168,78022,https://worldathletics.org/records/competition-performance-rankings/ranking/656954
170,655217,"Hobart Track Classic, Domain Athletic Centre, Hobart",AUS,28 FEB 2026,28 FEB 2026,465,111,77541,179,78006,https://worldathletics.org/records/competition-performance-rankings/ranking/655217
171,656340,"UCF Knights Invite, UCF Soccer and Track Complex, Orlando, FL",USA,27 MAR 2026,28 MAR 2026,75,354,77859,170,77934,https://worldathletics.org/records/competition-performance-rankings/ranking/656340
172,657203,"Clark Wood / Jim Freeman Open, Cardinal Park, Louisville, KY",USA,23 APR 2026,25 APR 2026,80,342,77811,171,77891,https://worldathletics.org/records/competition-performance-rankings/ranking/657203
173,661376,"Barbados Grand Prix, Usain Bolt Complex, Bridgetown",BAR,04 JUL 2026,04 JUL 2026,255,170,77612,176,77867,https://worldathletics.org/records/competition-performance-rankings/ranking/661376
174,656701,"Tennessee Invite, Tom Black Track at LaPorte Stadium, Knoxville, TN",USA,10 APR 2026,11 APR 2026,60,393,77783,172,77843,https://worldathletics.org/records/competition-performance-rankings/ranking/656701
175,660451,"Janusz Sidlo Memorial Grand Prix of Sopot, Forest Stadium, Sopot",POL,14 JUN 2026,14 JUN 2026,185,213,77645,175,77830,https://worldathletics.org/records/competition-performance-rankings/ranking/660451
176,657561,"Texas Invitational, Mike A. Myers Stadium, Austin, TX",USA,30 APR 2026,01 MAY 2026,455,113,77334,186,77789,https://worldathletics.org/records/competition-performance-rankings/ranking/657561
177,659186,"50. Pfingstmeeting, Stadion Trinermatten, Zofingen",SUI,23 MAY 2026,23 MAY 2026,295,151,77481,180,77776,https://worldathletics.org/records/competition-performance-rankings/ranking/659186
178,658697,"Loughborough International, Loughborough University Track, Loughborough",GBR,17 MAY 2026,17 MAY 2026,325,143,77435,182,77760,https://worldathletics.org/records/competition-performance-rankings/ranking/658697
179,656708,"South Florida Invitational, University of South Florida Track & Field Stadium, Tampa, FL",USA,10 APR 2026,11 APR 2026,45,454,77675,174,77720,https://worldathletics.org/records/competition-performance-rankings/ranking/656708
180,661796,"French U23 Championships, Stade Charléty, Paris",FRA,16 JUL 2026,19 JUL 2026,130,274,77583,178,77713,https://worldathletics.org/records/competition-performance-rankings/ranking/661796
181,659281,"NCAA Division III Outdoor Track and Field Championships, Veterans Memorial Stadium, La Crosse, WI",USA,21 MAY 2026,23 MAY 2026,0,,77695,173,77695,https://worldathletics.org/records/competition-performance-rankings/ranking/659281
182,656339,"Masked Rider Open, Terry & Linda Fuller T&F Complex, Lubbock, TX",USA,26 MAR 2026,26 MAR 2026,70,365,77611,177,77681,https://worldathletics.org/records/competition-performance-rankings/ranking/656339
183,657328,"Campeonato Nacional Interclubes y Municipios, Estadio de Atletismo - Unidad Deportiva el Salitre, Bogotá",COL,24 APR 2026,26 APR 2026,265,166,77393,183,77658,https://worldathletics.org/records/competition-performance-rankings/ranking/657328
184,660433,"Gouden Spike, Sportcomplex De Leidse Hout, Leiden",NED,13 JUN 2026,13 JUN 2026,310,146,77315,188,77625,https://worldathletics.org/records/competition-performance-rankings/ranking/660433
185,660899,"TIPOS Atletické Kritérium SNP, Štadión SNP, Banská Bystrica",SVK,24 JUN 2026,24 JUN 2026,250,172,77346,185,77596,https://worldathletics.org/records/competition-performance-rankings/ranking/660899
186,654102,"Brazilian Short Track Championships, CNDA, Bragança Paulista",BRA,31 JAN 2026,31 JAN 2026,270,165,77275,192,77545,https://worldathletics.org/records/competition-performance-rankings/ranking/654102
187,657636,"Larry Ellis Invitational, Weaver Stadium, Princeton, NJ",USA,01 MAY 2026,02 MAY 2026,55,414,77458,181,77513,https://worldathletics.org/records/competition-performance-rankings/ranking/657636
188,659465,"Canarias Athletics Invitational, Centro de Atletismo de Tenerife, Santa Cruz de Tenerife",ESP,27 MAY 2026,27 MAY 2026,855,66,76640,215,77495,https://worldathletics.org/records/competition-performance-rankings/ranking/659465
189,657197,"Tiger Track Classic, Hutsell-Rosen Track, Auburn, AL",USA,25 APR 2026,25 APR 2026,285,159,77165,196,77450,https://worldathletics.org/records/competition-performance-rankings/ranking/657197
190,662376,"The 21st Twilight Games, Okura Sports Park Athletics Field, Tokyo",JPN,08 AUG 2026,08 AUG 2026,25,567,77392,184,77417,https://worldathletics.org/records/competition-performance-rankings/ranking/662376
191,656048,"UTSA Invitational, Park West Ath. Complex, San Antonio, TX",USA,20 MAR 2026,21 MAR 2026,130,274,77263,193,77393,https://worldathletics.org/records/competition-performance-rankings/ranking/656048
192,656513,"Jim Bush Legends Invitational, Drake Stadium, Los Angeles, CA",USA,28 MAR 2026,28 MAR 2026,70,365,77314,189,77384,https://worldathletics.org/records/competition-performance-rankings/ranking/656513
193,661635,"The Jerome Classic, Swangard Stadium, Burnaby",CAN,14 JUL 2026,14 JUL 2026,390,129,76981,199,77371,https://worldathletics.org/records/competition-performance-rankings/ranking/661635
194,656611,"WT Jo Meaker Classic & Multi, West Texas A&M University Track & Soccer Complex, Canyon, TX",USA,09 APR 2026,11 APR 2026,20,599,77317,187,77337,https://worldathletics.org/records/competition-performance-rankings/ranking/656611
195,656416,"Bobcat Invitational & Multi, Bobcat Track and Field Complex, San Marcos, TX",USA,02 APR 2026,04 APR 2026,70,365,77261,194,77331,https://worldathletics.org/records/competition-performance-rankings/ranking/656416
196,658236,"Indian Open Athletics Series - 6, Jawaharlal Nehru Stadium, Chennai",IND,10 MAY 2026,10 MAY 2026,80,342,77249,195,77329,https://worldathletics.org/records/competition-performance-rankings/ranking/658236
197,656965,"Georgia Tech Invitational, Geroge C. Griffin Track, Atlanta, GA",USA,17 APR 2026,18 APR 2026,30,520,77295,190,77325,https://worldathletics.org/records/competition-performance-rankings/ranking/656965
198,657858,"MIAA Outdoor Championships, Carnie Smith Stadium - Prentice Gudgen Track, Pittsburg, KS",USA,01 MAY 2026,03 MAY 2026,10,728,77283,191,77293,https://worldathletics.org/records/competition-performance-rankings/ranking/657858
199,657713,"Outdoor Music City Challenge, Vanderbilt Track, Nashville, TN",USA,01 MAY 2026,02 MAY 2026,90,326,77151,197,77241,https://worldathletics.org/records/competition-performance-rankings/ranking/657713
200,660464,"Spanish Clubs Championships Division Honor Liga Joma-Final, Estadio de Larrabide, Pamplona",ESP,14 JUN 2026,14 JUN 2026,200,205,77034,198,77234,https://worldathletics.org/records/competition-performance-rankings/ranking/660464
201,660790,"2. kolo extraligy mužů a žen, Atletický stadion města Plzně, Plzeň",CZE,21 JUN 2026,21 JUN 2026,210,198,76930,204,77140,https://worldathletics.org/records/competition-performance-rankings/ranking/660790
202,661703,"37° Meeting Arcobaleno EAP AtleticaEuropa, Centro Sportivo G. Olmo-P. Ferro, Celle Ligure",ITA,16 JUL 2026,16 JUL 2026,150,252,76975,201,77125,https://worldathletics.org/records/competition-performance-rankings/ranking/661703
203,659100,"The 4th Belt and Road Athletics Invitational Meeting & National Athletics Grand Prix Series-3rd Leg, Changshou Sports Center, Chongqing",CHN,18 MAY 2026,19 MAY 2026,165,229,76953,202,77118,https://worldathletics.org/records/competition-performance-rankings/ranking/659100
204,660284,"Meeting de Marseille, Stade Delort, Marseille",FRA,10 JUN 2026,10 JUN 2026,375,131,76728,209,77103,https://worldathletics.org/records/competition-performance-rankings/ranking/660284
205,658862,"Championnats de France des Clubs Elite 1, Stade Jean Delbert, Montreuil",FRA,17 MAY 2026,17 MAY 2026,695,78,76394,224,77089,https://worldathletics.org/records/competition-performance-rankings/ranking/658862
206,658302,"National Athletics Grand Prix 2, Sports Center, Jiaxing",CHN,09 MAY 2026,10 MAY 2026,405,123,76649,213,77054,https://worldathletics.org/records/competition-performance-rankings/ranking/658302
207,661251,"GP Diputacion Castellon - Memorial Jose Antonio Cansino, Pistes d'atletisme Gaetà Huguet, Castellón",ESP,01 JUL 2026,01 JUL 2026,290,154,76714,211,77004,https://worldathletics.org/records/competition-performance-rankings/ranking/661251
208,661578,"Italian U23 Championships, Stadio M.S. Cozzoli, Molfetta",ITA,10 JUL 2026,12 JUL 2026,45,454,76951,203,76996,https://worldathletics.org/records/competition-performance-rankings/ranking/661578
209,656426,"UNLV Rebel Elite, Myron Partridge Stadium & Sheila Tarr-Smith Field, Las Vegas, NV",USA,03 APR 2026,04 APR 2026,15,664,76980,200,76995,https://worldathletics.org/records/competition-performance-rankings/ranking/656426
210,655830,"AGN Track & Field League 4, Pilditch Stadium, Pretoria",RSA,28 FEB 2026,28 FEB 2026,265,166,76717,210,76982,https://worldathletics.org/records/competition-performance-rankings/ranking/655830
211,658711,"Internationales Läufermeeting, Schönbuchstadion, Pliezhausen",GER,17 MAY 2026,17 MAY 2026,180,218,76779,206,76959,https://worldathletics.org/records/competition-performance-rankings/ranking/658711
212,661126,"Spanish Championships by Regional Federations, CTD Adarraga, Logrono",ESP,27 JUN 2026,27 JUN 2026,130,274,76784,205,76914,https://worldathletics.org/records/competition-performance-rankings/ranking/661126
213,662983,"Dinamo Zrinjevac - International Athletics Meeting, Sports Park Mladost, Zagreb",CRO,08 SEP 2026,08 SEP 2026,605,91,76306,227,76911,https://worldathletics.org/records/competition-performance-rankings/ranking/662983
214,658078,"The Belfast Classic - formerly the Belfast Irish milers meet, Mary Peters Track, Belfast",GBR,09 MAY 2026,09 MAY 2026,95,321,76736,208,76831,https://worldathletics.org/records/competition-performance-rankings/ranking/658078
215,658858,"Coastal Athletic Association Outdoor Track and Field Championship, Elon University’s Irwin Belk Track, Elon, NC",USA,15 MAY 2026,16 MAY 2026,0,,76765,207,76765,https://worldathletics.org/records/competition-performance-rankings/ranking/658858
216,659233,"Kurpfalz Gala Weinheim, Sepp-Herberger-Stadion, Weinheim",GER,23 MAY 2026,23 MAY 2026,80,342,76671,212,76751,https://worldathletics.org/records/competition-performance-rankings/ranking/659233
217,662942,"Czech Team Championships, Atletický stadion města Karlovy Vary, Karlovy Vary",CZE,05 SEP 2026,06 SEP 2026,405,123,76264,228,76669,https://worldathletics.org/records/competition-performance-rankings/ranking/662942
218,661566,"Spanish U23 Championships, Ciudad Deportiva Cáceres, Cáceres",ESP,11 JUL 2026,12 JUL 2026,15,664,76643,214,76658,https://worldathletics.org/records/competition-performance-rankings/ranking/661566
219,657454,"Charlotte Invitational, Irwin Belk TF Center, Charlotte, NC",USA,24 APR 2026,25 APR 2026,20,599,76596,216,76616,https://worldathletics.org/records/competition-performance-rankings/ranking/657454
219,660415,"Spanish Clubs Championships Division Honor Liga Iberdrola-Final, Estadio de Larrabide, Pamplona",ESP,13 JUN 2026,13 JUN 2026,195,207,76421,221,76616,https://worldathletics.org/records/competition-performance-rankings/ranking/660415
221,661351,"England U20 and Senior Track and Field and Combined Events championships, Bedford Athletic Stadium, Bedford",GBR,03 JUL 2026,05 JUL 2026,105,308,76509,217,76614,https://worldathletics.org/records/competition-performance-rankings/ranking/661351
222,659250,"Akademickie Mistrzostwa Polski, Athletics Stadium, Lublin",POL,22 MAY 2026,24 MAY 2026,130,274,76479,218,76609,https://worldathletics.org/records/competition-performance-rankings/ranking/659250
222,661600,"81. Cezmi Or Cup, ENKA Atletizm Pisti, Istanbul",TUR,11 JUL 2026,11 JUL 2026,210,198,76399,222,76609,https://worldathletics.org/records/competition-performance-rankings/ranking/661600
224,657727,"USC-UCLA Dual Meet, USC Allyson Felix at Loker Track Stadium, Los Angeles, CA",USA,02 MAY 2026,03 MAY 2026,110,304,76395,223,76505,https://worldathletics.org/records/competition-performance-rankings/ranking/657727
225,656405,"Indian Open Athletics Series - 1, Sree Kanteerava Outdoor Stadium, Bengaluru",IND,04 APR 2026,04 APR 2026,110,304,76373,225,76483,https://worldathletics.org/records/competition-performance-rankings/ranking/656405
226,661627,"Polish U23 Championships, Stadion AKF, Kraków",POL,11 JUL 2026,12 JUL 2026,50,434,76431,220,76481,https://worldathletics.org/records/competition-performance-rankings/ranking/661627
227,656268,"Invitacional Isaac Ogando, Estadio Luguelín Santos, Bayaguana",DOM,28 MAR 2026,28 MAR 2026,165,229,76315,226,76480,https://worldathletics.org/records/competition-performance-rankings/ranking/656268
228,658741,"Big Sky Outdoor Track and Field Championships, Mt. Hood Community College, Gresham, OR",USA,13 MAY 2026,16 MAY 2026,25,567,76453,219,76478,https://worldathletics.org/records/competition-performance-rankings/ranking/658741
229,658689,"Dani Palooza Last Chance Meet, Dick Vert Stadium, High Point, NC",USA,17 MAY 2026,17 MAY 2026,235,179,76180,229,76415,https://worldathletics.org/records/competition-performance-rankings/ranking/658689
230,660623,"COSMA Cup World Athletics Continental Tour, Palangos Stadionas, Palanga",LTU,17 JUN 2026,17 JUN 2026,360,134,76009,233,76369,https://worldathletics.org/records/competition-performance-rankings/ranking/660623
231,661206,"Challenger Game Oulu, Raatin Stadion, Oulu",FIN,01 JUL 2026,01 JUL 2026,190,209,76038,231,76228,https://worldathletics.org/records/competition-performance-rankings/ranking/661206
232,657648,"Rock Chalk Classic, Rock Chalk Park, Lawrence, KS",USA,01 MAY 2026,02 MAY 2026,220,190,75985,235,76205,https://worldathletics.org/records/competition-performance-rankings/ranking/657648
233,660364,"Memorial Klima, Regional Sport Complex, Brest",BLR,04 JUN 2026,05 JUN 2026,135,262,75998,234,76133,https://worldathletics.org/records/competition-performance-rankings/ranking/660364
234,659301,"Trials World Athletics U20 Championships, Nyayo National Stadium, Nairobi",KEN,21 MAY 2026,23 MAY 2026,25,567,76081,230,76106,https://worldathletics.org/records/competition-performance-rankings/ranking/659301
235,661144,"Campeonato Paulista Loterias Caixa De Atletismo Adulto, COTP Stadium, São Paulo",BRA,19 JUN 2026,21 JUN 2026,125,286,75913,240,76038,https://worldathletics.org/records/competition-performance-rankings/ranking/661144
236,660032,"Gorzów Meeting, Stadion im.Lubuskich Olimpijczyków, Gorzów Wielkopolski",POL,06 JUN 2026,06 JUN 2026,165,229,75859,242,76024,https://worldathletics.org/records/competition-performance-rankings/ranking/660032
237,660634,"Athlé 91 Track Festival, Parc des Sports H. Longuet, Viry-Chatillon",FRA,13 JUN 2026,14 JUN 2026,0,,76020,232,76020,https://worldathletics.org/records/competition-performance-rankings/ranking/660634
238,657120,"Gary Wilson Invitational, University of Minnesota T&F Stadium, Minneapolis, MN",USA,22 APR 2026,22 APR 2026,75,354,75925,238,76000,https://worldathletics.org/records/competition-performance-rankings/ranking/657120
238,658826,"The Summit League Track and Field Championships, Schlanser Track Complex, Fargo, ND",USA,14 MAY 2026,16 MAY 2026,55,414,75945,237,76000,https://worldathletics.org/records/competition-performance-rankings/ranking/658826
240,660809,"C.D.S. Assoluto su Pista - Finale ""A"" Argento, Campo Comunale, Modena",ITA,20 JUN 2026,21 JUN 2026,260,169,75727,247,75987,https://worldathletics.org/records/competition-performance-rankings/ranking/660809
241,658832,"Regional Athletics Invitational Meeting 6, Olympic Sports Center, Chongqing",CHN,14 MAY 2026,15 MAY 2026,25,567,75957,236,75982,https://worldathletics.org/records/competition-performance-rankings/ranking/658832
242,657562,"Texas Tech Corky/Crofoot Shootout, Terry & Linda Fuller T&F Complex, Lubbock, TX",USA,30 APR 2026,30 APR 2026,100,311,75879,241,75979,https://worldathletics.org/records/competition-performance-rankings/ranking/657562
243,656431,"UC San Diego Triton Invitational, Triton Stadium, San Diego, CA",USA,03 APR 2026,04 APR 2026,125,286,75839,244,75964,https://worldathletics.org/records/competition-performance-rankings/ranking/656431
244,661853,"National Athletics Grand Prix - Final, Sports Center, Yulin",CHN,18 JUL 2026,19 JUL 2026,120,292,75840,243,75960,https://worldathletics.org/records/competition-performance-rankings/ranking/661853
245,660479,"Indian Athletics Series-10, LNCPE, Trivandrum",IND,14 JUN 2026,14 JUN 2026,30,520,75918,239,75948,https://worldathletics.org/records/competition-performance-rankings/ranking/660479
246,655453,"AGN Track & Field League 3, Pilditch Stadium, Pretoria",RSA,21 FEB 2026,21 FEB 2026,65,382,75827,245,75892,https://worldathletics.org/records/competition-performance-rankings/ranking/655453
247,659017,"ASUN Outdoor Conference Championships, University of North Florda Jax Track at Hodges Stadium, Jacksonville, FL",USA,14 MAY 2026,16 MAY 2026,25,567,75782,246,75807,https://worldathletics.org/records/competition-performance-rankings/ranking/659017
248,659216,"Alexandrino Meeting - Georgios Pantos Memorial, Municipal Sports Center, Alexandria",GRE,24 MAY 2026,24 MAY 2026,265,166,75522,256,75787,https://worldathletics.org/records/competition-performance-rankings/ranking/659216
249,660242,"Reunion Internacional Ciudad de Guadalajara, Pista atletismo Fuente de la Niña, Guadalajara",ESP,09 JUN 2026,09 JUN 2026,175,220,75602,252,75777,https://worldathletics.org/records/competition-performance-rankings/ranking/660242
250,656655,"Indian Athletics Series-3, Jawaharlal Nehru Stadium, New Delhi",IND,11 APR 2026,11 APR 2026,175,220,75573,254,75748,https://worldathletics.org/records/competition-performance-rankings/ranking/656655
251,657660,"Maroon and White Tune-Up, Mike Sanders Track & Field Complex, Starkville, MS",USA,30 APR 2026,01 MAY 2026,115,301,75630,250,75745,https://worldathletics.org/records/competition-performance-rankings/ranking/657660
252,661072,"International CZE-UKR-POL U23 Match, Miejski Stadion, Opole",POL,27 JUN 2026,27 JUN 2026,120,292,75612,251,75732,https://worldathletics.org/records/competition-performance-rankings/ranking/661072
253,658789,"Juegos Militares, Estadio La Barranquita, Santiago de los Caballeros",DOM,15 MAY 2026,17 MAY 2026,120,292,75559,255,75679,https://worldathletics.org/records/competition-performance-rankings/ranking/658789
254,656382,"VertKlasse Meeting, Dick Vert Stadium, High Point, NC",USA,02 APR 2026,03 APR 2026,10,728,75650,248,75660,https://worldathletics.org/records/competition-performance-rankings/ranking/656382
255,657645,"SMU Invitational, SMU Washburne Track and Field Stadium, Dallas, TX",USA,01 MAY 2026,02 MAY 2026,0,,75632,249,75632,https://worldathletics.org/records/competition-performance-rankings/ranking/657645
256,655930,"LSU Opener, LSU Bernie Moore Stadium, Baton Rouge, LA",USA,21 MAR 2026,21 MAR 2026,10,728,75597,253,75607,https://worldathletics.org/records/competition-performance-rankings/ranking/655930
257,658804,"Championnat de France des clubs Elite 2, Stade Bachelard, Grenoble",FRA,17 MAY 2026,17 MAY 2026,370,132,75104,267,75474,https://worldathletics.org/records/competition-performance-rankings/ranking/658804
258,660198,"Izmir Cup, Atatürk Stadyumu, Izmir",TUR,06 JUN 2026,06 JUN 2026,120,292,75338,259,75458,https://worldathletics.org/records/competition-performance-rankings/ranking/660198
259,656319,"Trojan Invite, USC Allyson Felix at Loker Track Stadium, Los Angeles, CA",USA,27 MAR 2026,28 MAR 2026,50,434,75405,257,75455,https://worldathletics.org/records/competition-performance-rankings/ranking/656319
260,658154,"Cyclone Twilight, Bill and Karen Bergan outdoor track,Cyclone Sports Complex, Ames, IA",USA,08 MAY 2026,08 MAY 2026,30,520,75346,258,75376,https://worldathletics.org/records/competition-performance-rankings/ranking/658154
261,657726,"Steve Scott Invite, Anteater Stadium, Irvine, CA",USA,01 MAY 2026,02 MAY 2026,20,599,75317,260,75337,https://worldathletics.org/records/competition-performance-rankings/ranking/657726
262,659947,"21. memorial Matica Šušteršiča in Patrika Cvetana, Atletski stadion Poljane, Maribor",SLO,04 JUN 2026,04 JUN 2026,55,414,75268,261,75323,https://worldathletics.org/records/competition-performance-rankings/ranking/659947
263,656347,"Victor Lopez Classic, Rice University Ley Track/Holloway Field, Houston, TX",USA,26 MAR 2026,28 MAR 2026,30,520,75252,262,75282,https://worldathletics.org/records/competition-performance-rankings/ranking/656347
264,655927,"Yellow Jacket Invitational, Geroge C. Griffin Track, Atlanta, GA",USA,20 MAR 2026,21 MAR 2026,155,243,75081,268,75236,https://worldathletics.org/records/competition-performance-rankings/ranking/655927
265,655669,"JAAA CARIFTA Trials, National Stadium, Kingston",JAM,06 MAR 2026,08 MAR 2026,0,,75227,263,75227,https://worldathletics.org/records/competition-performance-rankings/ranking/655669
266,657626,"LAI Athletics Championships, Estadio Jose A. Figueroa Freyre, Mayagüez",PUR,30 APR 2026,02 MAY 2026,35,496,75163,265,75198,https://worldathletics.org/records/competition-performance-rankings/ranking/657626
267,658156,"Lee University Last Chance, Ray Conn Sports Complex, Cleveland, TN",USA,09 MAY 2026,09 MAY 2026,15,664,75166,264,75181,https://worldathletics.org/records/competition-performance-rankings/ranking/658156
268,656328,"Alumni Bulldog Relays, Mike Sanders Track & Field Complex, Starkville, MS",USA,26 MAR 2026,28 MAR 2026,30,520,75116,266,75146,https://worldathletics.org/records/competition-performance-rankings/ranking/656328
269,660298,"JAAA / PUMA Meet #3, National Stadium, Kingston",JAM,30 MAY 2026,30 MAY 2026,280,162,74837,276,75117,https://worldathletics.org/records/competition-performance-rankings/ranking/660298
270,660078,"5th Lucca International Meeting, Campo Scuola Moreno Martini, Lucca",ITA,07 JUN 2026,07 JUN 2026,645,87,74426,301,75071,https://worldathletics.org/records/competition-performance-rankings/ranking/660078
271,661783,"French U20 Championships, Stade Charléty, Paris",FRA,16 JUL 2026,19 JUL 2026,20,599,75035,269,75055,https://worldathletics.org/records/competition-performance-rankings/ranking/661783
272,655821,"GC Foster Classic, GC Foster College, Spanish Town",JAM,14 MAR 2026,14 MAR 2026,130,274,74908,272,75038,https://worldathletics.org/records/competition-performance-rankings/ranking/655821
273,657656,"Fresno State Invitational, Veterans Memorial Stadium, Clovis, CA",USA,01 MAY 2026,02 MAY 2026,210,198,74784,278,74994,https://worldathletics.org/records/competition-performance-rankings/ranking/657656
273,660486,"Meeting Internazionale Città di Pergine, Stadio Comunale, Pergine Valsugana",ITA,13 JUN 2026,13 JUN 2026,210,198,74784,278,74994,https://worldathletics.org/records/competition-performance-rankings/ranking/660486
275,655917,"TCU Alumni Invite, TCU-Lowdon T&F Complex, Fort Worth, TX",USA,20 MAR 2026,21 MAR 2026,10,728,74970,270,74980,https://worldathletics.org/records/competition-performance-rankings/ranking/655917
276,660540,"Brazilian U23 Championships, COTP Stadium, São Paulo",BRA,12 JUN 2026,14 JUN 2026,15,664,74964,271,74979,https://worldathletics.org/records/competition-performance-rankings/ranking/660540
277,661180,"Campeonato Nacional de Clubes - 1ª divisão, Estádio Cidade de Coimbra, Coimbra",POR,27 JUN 2026,28 JUN 2026,455,113,74522,294,74977,https://worldathletics.org/records/competition-performance-rankings/ranking/661180
278,660288,"National Athletics Grand Prix 5, Olympic Sports Center, Huangshi",CHN,06 JUN 2026,07 JUN 2026,90,326,74865,274,74955,https://worldathletics.org/records/competition-performance-rankings/ranking/660288
279,658410,"62nd Four University Inter-College Track and Field Tournament, Gion Stadium, Machida",JPN,12 APR 2026,12 APR 2026,15,664,74875,273,74890,https://worldathletics.org/records/competition-performance-rankings/ranking/658410
280,656683,"Joe Walker Invitational, Ole Miss T&F Complex, Oxford, MS",USA,10 APR 2026,11 APR 2026,120,292,74727,280,74847,https://worldathletics.org/records/competition-performance-rankings/ranking/656683
281,662118,"Internationales BlueTrackNight Meeting, Floschenstadion, Sindelfingen",GER,01 AUG 2026,01 AUG 2026,45,454,74798,277,74843,https://worldathletics.org/records/competition-performance-rankings/ranking/662118
282,661544,"The 37th Five-Universities Game, Gion Stadium, Sagamihara",JPN,12 JUL 2026,12 JUL 2026,0,,74839,275,74839,https://worldathletics.org/records/competition-performance-rankings/ranking/661544
283,657402,"Troféu São Paulo, CNDA, Bragança Paulista",BRA,11 APR 2026,12 APR 2026,215,194,74619,285,74834,https://worldathletics.org/records/competition-performance-rankings/ranking/657402
284,660204,"Papaflessia 2026, Ethnikou Stadiou, Kalamata",GRE,06 JUN 2026,06 JUN 2026,145,257,74674,282,74819,https://worldathletics.org/records/competition-performance-rankings/ranking/660204
285,657634,"Jesse Owens Track & Field Classic, Jesse Owens Stadium, Columbus, OH",USA,01 MAY 2026,02 MAY 2026,30,520,74693,281,74723,https://worldathletics.org/records/competition-performance-rankings/ranking/657634
286,659718,"Mednarodni Atletski Miting Ptuj in 6. Memorial Roberta Preloga, Mestni stadion, Ptuj",SLO,31 MAY 2026,31 MAY 2026,285,159,74373,305,74658,https://worldathletics.org/records/competition-performance-rankings/ranking/659718
287,659907,"Gran Premio de Valladolid - Ciudad Europea del Deporte, Complejo Deportivo Ciudad de Valladolid, Valladolid",ESP,03 JUN 2026,03 JUN 2026,45,454,74612,286,74657,https://worldathletics.org/records/competition-performance-rankings/ranking/659907
288,656078,"Charlotte 49er Classic, Irwin Belk TF Center, Charlotte, NC",USA,19 MAR 2026,21 MAR 2026,0,,74651,283,74651,https://worldathletics.org/records/competition-performance-rankings/ranking/656078
289,662679,"Czech U23 Championships, Stadion Míru, Tábor",CZE,29 AUG 2026,30 AUG 2026,50,434,74599,288,74649,https://worldathletics.org/records/competition-performance-rankings/ranking/662679
290,660887,"Canadian U20 Championships, Terry Fox AF, Ottawa",CAN,17 JUN 2026,21 JUN 2026,0,,74646,284,74646,https://worldathletics.org/records/competition-performance-rankings/ranking/660887
291,661713,"Beak-Je Wangdo Iksan National Athletics Meeting, Iksan Sports Complex, Iksan",KOR,04 JUL 2026,08 JUL 2026,35,496,74608,287,74643,https://worldathletics.org/records/competition-performance-rankings/ranking/661713
292,660392,"Regional Athletics Invitational Meeting 8, Sports Center, Nanping",CHN,03 JUN 2026,04 JUN 2026,40,472,74562,290,74602,https://worldathletics.org/records/competition-performance-rankings/ranking/660392
293,656967,"Pittsburg State University Tune-up, Carnie Smith Stadium - Prentice Gudgen Track, Pittsburg, KS",USA,19 APR 2026,19 APR 2026,10,728,74590,289,74600,https://worldathletics.org/records/competition-performance-rankings/ranking/656967
294,657813,"BUCS Athletics: Outdoor Championships, Cardiff Athletic Stadium, Cardiff",GBR,02 MAY 2026,04 MAY 2026,55,414,74544,292,74599,https://worldathletics.org/records/competition-performance-rankings/ranking/657813
295,661140,"Clubs Super League 1st Stage, Atatürk Stadyumu, Izmir",TUR,27 JUN 2026,28 JUN 2026,305,148,74275,317,74580,https://worldathletics.org/records/competition-performance-rankings/ranking/661140
296,656343,"Terry Long Florida State University Relays, Florida State University - Mike Long Track, Tallahassee, FL",USA,26 MAR 2026,27 MAR 2026,40,472,74535,293,74575,https://worldathletics.org/records/competition-performance-rankings/ranking/656343
297,659592,"55th National Division Athletics Championships, Mokpo Sports Complex, Mokpo",KOR,30 APR 2026,04 MAY 2026,55,414,74494,296,74549,https://worldathletics.org/records/competition-performance-rankings/ranking/659592
298,659665,"SplitTime NK Teams, Sportcomplex De Leidse Hout, Leiden",NED,30 MAY 2026,30 MAY 2026,135,262,74412,302,74547,https://worldathletics.org/records/competition-performance-rankings/ranking/659665
299,660180,"International HUN-CZE-SVK-UKR-CRO-POL U20 Match, Stadion OSiR, Racibórz",POL,06 JUN 2026,06 JUN 2026,0,,74545,291,74545,https://worldathletics.org/records/competition-performance-rankings/ranking/660180
300,658130,"Oregon Twilight, Hayward Field, Eugene, OR",USA,08 MAY 2026,08 MAY 2026,205,203,74301,310,74506,https://worldathletics.org/records/competition-performance-rankings/ranking/658130
301,658693,"Ohio Valley Conference Outdoor Track & Field Conference Championships, Coleman Sports Complex, Little Rock, AR",USA,14 MAY 2026,16 MAY 2026,0,,74502,295,74502,https://worldathletics.org/records/competition-performance-rankings/ranking/658693
302,658191,"Pitt State ""The Almost Last Chance"" Invitational, Carnie Smith Stadium - Prentice Gudgen Track, Pittsburg, KS",USA,09 MAY 2026,09 MAY 2026,40,472,74460,297,74500,https://worldathletics.org/records/competition-performance-rankings/ranking/658191
303,655380,"Sri Lanka Open Stage 1, Diyagama Stadium, Diyagama",SRI,27 FEB 2026,01 MAR 2026,45,454,74454,299,74499,https://worldathletics.org/records/competition-performance-rankings/ranking/655380
304,661641,"Final Selection Trial, Diyagama Stadium, Diyagama",SRI,14 MAY 2026,16 MAY 2026,35,496,74460,297,74495,https://worldathletics.org/records/competition-performance-rankings/ranking/661641
305,658564,"Saudi Athletics Grand Prix, Princess Noura University, Riyadh",KSA,15 MAY 2026,15 MAY 2026,190,209,74275,317,74465,https://worldathletics.org/records/competition-performance-rankings/ranking/658564
306,655735,"Ben Brown Invite/AstroAi Distance Classic, CSU Titan Track Complex, Fullerton, CA",USA,12 MAR 2026,13 MAR 2026,10,728,74454,299,74464,https://worldathletics.org/records/competition-performance-rankings/ranking/655735
307,656962,"Velocity Fest #19, National Stadium, Kingston",JAM,19 APR 2026,19 APR 2026,430,118,74023,337,74453,https://worldathletics.org/records/competition-performance-rankings/ranking/656962
308,660494,"Indian Athletics Series-9, Guru Nanak Stadium, Ludhiana",IND,13 JUN 2026,13 JUN 2026,145,257,74301,310,74446,https://worldathletics.org/records/competition-performance-rankings/ranking/660494
309,656745,"Bison Outdoor Classic, Christy Mathewson-Memorial Stadium, Lewisburg, PA",USA,11 APR 2026,13 APR 2026,20,599,74397,304,74417,https://worldathletics.org/records/competition-performance-rankings/ranking/656745
310,656411,"Sam Howell Invitational, Weaver Stadium, Princeton, NJ",USA,04 APR 2026,04 APR 2026,5,814,74400,303,74405,https://worldathletics.org/records/competition-performance-rankings/ranking/656411
311,661360,"Meeting International Bouvet-Bionda, Stade de Vongy, Thonon-les-Bains",FRA,04 JUL 2026,05 JUL 2026,220,190,74172,327,74392,https://worldathletics.org/records/competition-performance-rankings/ranking/661360
312,656955,"Tom Tellez Alumni Invitational, Carl Lewis TF and Soccer Complex, Houston, TX",USA,17 APR 2026,18 APR 2026,80,342,74303,309,74383,https://worldathletics.org/records/competition-performance-rankings/ranking/656955
313,657275,"Rocky Mountain Athletic Conference Outdoor Championships, CSU - Neta and Eddie DeRose Thunderbowl, Pueblo, CO",USA,24 APR 2026,26 APR 2026,0,,74335,306,74335,https://worldathletics.org/records/competition-performance-rankings/ranking/657275
313,659495,"RMAC Outdoor Track and Field Championship, CSU - Neta and Eddie DeRose Thunderbowl, Pueblo, CO",USA,24 MAY 2026,26 MAY 2026,0,,74335,306,74335,https://worldathletics.org/records/competition-performance-rankings/ranking/659495
315,658137,"Billy Hayes Invitational, Billy Hayes T& F Complex, Bloomington, IN",USA,08 MAY 2026,08 MAY 2026,30,520,74304,308,74334,https://worldathletics.org/records/competition-performance-rankings/ranking/658137
316,657388,"24th National Junior Athletics Federation Competition, Sree Kanteerava Outdoor Stadium, Bengaluru",IND,24 APR 2026,26 APR 2026,10,728,74300,312,74310,https://worldathletics.org/records/competition-performance-rankings/ranking/657388
317,657665,"Doug Max Invitational, CSU Jack Christiansen Track, Fort Collins, CO",USA,02 MAY 2026,02 MAY 2026,20,599,74289,314,74309,https://worldathletics.org/records/competition-performance-rankings/ranking/657665
318,660002,"16. Int. Sparkassenmeeting, Jahnstadion, Osterode",GER,05 JUN 2026,05 JUN 2026,220,190,74088,333,74308,https://worldathletics.org/records/competition-performance-rankings/ranking/660002
319,662431,"Atletický Mítink Rieter, Atletický stadion, Ustí Nad Orlicí",CZE,19 AUG 2026,19 AUG 2026,160,239,74145,329,74305,https://worldathletics.org/records/competition-performance-rankings/ranking/662431
320,657838,"Atlantic 10 Outdoor Track & Field Championships, George Mason Stadium, Fairfax, VA",USA,02 MAY 2026,03 MAY 2026,0,,74291,313,74291,https://worldathletics.org/records/competition-performance-rankings/ranking/657838
321,661789,"Spanish U20 Championships, Pista atletismo Albacete, Albacete",ESP,18 JUL 2026,19 JUL 2026,10,728,74278,316,74288,https://worldathletics.org/records/competition-performance-rankings/ranking/661789
322,657631,"Region 6 / KJCCC Outdoor Track and Field Championships, Cowley Sport Complex, Arkansas City, KS",USA,30 APR 2026,02 MAY 2026,0,,74283,315,74283,https://worldathletics.org/records/competition-performance-rankings/ranking/657631
323,661432,"3rd Arab Athletics U23 Championships / 1st Arab Athletics U16 Championships, Suez Canal Authority Stadium, Ismailia",EGY,20 JUN 2026,24 JUN 2026,15,664,74250,319,74265,https://worldathletics.org/records/competition-performance-rankings/ranking/661432
324,659755,"Josef Odlozil Memorial - National Events, Stadion Juliska, Praha",CZE,01 JUN 2026,01 JUN 2026,30,520,74229,322,74259,https://worldathletics.org/records/competition-performance-rankings/ranking/659755
325,657432,"J Fred Duckett Rice Twilight Meet, Rice University Ley Track/Holloway Field, Houston, TX",USA,25 APR 2026,25 APR 2026,15,664,74237,321,74252,https://worldathletics.org/records/competition-performance-rankings/ranking/657432
325,657692,"Cameron Burrell Invitational, Carl Lewis TF and Soccer Complex, Houston, TX",USA,29 APR 2026,30 APR 2026,45,454,74207,324,74252,https://worldathletics.org/records/competition-performance-rankings/ranking/657692
327,659918,"Southeast Meet of Champions, University of North Florda Jax Track at Hodges Stadium, Jacksonville, FL",USA,22 MAY 2026,23 MAY 2026,0,,74248,320,74248,https://worldathletics.org/records/competition-performance-rankings/ranking/659918
328,657836,"South Atlantic Conference Men's and Women's Outdoor Track & Field Championships, Food City Sports Complex, Emory, VA",USA,29 APR 2026,30 APR 2026,0,,74219,323,74219,https://worldathletics.org/records/competition-performance-rankings/ranking/657836
329,661256,"Meeting National de La Roche-sur-Yon, Stade Jules Ladoumegue, La Roche-sur-Yon",FRA,01 JUL 2026,01 JUL 2026,35,496,74172,327,74207,https://worldathletics.org/records/competition-performance-rankings/ranking/661256
330,657065,"ESU Relays, Emporia St. Francis G. Welch Stadium, Emporia, KS",USA,16 APR 2026,16 APR 2026,20,599,74184,325,74204,https://worldathletics.org/records/competition-performance-rankings/ranking/657065
331,656412,"Ebanks Invitational, George Mason Stadium, Fairfax, VA",USA,03 APR 2026,04 APR 2026,5,814,74183,326,74188,https://worldathletics.org/records/competition-performance-rankings/ranking/656412
332,658745,"1. kolo extraligy mužů a žen, Mestský Stadion, Ostrava",CZE,17 MAY 2026,17 MAY 2026,215,194,73963,342,74178,https://worldathletics.org/records/competition-performance-rankings/ranking/658745
333,656348,"Alan Connie Shamrock Invitational, Doug Shaw Memorial Stadium, Myrtle Beach, SC",USA,19 MAR 2026,21 MAR 2026,15,664,74140,330,74155,https://worldathletics.org/records/competition-performance-rankings/ranking/656348
334,656872,"Regional Athletics Invitational Meeting 3, Hubei Olympic Sports Center, Wuhan",CHN,11 APR 2026,12 APR 2026,35,496,74116,332,74151,https://worldathletics.org/records/competition-performance-rankings/ranking/656872
335,658195,"America East Outdoor Championships, Cushing Field Complex, Lowell, MA",USA,09 MAY 2026,10 MAY 2026,5,814,74140,330,74145,https://worldathletics.org/records/competition-performance-rankings/ranking/658195
336,661087,"Welsh Athletics Senior & U18 Championships, Cardiff Athletic Stadium, Cardiff",GBR,27 JUN 2026,28 JUN 2026,20,599,74079,334,74099,https://worldathletics.org/records/competition-performance-rankings/ranking/661087
337,658810,"AGN Track & Field League 5, Pilditch Stadium, Pretoria",RSA,16 MAY 2026,16 MAY 2026,30,520,74055,336,74085,https://worldathletics.org/records/competition-performance-rankings/ranking/658810
338,660574,"Zlatá tretra - Národní program, Mestský Stadion, Ostrava",CZE,16 JUN 2026,16 JUN 2026,15,664,74058,335,74073,https://worldathletics.org/records/competition-performance-rankings/ranking/660574
339,657638,"Gary Wieneke Memorial, Demirjian Park, Champaign, IL",USA,01 MAY 2026,02 MAY 2026,50,434,73983,340,74033,https://worldathletics.org/records/competition-performance-rankings/ranking/657638
340,661269,"Meeting Saint-Denis Émotion n°4, Stade Annexe Stade de France, St-Denis",FRA,01 JUL 2026,01 JUL 2026,160,239,73867,346,74027,https://worldathletics.org/records/competition-performance-rankings/ranking/661269
341,659855,"SVM Nationalliga A, Sportanlage Sihlhölzli, Zürich",SUI,31 MAY 2026,31 MAY 2026,85,332,73918,343,74003,https://worldathletics.org/records/competition-performance-rankings/ranking/659855
342,655829,"Cape Coast Open Championships, Cape Coast Sports Stadium, Cape Coast",GHA,14 MAR 2026,14 MAR 2026,0,,74001,338,74001,https://worldathletics.org/records/competition-performance-rankings/ranking/655829
343,661619,"Ontario Championships, Alumni Field, Windsor",CAN,10 JUL 2026,12 JUL 2026,30,520,73969,341,73999,https://worldathletics.org/records/competition-performance-rankings/ranking/661619
344,655923,"Bob Davidson Team Challenge, Dick Vert Stadium, High Point, NC",USA,20 MAR 2026,21 MAR 2026,10,728,73986,339,73996,https://worldathletics.org/records/competition-performance-rankings/ranking/655923
345,661538,"Slovenian Cup Championships, Atletski stadion Poljane, Maribor",SLO,10 JUL 2026,11 JUL 2026,150,252,73820,349,73970,https://worldathletics.org/records/competition-performance-rankings/ranking/661538
346,657540,"Regional Athletics Invitational Meeting 5, Hebei Olympic Sports Center, Qinhuangdao",CHN,28 APR 2026,29 APR 2026,40,472,73903,344,73943,https://worldathletics.org/records/competition-performance-rankings/ranking/657540
347,662980,"MTN CHAMPS Grand Final, Lekan Salami Stadium, Ibadan",NGR,15 APR 2026,18 APR 2026,10,728,73903,344,73913,https://worldathletics.org/records/competition-performance-rankings/ranking/662980
348,660203,"Olympic Trials - Balkan Championships Selection, Atatürk Stadyumu, Izmir",TUR,06 JUN 2026,07 JUN 2026,95,321,73810,351,73905,https://worldathletics.org/records/competition-performance-rankings/ranking/660203
349,658292,"Widener Final Qualifier, Leslie C. Quick Jr. Stadium, Chester, PA",USA,11 MAY 2026,11 MAY 2026,50,434,73845,348,73895,https://worldathletics.org/records/competition-performance-rankings/ranking/658292
350,658260,"Colombian U23 Championships, Estadio de Atletismo de la Unidad Deportiva Centenario, Armenia",COL,08 MAY 2026,10 MAY 2026,10,728,73866,347,73876,https://worldathletics.org/records/competition-performance-rankings/ranking/658260
351,658742,"International Meeting Maribor and the Iztok Ciglarič Memorial, Atletski stadion Poljane, Maribor",SLO,17 MAY 2026,17 MAY 2026,105,308,73768,354,73873,https://worldathletics.org/records/competition-performance-rankings/ranking/658742
352,660513,"36. int. DSC-Meeting, Heinz-Steyer-Stadion, Dresden",GER,12 JUN 2026,12 JUN 2026,120,292,73735,357,73855,https://worldathletics.org/records/competition-performance-rankings/ranking/660513
353,657629,"Aggie Classic, Marcus T. Johnson Track, Greensboro, NC",USA,01 MAY 2026,02 MAY 2026,55,414,73791,353,73846,https://worldathletics.org/records/competition-performance-rankings/ranking/657629
354,662509,"National Athletics League Premiership Division, TVAC, Windsor",GBR,22 AUG 2026,22 AUG 2026,185,213,73652,361,73837,https://worldathletics.org/records/competition-performance-rankings/ranking/662509
355,656329,"West Coast Relays, Veterans Memorial Stadium, Clovis, CA",USA,27 MAR 2026,28 MAR 2026,20,599,73813,350,73833,https://worldathletics.org/records/competition-performance-rankings/ranking/656329
356,659595,"Meeting National de Seine et Marne, Stade Philippe Mahut, Fontainebleau",FRA,29 MAY 2026,29 MAY 2026,20,599,73797,352,73817,https://worldathletics.org/records/competition-performance-rankings/ranking/659595
357,661329,"54th Flag of KAAF National Athletics Meeting, Yecheon Stadium, Yecheon",KOR,19 JUN 2026,23 JUN 2026,50,434,73738,356,73788,https://worldathletics.org/records/competition-performance-rankings/ranking/661329
358,660878,"Campeonato Madrid Absoluto, Estadio Vallehermoso, Madrid",ESP,20 JUN 2026,21 JUN 2026,55,414,73723,358,73778,https://worldathletics.org/records/competition-performance-rankings/ranking/660878
359,658787,"Super League Interclub M+V, Atletiekarena Gaston Roelants, Kessel-Lo",BEL,17 MAY 2026,17 MAY 2026,165,229,73591,365,73756,https://worldathletics.org/records/competition-performance-rankings/ranking/658787
360,657730,"WIAC Outdoor Track and Field Championships, Veterans Memorial Stadium, La Crosse, WI",USA,01 MAY 2026,02 MAY 2026,0,,73754,355,73754,https://worldathletics.org/records/competition-performance-rankings/ranking/657730
361,659413,"62. Susanne Meier Memorial, Stadion Schützenmatte, Basel",SUI,25 MAY 2026,25 MAY 2026,65,382,73682,359,73747,https://worldathletics.org/records/competition-performance-rankings/ranking/659413
362,661218,"37. Mednarodni miting Novo Mesto, Stadion Portoval, Novo Mesto",SLO,01 JUL 2026,01 JUL 2026,155,243,73580,366,73735,https://worldathletics.org/records/competition-performance-rankings/ranking/661218
363,658148,"K-State Ward Haylett Invitational, RV Christian Track, Manhattan, KS",USA,08 MAY 2026,08 MAY 2026,245,176,73479,371,73724,https://worldathletics.org/records/competition-performance-rankings/ranking/658148
364,657699,"Bengal Invitational, Davis Field, Pocatello, ID",USA,01 MAY 2026,02 MAY 2026,25,567,73677,360,73702,https://worldathletics.org/records/competition-performance-rankings/ranking/657699
365,656585,"CGA League, UJ Stadium, Johannesburg",RSA,04 APR 2026,04 APR 2026,70,365,73602,364,73672,https://worldathletics.org/records/competition-performance-rankings/ranking/656585
366,657075,"Gibson Invitational, Gibson Track & Field Complex, Terre Haute, IN",USA,16 APR 2026,18 APR 2026,30,520,73619,362,73649,https://worldathletics.org/records/competition-performance-rankings/ranking/657075
366,657587,"Kehoe Twilight, University of Maryland, College Park, MD",USA,01 MAY 2026,01 MAY 2026,70,365,73579,367,73649,https://worldathletics.org/records/competition-performance-rankings/ranking/657587
368,660192,"Meeting National d'Angoulême, Stade Ma Campagne, Angoulême",FRA,06 JUN 2026,06 JUN 2026,60,393,73574,368,73634,https://worldathletics.org/records/competition-performance-rankings/ranking/660192
369,661334,"Italian U20 Championships, Giovanni Chiggiato Stadium, Caorle",ITA,04 JUL 2026,05 JUL 2026,0,,73614,363,73614,https://worldathletics.org/records/competition-performance-rankings/ranking/661334
370,659772,"The Great Northwest Athletic Conference Outdoor Track and Field Championship, Recreation Sports Complex, Ellensburg, WA",USA,04 MAY 2026,05 MAY 2026,0,,73528,369,73528,https://worldathletics.org/records/competition-performance-rankings/ranking/659772
371,656511,"2nd National Trial, Mandela National Stadium, Kampala",UGA,29 MAR 2026,29 MAR 2026,15,664,73497,370,73512,https://worldathletics.org/records/competition-performance-rankings/ranking/656511
372,660427,"Spanish Clubs Championships Division Honor Liga Joma-Permanence, Complex Esportiu L’Hospitalet Nord, L'Hospitalet",ESP,13 JUN 2026,13 JUN 2026,55,414,73445,374,73500,https://worldathletics.org/records/competition-performance-rankings/ranking/660427
373,659869,"Venizeleia-Chania International Meeting, Elena Venizelou National Stadium, Chania",GRE,31 MAY 2026,31 MAY 2026,425,119,73067,387,73492,https://worldathletics.org/records/competition-performance-rankings/ranking/659869
374,657236,"GVSU Extra Weekend Meet, GVSU Track/Lacrosse Stadium, Allendale, MI",USA,24 APR 2026,25 APR 2026,40,472,73449,372,73489,https://worldathletics.org/records/competition-performance-rankings/ranking/657236
375,661281,"Classique d'Athlétisme de Québec, PEPS de l'Université Laval, Quebec City",CAN,03 JUL 2026,03 JUL 2026,35,496,73447,373,73482,https://worldathletics.org/records/competition-performance-rankings/ranking/661281
376,661012,"Regional Athletics Invitational Meeting 9, Shanxi Athletics Administrative Center, Xi'an",CHN,19 JUN 2026,20 JUN 2026,50,434,73330,375,73380,https://worldathletics.org/records/competition-performance-rankings/ranking/661012
377,663365,"Regional Athletics Invitational Meeting 10, Liaoning Athletics Management Center, Dalian",CHN,16 SEP 2026,17 SEP 2026,75,354,73278,377,73353,https://worldathletics.org/records/competition-performance-rankings/ranking/663365
378,662544,"Abendmeeting, Sportanlage Wisacher, Regensdorf",SUI,22 AUG 2026,22 AUG 2026,45,454,73285,376,73330,https://worldathletics.org/records/competition-performance-rankings/ranking/662544
379,661380,"EAP International Athletic Meeting ""Mladost"", Sports Park Mladost, Zagreb",CRO,04 JUL 2026,05 JUL 2026,135,262,73174,384,73309,https://worldathletics.org/records/competition-performance-rankings/ranking/661380
380,657963,"Liberty Twilight Qualifier, Matthes-Hopkins Track Complex, Lynchburg, VA",USA,06 MAY 2026,06 MAY 2026,15,664,73277,378,73292,https://worldathletics.org/records/competition-performance-rankings/ranking/657963
381,656046,"The 3rd Miyazaki Athletics Records Meeting, Prefectural Yamanokuchi Athletics Stadium, Miyakonojo",JPN,20 MAR 2026,21 MAR 2026,60,393,73230,381,73290,https://worldathletics.org/records/competition-performance-rankings/ranking/656046
382,656456,"The 59th Tokyo Big6 Track Field League, Keio Univ. Hiyoshi Athletics Field, Yokohama",JPN,05 APR 2026,05 APR 2026,15,664,73253,379,73268,https://worldathletics.org/records/competition-performance-rankings/ranking/656456
383,661174,"La Classique d'athlétisme de Montréal, Complexe Sportif Claude-Robillard, Montréal",CAN,30 JUN 2026,30 JUN 2026,60,393,73206,383,73266,https://worldathletics.org/records/competition-performance-rankings/ranking/661174
384,660118,"SEAA Under 20/Senior Championships, Bedford Athletic Stadium, Bedford",GBR,06 JUN 2026,07 JUN 2026,10,728,73239,380,73249,https://worldathletics.org/records/competition-performance-rankings/ranking/660118
385,658746,"JAAA / PUMA Meet #2, National Stadium, Kingston",JAM,16 MAY 2026,16 MAY 2026,180,218,73048,388,73228,https://worldathletics.org/records/competition-performance-rankings/ranking/658746
386,658136,"NSIC Outdoor Track and Field Championships, Malosky Stadium, Duluth, MN",USA,07 MAY 2026,09 MAY 2026,0,,73220,382,73220,https://worldathletics.org/records/competition-performance-rankings/ranking/658136
387,659231,"National Athletics League - Premiership, Moorways Stadium, Derby",GBR,23 MAY 2026,23 MAY 2026,85,332,73100,386,73185,https://worldathletics.org/records/competition-performance-rankings/ranking/659231
388,655922,"Ole Miss Classic, Ole Miss T&F Complex, Oxford, MS",USA,20 MAR 2026,21 MAR 2026,115,301,73042,389,73157,https://worldathletics.org/records/competition-performance-rankings/ranking/655922
389,657815,"CCAA Men's & Women's Track & Field Championships, Mangrum Track & Field, San Marcos, CA",USA,30 APR 2026,02 MAY 2026,0,,73119,385,73119,https://worldathletics.org/records/competition-performance-rankings/ranking/657815
390,655075,"Saucony Battle for Boston, Boston Univ. Track & Tennis Center, Boston, MA",USA,22 FEB 2026,22 FEB 2026,165,229,72953,395,73118,https://worldathletics.org/records/competition-performance-rankings/ranking/655075
391,661292,"XXXV Qosanov Memorial, Kazhymukan Munaitpasov Stadium, Shimkent",KAZ,30 JUN 2026,01 JUL 2026,95,321,72990,394,73085,https://worldathletics.org/records/competition-performance-rankings/ranking/661292
392,655575,"Beach Opener, Jack Rose Track, Long Beach, CA",USA,06 MAR 2026,07 MAR 2026,85,332,72997,393,73082,https://worldathletics.org/records/competition-performance-rankings/ranking/655575
393,657202,"4th National Trials, Mandela National Stadium, Kampala",UGA,25 APR 2026,25 APR 2026,0,,73033,390,73033,https://worldathletics.org/records/competition-performance-rankings/ranking/657202
393,660517,"A.V. Ignatiev Memorial, Olympic Stadium, Cheboksary",RUS,13 JUN 2026,13 JUN 2026,30,520,73003,392,73033,https://worldathletics.org/records/competition-performance-rankings/ranking/660517
395,662434,"Indian Athletics Series-13, Stadium Hanamkonda, Warangal",IND,18 AUG 2026,18 AUG 2026,10,728,73017,391,73027,https://worldathletics.org/records/competition-performance-rankings/ranking/662434
396,658863,"Regional Women Club Championships, Stadio Atleti Azzurri d'Italia, Gallarate",ITA,16 MAY 2026,17 MAY 2026,25,567,72933,396,72958,https://worldathletics.org/records/competition-performance-rankings/ranking/658863
397,656963,"Continental Tour Orlando Guaita, Pista Atlética Mario Recordón, Santiago de Chile",CHI,19 APR 2026,19 APR 2026,235,179,72712,415,72947,https://worldathletics.org/records/competition-performance-rankings/ranking/656963
398,658152,"Len Paddock Open, University of Michigan Outdoor Track Stadium, Ann Arbor, MI",USA,08 MAY 2026,08 MAY 2026,10,728,72930,397,72940,https://worldathletics.org/records/competition-performance-rankings/ranking/658152
399,662127,"8° Meeting Brazzale, Campo Scuola G. Perraro, Vicenza",ITA,01 AUG 2026,01 AUG 2026,235,179,72692,417,72927,https://worldathletics.org/records/competition-performance-rankings/ranking/662127
400,660387,"Hong Kong Athletics Open, Tsueng Kwan O Sports Ground, Hong Kong",HKG,13 JUN 2026,13 JUN 2026,60,393,72860,400,72920,https://worldathletics.org/records/competition-performance-rankings/ranking/660387
401,661508,"Nordic U20 Match & Championships, Kaarlen kenttä, Vaasa",FIN,04 JUL 2026,05 JUL 2026,10,728,72905,398,72915,https://worldathletics.org/records/competition-performance-rankings/ranking/661508
402,661597,"6° Meeting della Leonessa, 10° memorial Davide Boroni, Centro Gabre Gabric, Brescia",ITA,11 JUL 2026,11 JUL 2026,60,393,72839,404,72899,https://worldathletics.org/records/competition-performance-rankings/ranking/661597
403,662963,"Swiss U23 Championships, Stadion Schützenmatte, Basel",SUI,05 SEP 2026,06 SEP 2026,15,664,72876,399,72891,https://worldathletics.org/records/competition-performance-rankings/ranking/662963
404,660396,"EAP Malta International, Marsa Athletics Track, Marsa",MLT,12 JUN 2026,13 JUN 2026,30,520,72856,401,72886,https://worldathletics.org/records/competition-performance-rankings/ranking/660396
405,658946,"Desafio Nerja, Estadio Enrique Lopez Cuenca, Nerja",ESP,20 MAY 2026,20 MAY 2026,25,567,72852,402,72877,https://worldathletics.org/records/competition-performance-rankings/ranking/658946
406,661400,"Campeonato de Cataluña, Pista atletismo Palau Sacosta, Girona",ESP,04 JUL 2026,05 JUL 2026,30,520,72820,406,72850,https://worldathletics.org/records/competition-performance-rankings/ranking/661400
407,657564,"GLIAC Championships, GVSU Track/Lacrosse Stadium, Allendale, MI",USA,29 APR 2026,01 MAY 2026,0,,72841,403,72841,https://worldathletics.org/records/competition-performance-rankings/ranking/657564
408,659905,"Granada Challenger, Estadio de la Juventud de Granada, Granada",ESP,03 JUN 2026,03 JUN 2026,85,332,72749,411,72834,https://worldathletics.org/records/competition-performance-rankings/ranking/659905
409,659753,"Campionati Nazionali Universitari, Campo Andrea Gorla, Novara",ITA,30 MAY 2026,31 MAY 2026,5,814,72825,405,72830,https://worldathletics.org/records/competition-performance-rankings/ranking/659753
410,655733,"20th Carolina Spring Break Camp/Classic, Pista Basilio Rodriguez, Carolina",PUR,13 MAR 2026,14 MAR 2026,85,332,72723,414,72808,https://worldathletics.org/records/competition-performance-rankings/ranking/655733
411,655079,"Corporate Area Development Meet, National Stadium, Kingston",JAM,20 FEB 2026,21 FEB 2026,0,,72802,407,72802,https://worldathletics.org/records/competition-performance-rankings/ranking/655079
412,656784,"Hurricane Alumni Invitational, UMiami Cobb Stadium, Coral Gables, FL",USA,10 APR 2026,11 APR 2026,55,414,72740,413,72795,https://worldathletics.org/records/competition-performance-rankings/ranking/656784
413,658211,"MAAC Outdoor Track & Field Championships, Morgan Track, Emmitsburg, MD",USA,09 MAY 2026,10 MAY 2026,0,,72793,408,72793,https://worldathletics.org/records/competition-performance-rankings/ranking/658211
414,655837,"New Taipei City Youth Cup National Athletics Opens, Banqiao Stadium, New Taipei City",TPE,08 MAR 2026,13 MAR 2026,30,520,72753,410,72783,https://worldathletics.org/records/competition-performance-rankings/ranking/655837
415,660550,"Gran Premio Aire Libre Federación Catalana Atletismo, Camp d’Atletisme Antoni Amorós, Santa Coloma de Gramenet",ESP,06 JUN 2026,06 JUN 2026,10,728,72763,409,72773,https://worldathletics.org/records/competition-performance-rankings/ranking/660550
416,659805,"Championnats de France FFSU, Stade Colette Besson, Dijon",FRA,30 MAY 2026,31 MAY 2026,15,664,72741,412,72756,https://worldathletics.org/records/competition-performance-rankings/ranking/659805
417,661593,"National Athletics League Premiership Division, Ashton Playing Fields Woodford Green, London",GBR,11 JUL 2026,11 JUL 2026,40,472,72698,416,72738,https://worldathletics.org/records/competition-performance-rankings/ranking/661593
418,656216,"II Circuito Paulista Open de Atletismo, COTP Stadium, São Paulo",BRA,28 MAR 2026,28 MAR 2026,115,301,72599,426,72714,https://worldathletics.org/records/competition-performance-rankings/ranking/656216
418,657705,"Badgers Alumni Classic, McClimon Outdoor Track, Madison, WI",USA,01 MAY 2026,01 MAY 2026,40,472,72674,419,72714,https://worldathletics.org/records/competition-performance-rankings/ranking/657705
420,655361,"WIAC Indoor Track & Field Championships, Williams Fieldhouse, Platteville, WI",USA,27 FEB 2026,28 FEB 2026,5,814,72684,418,72689,https://worldathletics.org/records/competition-performance-rankings/ranking/655361
421,657991,"East Coast International Showcase, Hughes Stadium, Morgan St. Univ., Baltimore, MD",USA,02 MAY 2026,02 MAY 2026,5,814,72664,420,72669,https://worldathletics.org/records/competition-performance-rankings/ranking/657991
422,656490,"Brutus Hamilton Invitational, Edwards Stadium, Berkeley, CA",USA,02 APR 2026,04 APR 2026,30,520,72637,422,72667,https://worldathletics.org/records/competition-performance-rankings/ranking/656490
423,661266,"Meeting de Bron, Stade Pierre Duboeuf, Bron",FRA,02 JUL 2026,02 JUL 2026,40,472,72625,423,72665,https://worldathletics.org/records/competition-performance-rankings/ranking/661266
424,657111,"Loughborough Open inc. BUCS 10,000m, Loughborough University Track, Loughborough",GBR,18 APR 2026,18 APR 2026,20,599,72642,421,72662,https://worldathletics.org/records/competition-performance-rankings/ranking/657111
425,658143,"Indian Athletics Series – 5, War Hero Stadium, Sangrur",IND,09 MAY 2026,09 MAY 2026,60,393,72597,428,72657,https://worldathletics.org/records/competition-performance-rankings/ranking/658143
426,656316,"Charles Austin Classic, Bobcat Track and Field Complex, San Marcos, TX",USA,27 MAR 2026,28 MAR 2026,20,599,72609,425,72629,https://worldathletics.org/records/competition-performance-rankings/ranking/656316
426,658064,"Paul Donahue Invitational, Leslie C. Quick Jr. Stadium, Chester, PA",USA,17 APR 2026,18 APR 2026,35,496,72594,430,72629,https://worldathletics.org/records/competition-performance-rankings/ranking/658064
428,656453,"51st University inter-College Track and Field Tournament, NITTAIDAI Athletic Stadium, Yokohama",JPN,05 APR 2026,05 APR 2026,0,,72622,424,72622,https://worldathletics.org/records/competition-performance-rankings/ranking/656453
429,661622,"Balkan U20 Championships, Stadionul de atletism ""Nicolae Mărășescu"", Craiova",ROU,11 JUL 2026,11 JUL 2026,10,728,72595,429,72605,https://worldathletics.org/records/competition-performance-rankings/ranking/661622
430,659545,"Regional Athletics Invitational Meeting 7, Guoxin Sports Center, Qingdao",CHN,15 MAY 2026,16 MAY 2026,0,,72599,426,72599,https://worldathletics.org/records/competition-performance-rankings/ranking/659545
431,656636,"Dick Roberts Seminole Twilight, Florida State University - Mike Long Track, Tallahassee, FL",USA,10 APR 2026,10 APR 2026,65,382,72533,434,72598,https://worldathletics.org/records/competition-performance-rankings/ranking/656636
432,661895,"Challenge Assoluto Su Pista, Stadio Luigi Ridolfi, Firenze",ITA,24 JUL 2026,25 JUL 2026,0,,72592,431,72592,https://worldathletics.org/records/competition-performance-rankings/ranking/661895
433,654867,"Circuito Performance 1 - Short Track, COTP Stadium, São Paulo",BRA,18 FEB 2026,18 FEB 2026,135,262,72448,439,72583,https://worldathletics.org/records/competition-performance-rankings/ranking/654867
434,660422,"Spanish Clubs Championships Division Honor Liga Iberdrola-Permanence, Estadio Vallehermoso, Madrid",ESP,13 JUN 2026,13 JUN 2026,20,599,72555,432,72575,https://worldathletics.org/records/competition-performance-rankings/ranking/660422
435,656200,"Algerian Winter Championshihps, Complexe Olympique Mohamed Boudiaf, Algiers",ALG,27 MAR 2026,28 MAR 2026,125,286,72440,440,72565,https://worldathletics.org/records/competition-performance-rankings/ranking/656200
436,662210,"Sprints, Hurdles, Jumps Meeting, Yangzhou Sports Center, Yangzhou",CHN,30 JUL 2026,31 JUL 2026,0,,72546,433,72546,https://worldathletics.org/records/competition-performance-rankings/ranking/662210
437,657271,"PacWest Conference Championships, PLNU Carroll B. Land Stadium, San Diego, CA",USA,23 APR 2026,25 APR 2026,0,,72524,435,72524,https://worldathletics.org/records/competition-performance-rankings/ranking/657271
438,656780,"Jim Duncan Invitational, Drake Stadium, Des Moines, IA",USA,10 APR 2026,10 APR 2026,20,599,72486,436,72506,https://worldathletics.org/records/competition-performance-rankings/ranking/656780
439,656434,"Oliver Nikoloff Invitational, Gettler Stadium, Cincinnati, OH",USA,03 APR 2026,04 APR 2026,0,,72485,437,72485,https://worldathletics.org/records/competition-performance-rankings/ranking/656434
440,657525,"Arab U20 Championships, Stadion Radés, Radés",TUN,26 APR 2026,30 APR 2026,0,,72465,438,72465,https://worldathletics.org/records/competition-performance-rankings/ranking/657525
441,659185,"Track Meeting Poljane, Atletski stadion Poljane, Maribor",SLO,24 MAY 2026,24 MAY 2026,45,454,72414,441,72459,https://worldathletics.org/records/competition-performance-rankings/ranking/659185
442,657267,"OU O'Ring Alumni Invitational, John Jacobs Track Complex, Norman, OK",USA,24 APR 2026,25 APR 2026,45,454,72398,445,72443,https://worldathletics.org/records/competition-performance-rankings/ranking/657267
443,655192,"Dane Bird-Smith Shield & QLD 10,000m Race Walk Championships, QSAC State Athletics Facility, Nathan, Brisbane",AUS,21 FEB 2026,21 FEB 2026,0,,72413,442,72413,https://worldathletics.org/records/competition-performance-rankings/ranking/655192
444,660123,"Brooks PR Invitational, Renton Memorial Stadium, Renton, WA",USA,07 JUN 2026,07 JUN 2026,0,,72410,443,72410,https://worldathletics.org/records/competition-performance-rankings/ranking/660123
445,655911,"Cal Invitational, Edwards Stadium, Berkeley, CA",USA,20 MAR 2026,21 MAR 2026,0,,72404,444,72404,https://worldathletics.org/records/competition-performance-rankings/ranking/655911
446,663074,"Jogos Universitários Brasileiros - JUBs, Pista de Atletismo da UFG, Goiania",BRA,31 AUG 2026,04 SEP 2026,30,520,72365,448,72395,https://worldathletics.org/records/competition-performance-rankings/ranking/663074
447,656042,"River City Relays, University of North Florda Jax Track at Hodges Stadium, Jacksonville, FL",USA,19 MAR 2026,20 MAR 2026,0,,72394,446,72394,https://worldathletics.org/records/competition-performance-rankings/ranking/656042
448,657569,"Gulf South Conference Outdoor Championship, Lacrosse Stadium, Montevallo, AL",USA,29 APR 2026,01 MAY 2026,0,,72380,447,72380,https://worldathletics.org/records/competition-performance-rankings/ranking/657569
449,655651,"Kaohsiung Harbour City Cup National Athletics Championships, National Stadium, Kaohsiung",TPE,01 MAR 2026,05 MAR 2026,10,728,72364,449,72374,https://worldathletics.org/records/competition-performance-rankings/ranking/655651
450,656308,"David Noble Relays, LeGrand Stadium at 1st Community Credit Union Field, San Angelo, TX",USA,26 MAR 2026,28 MAR 2026,35,496,72337,452,72372,https://worldathletics.org/records/competition-performance-rankings/ranking/656308
451,657861,"Oregon State High Performance, Oregon State Whyte Track and Field Center, Corvallis, OR",USA,01 MAY 2026,02 MAY 2026,15,664,72353,450,72368,https://worldathletics.org/records/competition-performance-rankings/ranking/657861
451,661768,"Lappeenranta Games, Kimpisen yleisurheilukenttä, Lappeenranta",FIN,18 JUL 2026,18 JUL 2026,165,229,72203,457,72368,https://worldathletics.org/records/competition-performance-rankings/ranking/661768
453,654443,"Sir Graeme Douglas International, Douglas Track & Field, Auckland",NZL,08 FEB 2026,08 FEB 2026,195,207,72158,461,72353,https://worldathletics.org/records/competition-performance-rankings/ranking/654443
453,660124,"Indian Athletics Series-8, Savitribai Phule University Sports Complex, Pune",IND,07 JUN 2026,07 JUN 2026,15,664,72338,451,72353,https://worldathletics.org/records/competition-performance-rankings/ranking/660124
455,659856,"EAP XX Atletica 2000 Meeting, Polisportivo Comunale, San Vito al Tagliamento",ITA,02 JUN 2026,02 JUN 2026,70,365,72268,455,72338,https://worldathletics.org/records/competition-performance-rankings/ranking/659856
456,661152,"Czech U20 Championships, Stadion TJ Lokomotiva Olomouc,, Olomouc",CZE,27 JUN 2026,28 JUN 2026,20,599,72302,453,72322,https://worldathletics.org/records/competition-performance-rankings/ranking/661152
457,660962,"Meeting de Saint-Etienne, Stade Henri Lux, St-Etienne",FRA,20 JUN 2026,20 JUN 2026,10,728,72295,454,72305,https://worldathletics.org/records/competition-performance-rankings/ranking/660962
458,661166,"InterEuropol Mityng, Stadion Zygmunta Szelesta, Warszawa",POL,27 JUN 2026,28 JUN 2026,85,332,72163,460,72248,https://worldathletics.org/records/competition-performance-rankings/ranking/661166
459,659722,"XXVI Trofeo Atletismo Ciudad de Fuenlabrada, Polideportivo Fermin Cacho, Fuenlabrada",ESP,29 MAY 2026,29 MAY 2026,15,664,72205,456,72220,https://worldathletics.org/records/competition-performance-rankings/ranking/659722
460,655999,"the second ICAAK track and field game, Nagai Stadium No. 2, Osaka",JPN,20 MAR 2026,21 MAR 2026,0,,72179,458,72179,https://worldathletics.org/records/competition-performance-rankings/ranking/655999
461,658214,"Horizon League Outdoor Track & Field Championships, Oakland Track and Field Complex, Rochester, MI",USA,08 MAY 2026,10 MAY 2026,0,,72165,459,72165,https://worldathletics.org/records/competition-performance-rankings/ranking/658214
462,658454,"KTFL Gimhae National Club Athletics Meeting, Gimhae Stadium, Gimhae",KOR,25 MAR 2026,27 MAR 2026,35,496,72119,463,72154,https://worldathletics.org/records/competition-performance-rankings/ranking/658454
463,656489,"Southern Miss Invitational, USM Bell Stadium, Hattiesburg, MS",USA,03 APR 2026,04 APR 2026,0,,72143,462,72143,https://worldathletics.org/records/competition-performance-rankings/ranking/656489
464,660746,"Korea Athletics Open, Yecheon Stadium, Yecheon",KOR,20 JUN 2026,21 JUN 2026,60,393,72080,465,72140,https://worldathletics.org/records/competition-performance-rankings/ranking/660746
465,656608,"John Jacobs Invitational, John Jacobs Track Complex, Norman, OK",USA,10 APR 2026,10 APR 2026,50,434,72082,464,72132,https://worldathletics.org/records/competition-performance-rankings/ranking/656608
466,655565,"58 Copa Nuevo León Luciano Ramírez Gallardo, Pista del Centro Deportivo Borregos, Estadio Azul ITESM, Monterrey",MEX,07 MAR 2026,08 MAR 2026,70,365,72055,468,72125,https://worldathletics.org/records/competition-performance-rankings/ranking/655565
467,656775,"Third Qualifying Round Lai, Estadio Jose A. Figueroa Freyre, Mayagüez",PUR,10 APR 2026,11 APR 2026,50,434,72049,469,72099,https://worldathletics.org/records/competition-performance-rankings/ranking/656775
468,656505,"National University Athletics Open, Banqiao Stadium, New Taipei City",TPE,27 MAR 2026,28 MAR 2026,20,599,72078,466,72098,https://worldathletics.org/records/competition-performance-rankings/ranking/656505
469,658190,"GVSU Last Day Meet, GVSU Track/Lacrosse Stadium, Allendale, MI",USA,10 MAY 2026,10 MAY 2026,130,274,71950,474,72080,https://worldathletics.org/records/competition-performance-rankings/ranking/658190
470,661981,"Alberta Outdoor Track and Field Championships, Foothills Athletic Park, Calgary",CAN,25 JUL 2026,26 JUL 2026,0,,72078,466,72078,https://worldathletics.org/records/competition-performance-rankings/ranking/661981
471,656698,"Rafer Johnson/ Jackie Joyner-Kersee Invitational, Drake Stadium, Los Angeles, CA",USA,11 APR 2026,11 APR 2026,45,454,72010,471,72055,https://worldathletics.org/records/competition-performance-rankings/ranking/656698
472,658200,"Ter Specke Bokaal, Sportpark Ter Specke, Lisse",NED,09 MAY 2026,09 MAY 2026,110,304,71941,475,72051,https://worldathletics.org/records/competition-performance-rankings/ranking/658200
473,653243,"Glynis Nunn Shield & Queensland Combined Events Championships, QSAC State Athletics Facility, Nathan, Brisbane",AUS,10 JAN 2026,11 JAN 2026,20,599,72024,470,72044,https://worldathletics.org/records/competition-performance-rankings/ranking/653243
474,655847,"ACNW League, McArthur Stadium, Potchefstroom",RSA,17 MAR 2026,17 MAR 2026,305,148,71730,490,72035,https://worldathletics.org/records/competition-performance-rankings/ranking/655847
475,657923,"Sooner Invitational, John Jacobs Track Complex, Norman, OK",USA,02 MAY 2026,02 MAY 2026,155,243,71867,483,72022,https://worldathletics.org/records/competition-performance-rankings/ranking/657923
476,661285,"Championnats Régionaux LANA CJES, Stade Pierre Paul Bernard, Talence",FRA,27 JUN 2026,28 JUN 2026,25,567,71965,473,71990,https://worldathletics.org/records/competition-performance-rankings/ranking/661285
477,662661,"Indian Athletics Series-14, Tau Devi Lal Stadium, Panchkula",IND,25 AUG 2026,25 AUG 2026,0,,71972,472,71972,https://worldathletics.org/records/competition-performance-rankings/ranking/662661
478,661096,"54. Internationales LAZ Meeting/Rhede, Besagroup-Sportpark, Rhede",GER,28 JUN 2026,28 JUN 2026,85,332,71877,480,71962,https://worldathletics.org/records/competition-performance-rankings/ranking/661096
479,657668,"South Dakota Challenge, USD Lillibridge Track Complex, Vermillion, SD",USA,01 MAY 2026,02 MAY 2026,40,472,71906,476,71946,https://worldathletics.org/records/competition-performance-rankings/ranking/657668
480,658953,"Championnat de France des clubs N1A Poule 1, Parc de La Colombiere, Epinal",FRA,17 MAY 2026,17 MAY 2026,60,393,71868,482,71928,https://worldathletics.org/records/competition-performance-rankings/ranking/658953
481,661262,"II Meeting Bernat Peso, Estadi Municipal La Bòbila, Gavá",ESP,01 JUL 2026,01 JUL 2026,20,599,71888,478,71908,https://worldathletics.org/records/competition-performance-rankings/ranking/661262
482,656143,"ESU Spring Open, Emporia St. Francis G. Welch Stadium, Emporia, KS",USA,27 MAR 2026,27 MAR 2026,15,664,71892,477,71907,https://worldathletics.org/records/competition-performance-rankings/ranking/656143
483,655579,"1st AFN Golden League, Samuel Ogbemudia Stadium, Benin City",NGR,02 MAR 2026,03 MAR 2026,5,814,71887,479,71892,https://worldathletics.org/records/competition-performance-rankings/ranking/655579
483,657134,"Camp. Nacional de Especialidades /2da Parada de la Liga Nacional de Atletismo, Estadio Brigido Iriarte, Caracas",VEN,17 APR 2026,18 APR 2026,20,599,71872,481,71892,https://worldathletics.org/records/competition-performance-rankings/ranking/657134
485,655892,"Kirk Baptiste Invitational, Tom Tellez Track, Houston, TX",USA,19 MAR 2026,19 MAR 2026,80,342,71778,485,71858,https://worldathletics.org/records/competition-performance-rankings/ranking/655892
486,659145,"TIPOS Challenge Slovakia, Atletický štadión, Martin",SVK,23 MAY 2026,23 MAY 2026,70,365,71753,488,71823,https://worldathletics.org/records/competition-performance-rankings/ranking/659145
487,661021,"OFSAA Championships, Track and Field Centre Outdoor Track, Toronto",CAN,05 JUN 2026,07 JUN 2026,0,,71812,484,71812,https://worldathletics.org/records/competition-performance-rankings/ranking/661021
488,661114,"Italian U18 Championships, Stadio Zecchini, Grosseto",ITA,27 JUN 2026,28 JUN 2026,15,664,71760,486,71775,https://worldathletics.org/records/competition-performance-rankings/ranking/661114
489,661739,"Trackmeeting Breda, Atletiekbaan Breda, Breda",NED,11 JUL 2026,11 JUL 2026,35,496,71737,489,71772,https://worldathletics.org/records/competition-performance-rankings/ranking/661739
490,658726,"Vergotia 2026, Andreas Vergotis Municipal Stadium, Argostoli",GRE,16 MAY 2026,16 MAY 2026,185,213,71579,500,71764,https://worldathletics.org/records/competition-performance-rankings/ranking/658726
491,661834,"Portuguese U23 Outdoor Championships, Complexo Municipal de Atletismo Carla Sacramento, Seixal",POR,18 JUL 2026,19 JUL 2026,0,,71755,487,71755,https://worldathletics.org/records/competition-performance-rankings/ranking/661834
492,659194,"Budapest Open - Schulek Ágoston Emlékverseny és Budapest Bajnokság, Ikarus BSE Sporttelep, Budapest",HUN,24 MAY 2026,24 MAY 2026,55,414,71673,494,71728,https://worldathletics.org/records/competition-performance-rankings/ranking/659194
493,655481,"CGA League 4, Germiston Stadium, Johannesburg",RSA,28 FEB 2026,28 FEB 2026,70,365,71652,496,71722,https://worldathletics.org/records/competition-performance-rankings/ranking/655481
494,661729,"Pražské memoriály, Atletický stadion Slavia Praha, Praha",CZE,17 JUL 2026,17 JUL 2026,25,567,71690,492,71715,https://worldathletics.org/records/competition-performance-rankings/ranking/661729
495,660474,"LA Sprint Series, Notre Dame HS, Sherman Oaks, CA",USA,13 JUN 2026,13 JUN 2026,75,354,71633,497,71708,https://worldathletics.org/records/competition-performance-rankings/ranking/660474
496,660272,"Miting Celjskih Knezov - Meeting of Princes of Celje, Štadion Kladivar, Celje",SLO,10 JUN 2026,10 JUN 2026,170,226,71534,504,71704,https://worldathletics.org/records/competition-performance-rankings/ranking/660272
497,657585,"V° Meeting Internazionale Frate1874, Campo Comunale, Modena",ITA,01 MAY 2026,01 MAY 2026,10,728,71691,491,71701,https://worldathletics.org/records/competition-performance-rankings/ranking/657585
498,662025,"The 5th NIHON University Competition, Nihon University Stadium, Tokyo",JPN,25 JUL 2026,26 JUL 2026,35,496,71660,495,71695,https://worldathletics.org/records/competition-performance-rankings/ranking/662025
499,656323,"Jack Christiansen Invitational, CSU Jack Christiansen Track, Fort Collins, CO",USA,27 MAR 2026,28 MAR 2026,10,728,71681,493,71691,https://worldathletics.org/records/competition-performance-rankings/ranking/656323
500,656678,"The Big Meet, Cobb Track and Angell Field, Palo Alto, CA",USA,11 APR 2026,11 APR 2026,35,496,71583,499,71618,https://worldathletics.org/records/competition-performance-rankings/ranking/656678
501,660559,"Miryang Arirang National Athletics Meeting, Miryang Sports Complexs, Miryang",KOR,05 JUN 2026,09 JUN 2026,0,,71586,498,71586,https://worldathletics.org/records/competition-performance-rankings/ranking/660559
502,659493,"45. Nationales Pfingstsportfest der LAV ZEVEN, Sportanlage an der Kanalstraße, Zeven",GER,23 MAY 2026,24 MAY 2026,5,814,71578,501,71583,https://worldathletics.org/records/competition-performance-rankings/ranking/659493
503,656751,"Al Owens Classic, GVSU Track/Lacrosse Stadium, Allendale, MI",USA,10 APR 2026,11 APR 2026,10,728,71564,503,71574,https://worldathletics.org/records/competition-performance-rankings/ranking/656751
504,656445,"The 90th Kyoto Inter University Track & Field Championships, Takebishi Stadium, Kyoto",JPN,04 APR 2026,04 APR 2026,5,814,71565,502,71570,https://worldathletics.org/records/competition-performance-rankings/ranking/656445
505,655003,"First Qualifying Round Lai, Pista Luis F. Sambolin, San Germán",PUR,20 FEB 2026,21 FEB 2026,75,354,71476,510,71551,https://worldathletics.org/records/competition-performance-rankings/ranking/655003
506,658142,"Sycamore Open, Gibson Track & Field Complex, Terre Haute, IN",USA,08 MAY 2026,08 MAY 2026,20,599,71530,505,71550,https://worldathletics.org/records/competition-performance-rankings/ranking/658142
507,659862,"Meeting di Primavera, Pista Fantoni, Mondovi",ITA,02 JUN 2026,02 JUN 2026,40,472,71502,507,71542,https://worldathletics.org/records/competition-performance-rankings/ranking/659862
507,661304,"Continental Tour Bronze ""Alex Quiñonez"", La Vicentina, Quito",ECU,04 JUL 2026,04 JUL 2026,155,243,71387,518,71542,https://worldathletics.org/records/competition-performance-rankings/ranking/661304
509,656931,"Joe Gillespie Invitational, Tarleton State University, Stephenville, TX",USA,17 APR 2026,18 APR 2026,30,520,71508,506,71538,https://worldathletics.org/records/competition-performance-rankings/ranking/656931
510,660062,"Meeting de Strasbourg, Stade d'Athlétisme Hautepierre, Strasbourg",FRA,06 JUN 2026,06 JUN 2026,35,496,71498,508,71533,https://worldathletics.org/records/competition-performance-rankings/ranking/660062
511,658141,"Wichita State Shocker Open, Cessna Stadium, Wichita, KS",USA,08 MAY 2026,08 MAY 2026,40,472,71478,509,71518,https://worldathletics.org/records/competition-performance-rankings/ranking/658141
512,660279,"Meeting Cidade de Lisboa, Estadio Universitario, Lisboa",POR,10 JUN 2026,10 JUN 2026,135,262,71372,520,71507,https://worldathletics.org/records/competition-performance-rankings/ranking/660279
513,656486,"The 10th Nihon University Competition, Nihon University Stadium, Tokyo",JPN,28 MAR 2026,29 MAR 2026,80,342,71413,514,71493,https://worldathletics.org/records/competition-performance-rankings/ranking/656486
514,656427,"Friends University Spring Invitational, Adair Austin Stadium (Friends Univ), Wichita, KS",USA,02 APR 2026,03 APR 2026,0,,71449,511,71449,https://worldathletics.org/records/competition-performance-rankings/ranking/656427
515,661226,"Championnats AURA CJES, Parc Départemental de Parilly, Vénissieux",FRA,27 JUN 2026,28 JUN 2026,20,599,71424,513,71444,https://worldathletics.org/records/competition-performance-rankings/ranking/661226
516,661382,"Młodzieżowe zawody lekkoatletyczne, Stadion Zygmunta Szelesta, Warszawa",POL,04 JUL 2026,04 JUL 2026,10,728,71429,512,71439,https://worldathletics.org/records/competition-performance-rankings/ranking/661382
517,661777,"Fukuoka University Competition, Fukuoka University Stadium, Fukuoka",JPN,18 JUL 2026,18 JUL 2026,20,599,71407,515,71427,https://worldathletics.org/records/competition-performance-rankings/ranking/661777
518,662222,"Aarauer Abendmeeting, Leichtathletikstadion Schachen, Aarau",SUI,08 AUG 2026,08 AUG 2026,20,599,71400,517,71420,https://worldathletics.org/records/competition-performance-rankings/ranking/662222
519,656847,"Lee University- Fast Break Invitational, Ray Conn Sports Complex, Cleveland, TN",USA,10 APR 2026,11 APR 2026,0,,71404,516,71404,https://worldathletics.org/records/competition-performance-rankings/ranking/656847
520,656643,"Illini Deca-Jam, Demirjian Park, Champaign, IL",USA,09 APR 2026,11 APR 2026,170,226,71209,534,71379,https://worldathletics.org/records/competition-performance-rankings/ranking/656643
521,659288,"Mexican U23 Championships, Polideportivo de la Unidad Revolución, Guadalajara",MEX,21 MAY 2026,24 MAY 2026,20,599,71358,521,71378,https://worldathletics.org/records/competition-performance-rankings/ranking/659288
522,663396,"Kinki High School Rookies' Meeting, Konoike Athletics Stadium, Nara",JPN,18 SEP 2026,20 SEP 2026,0,,71374,519,71374,https://worldathletics.org/records/competition-performance-rankings/ranking/663396
523,660829,"Belarus U23 Championships, Stadium Luch, Gomel",BLR,20 JUN 2026,21 JUN 2026,80,342,71276,526,71356,https://worldathletics.org/records/competition-performance-rankings/ranking/660829
524,659719,"The 3rd Nihon University Competition, Nihon University Stadium, Tokyo",JPN,30 MAY 2026,31 MAY 2026,10,728,71332,522,71342,https://worldathletics.org/records/competition-performance-rankings/ranking/659719
525,656612,"Friar Invitational, Ray Treacy Track at Hendricken Field, Providence, RI",USA,10 APR 2026,10 APR 2026,0,,71325,523,71325,https://worldathletics.org/records/competition-performance-rankings/ranking/656612
526,655979,"Hurricane Invitational, UMiami Cobb Stadium, Coral Gables, FL",USA,20 MAR 2026,21 MAR 2026,40,472,71275,527,71315,https://worldathletics.org/records/competition-performance-rankings/ranking/655979
527,657393,"Sunshine State Conference Outdoor Championships, ERAU T&F Complex, Daytona Beach, FL",USA,24 APR 2026,25 APR 2026,0,,71301,524,71301,https://worldathletics.org/records/competition-performance-rankings/ranking/657393
528,661905,"Wakacyjne zawody lekkoatletyczne, Stadion Zygmunta Szelesta, Warszawa",POL,11 JUL 2026,11 JUL 2026,0,,71296,525,71296,https://worldathletics.org/records/competition-performance-rankings/ranking/661905
529,656767,"Minnesota State Open, Track & Field Complex, Mankato, MN",USA,12 APR 2026,13 APR 2026,40,472,71239,529,71279,https://worldathletics.org/records/competition-performance-rankings/ranking/656767
530,658847,"Championnat de France des clubs N1A Poule 3, Stade Philippides, Montpellier",FRA,17 MAY 2026,17 MAY 2026,225,188,71046,548,71271,https://worldathletics.org/records/competition-performance-rankings/ranking/658847
531,656966,"Big Red Classic, Ed Weir Outdoor Track, Lincoln, NE",USA,17 APR 2026,18 APR 2026,165,229,71103,542,71268,https://worldathletics.org/records/competition-performance-rankings/ranking/656966
532,662171,"2nd Flag of KTLF President National Club Athletics Meeting, Seocheon Sports Complex, Seocheon",KOR,29 JUN 2026,01 JUL 2026,30,520,71233,531,71263,https://worldathletics.org/records/competition-performance-rankings/ranking/662171
533,662321,"Legion National Youth Track and Field Championships, Canada Games Stadium, Regina",CAN,07 AUG 2026,09 AUG 2026,0,,71261,528,71261,https://worldathletics.org/records/competition-performance-rankings/ranking/662321
534,657239,"UCSB Invite, Pauley Track & Field Complex UC Santa Barbara, Goleta, CA",USA,24 APR 2026,25 APR 2026,10,728,71232,532,71242,https://worldathletics.org/records/competition-performance-rankings/ranking/657239
535,656614,"The 43rd Tokai University-Nihon University Game, Nihon University Stadium, Tokyo",JPN,11 APR 2026,11 APR 2026,0,,71238,530,71238,https://worldathletics.org/records/competition-performance-rankings/ranking/656614
536,657862,"New Jersey Athletic Conference Outdoor Championships, Ramapo College Athletic Center, Mahwah, NJ",USA,02 MAY 2026,03 MAY 2026,0,,71210,533,71210,https://worldathletics.org/records/competition-performance-rankings/ranking/657862
537,656419,"Virginia Grand Prix, UVA Lanningan Field, Charlottesville, VA",USA,03 APR 2026,03 APR 2026,40,472,71168,535,71208,https://worldathletics.org/records/competition-performance-rankings/ranking/656419
538,658581,"Spanish Clubs Championships Division Honor Liga Iberdrola-Leg 2-Match A, Estadio de Atletismo del Turia, Valencia",ESP,16 MAY 2026,16 MAY 2026,60,393,71127,540,71187,https://worldathletics.org/records/competition-performance-rankings/ranking/658581
538,662448,"2. Hüseyin Manioğlu Kupası Olimpik/SEM Deneme, Atatürk Stadyumu, Izmir",TUR,01 AUG 2026,02 AUG 2026,20,599,71167,536,71187,https://worldathletics.org/records/competition-performance-rankings/ranking/662448
540,658583,"Spanish Clubs Championships Division Honor Liga Iberdrola-Leg 2-Match B, Pistes d'atletisme Gaetà Huguet, Castellón",ESP,16 MAY 2026,16 MAY 2026,45,454,71130,539,71175,https://worldathletics.org/records/competition-performance-rankings/ranking/658583
541,660795,"IV. Szabó István Emlékverseny, UTE Atlétikai Stadion, Budapest",HUN,21 JUN 2026,21 JUN 2026,5,814,71154,537,71159,https://worldathletics.org/records/competition-performance-rankings/ranking/660795
542,658821,"Championnat de France des clubs N1A Poule 2, Stade Helitas, Caen",FRA,17 MAY 2026,17 MAY 2026,60,393,71089,543,71149,https://worldathletics.org/records/competition-performance-rankings/ranking/658821
543,661187,"Campionati Regionali Individuali Promesse e Assoluti su Pista + Trofeo Anguria, Campo Sportivo Putti, Bergamo",ITA,27 JUN 2026,28 JUN 2026,0,,71142,538,71142,https://worldathletics.org/records/competition-performance-rankings/ranking/661187
544,656442,"Sprint Challenge FPA, Eesporte Clube Pinheros, São Paulo",BRA,04 APR 2026,04 APR 2026,135,262,71004,553,71139,https://worldathletics.org/records/competition-performance-rankings/ranking/656442
545,660672,"Championnats d'Île-de-France Espoirs - Régionaux SE, Stade A. Delaune, Maisons-Alfort",FRA,13 JUN 2026,14 JUN 2026,0,,71126,541,71126,https://worldathletics.org/records/competition-performance-rankings/ranking/660672
546,656785,"Challenge Cup, CSU Titan Track Complex, Fullerton, CA",USA,10 APR 2026,10 APR 2026,0,,71079,544,71079,https://worldathletics.org/records/competition-performance-rankings/ranking/656785
547,653692,"Pak'n Save Cooks International Classic, Cooks Gardens, Whanganui",NZL,24 JAN 2026,24 JAN 2026,135,262,70943,558,71078,https://worldathletics.org/records/competition-performance-rankings/ranking/653692
548,654902,"International Track Meet, Nga Puna Wai Sports Hub, Christchurch",NZL,21 FEB 2026,21 FEB 2026,200,205,70866,568,71066,https://worldathletics.org/records/competition-performance-rankings/ranking/654902
549,656800,"Star Meet - Army Navy Dual, Military Academy Shea Stadium, West Point, NY",USA,11 APR 2026,11 APR 2026,0,,71060,545,71060,https://worldathletics.org/records/competition-performance-rankings/ranking/656800
549,657056,"The 1st Nihon University Competition, Nihon University Stadium, Tokyo",JPN,18 APR 2026,19 APR 2026,0,,71060,545,71060,https://worldathletics.org/records/competition-performance-rankings/ranking/657056
551,658188,"Mount Olive First Chance, Ray McDonald, Sr., Track Complex, Mount Olive, NC",USA,08 MAY 2026,08 MAY 2026,0,,71047,547,71047,https://worldathletics.org/records/competition-performance-rankings/ranking/658188
552,659526,"Pfingstsportfest - The Berlin Meeting, Stadion Lichterfelde, Berlin",GER,23 MAY 2026,24 MAY 2026,10,728,71029,551,71039,https://worldathletics.org/records/competition-performance-rankings/ranking/659526
553,655792,"PLNU Sea Lion Invite, PLNU Carroll B. Land Stadium, San Diego, CA",USA,13 MAR 2026,14 MAR 2026,5,814,71032,550,71037,https://worldathletics.org/records/competition-performance-rankings/ranking/655792
554,655915,"West Texas Relays, West Texas A&M University Track & Soccer Complex, Canyon, TX",USA,20 MAR 2026,21 MAR 2026,0,,71034,549,71034,https://worldathletics.org/records/competition-performance-rankings/ranking/655915
555,658574,"Spanish Clubs Championships Division Honor Liga Joma-Leg 2-Match C, Helmántico, Salamanca",ESP,16 MAY 2026,16 MAY 2026,45,454,70983,554,71028,https://worldathletics.org/records/competition-performance-rankings/ranking/658574
556,659378,"Mistrovství Moravy a Slezska M,Ž, Juni,Juny,Dorci, Dorky, Mestský Stadion, Ostrava",CZE,23 MAY 2026,23 MAY 2026,10,728,71015,552,71025,https://worldathletics.org/records/competition-performance-rankings/ranking/659378
557,661261,"Swietelsky Velká cena Tábora, Stadion Míru, Tábor",CZE,02 JUL 2026,02 JUL 2026,40,472,70966,556,71006,https://worldathletics.org/records/competition-performance-rankings/ranking/661261
558,656808,"Road-To-Botswana Golden Grand Prix, University of Botswana Stadium, Gaborone",BOT,11 APR 2026,11 APR 2026,60,393,70944,557,71004,https://worldathletics.org/records/competition-performance-rankings/ranking/656808
559,655914,"Virginia Opener, UVA Lanningan Field, Charlottesville, VA",USA,21 MAR 2026,21 MAR 2026,20,599,70967,555,70987,https://worldathletics.org/records/competition-performance-rankings/ranking/655914
560,660822,"C.D.S. Assoluto su Pista - Finale ""A"" Bronzo, Stadio Comunale, Borgo Valbelluna",ITA,20 JUN 2026,21 JUN 2026,30,520,70928,561,70958,https://worldathletics.org/records/competition-performance-rankings/ranking/660822
561,656746,"Pomona-Pitzer Track & Field Invitational, Strehle Track, Pomona College, Claremont, CA",USA,11 APR 2026,11 APR 2026,70,365,70880,566,70950,https://worldathletics.org/records/competition-performance-rankings/ranking/656746
562,662123,"81st Fukuoka Prefecture Athletics National Sports Festival Selection Trials, Hakatanomori Athletic Stadium, Fukuoka",JPN,11 JUL 2026,12 JUL 2026,15,664,70933,559,70948,https://worldathletics.org/records/competition-performance-rankings/ranking/662123
563,657213,"Spanish Clubs Championships División de Honor Liga Joma Leg 1-Match B, Estadio de Atletismo del Turia, Valencia",ESP,25 APR 2026,25 APR 2026,30,520,70915,563,70945,https://worldathletics.org/records/competition-performance-rankings/ranking/657213
564,660777,"Castilla y León Senior Championships - Gran Premio Ciudad de León, Pistas Universad de León, León",ESP,20 JUN 2026,20 JUN 2026,10,728,70930,560,70940,https://worldathletics.org/records/competition-performance-rankings/ranking/660777
565,656417,"18th Annual David Suenram Gorilla Classic, Carnie Smith Stadium - Prentice Gudgen Track, Pittsburg, KS",USA,04 APR 2026,04 APR 2026,155,243,70781,573,70936,https://worldathletics.org/records/competition-performance-rankings/ranking/656417
566,654585,"Youngster Goldsmith National Athletic Classic, National Stadium, Kingston",JAM,07 FEB 2026,07 FEB 2026,15,664,70919,562,70934,https://worldathletics.org/records/competition-performance-rankings/ranking/654585
566,661390,"Campeonato Andalucia, Estadio Enrique Lopez Cuenca, Nerja",ESP,04 JUL 2026,04 JUL 2026,30,520,70904,565,70934,https://worldathletics.org/records/competition-performance-rankings/ranking/661390
568,657637,"Tim Marshall Open, Track & Field Complex, Mankato, MN",USA,02 MAY 2026,02 MAY 2026,0,,70914,564,70914,https://worldathletics.org/records/competition-performance-rankings/ranking/657637
569,663609,"Yogibo Athletics Challenge Cup, Denka Big Swan Stadium, Niigata",JPN,26 SEP 2026,27 SEP 2026,240,177,70670,581,70910,https://worldathletics.org/records/competition-performance-rankings/ranking/663609
570,655028,"Circuito Performance 2 - Short Track, COTP Stadium, São Paulo",BRA,21 FEB 2026,21 FEB 2026,130,274,70757,574,70887,https://worldathletics.org/records/competition-performance-rankings/ranking/655028
571,661771,"42. Honvéd Kupa, Iharos Sándor Atlétikai Pálya, Budapest",HUN,18 JUL 2026,18 JUL 2026,35,496,70851,571,70886,https://worldathletics.org/records/competition-performance-rankings/ranking/661771
572,661148,"Czech U18 Championships, Stadion TJ Lokomotiva Olomouc,, Olomouc",CZE,27 JUN 2026,28 JUN 2026,0,,70872,567,70872,https://worldathletics.org/records/competition-performance-rankings/ranking/661148
573,659446,"24 Campeonato Paulista Loterias CAIXA de Atletismo U23, CNDA, Bragança Paulista",BRA,23 MAY 2026,24 MAY 2026,0,,70861,569,70861,https://worldathletics.org/records/competition-performance-rankings/ranking/659446
574,659987,"2. kolo I. ligy mužů a žen, skupina A, Atletický stadion Slavia Praha, Praha",CZE,30 MAY 2026,30 MAY 2026,0,,70856,570,70856,https://worldathletics.org/records/competition-performance-rankings/ranking/659987
575,657928,"Campeonato Nacional CONADEIP de Atletismo Juvenil C y Primera Fuerza, Escuela Superior de Educación Física, Ciudad de México",MEX,30 APR 2026,02 MAY 2026,20,599,70822,572,70842,https://worldathletics.org/records/competition-performance-rankings/ranking/657928
576,659912,"Silver Gala, Stadio Olimpico, Roma",ITA,03 JUN 2026,03 JUN 2026,100,311,70680,579,70780,https://worldathletics.org/records/competition-performance-rankings/ranking/659912
577,662964,"Swiss U20 Championships, Stadion Schützenmatte, Basel",SUI,05 SEP 2026,06 SEP 2026,0,,70729,575,70729,https://worldathletics.org/records/competition-performance-rankings/ranking/662964
578,658018,"Akron Last Chance Meet, Lee R. JacksonT&F Complex, Akron, OH",USA,06 MAY 2026,07 MAY 2026,10,728,70705,576,70715,https://worldathletics.org/records/competition-performance-rankings/ranking/658018
579,662840,"Indian Athletics Series-15, Meerut",IND,02 SEP 2026,02 SEP 2026,5,814,70688,577,70693,https://worldathletics.org/records/competition-performance-rankings/ranking/662840
580,660520,"8ème Meeting Fédéral U18 F - U20 H - Seniors H, Pista d'athletisme, Martil",MAR,14 JUN 2026,14 JUN 2026,0,,70681,578,70681,https://worldathletics.org/records/competition-performance-rankings/ranking/660520
581,656379,"Regional Athletics Invitational Meeting 2, Shangyu Stadium, Shaoxing",CHN,02 APR 2026,03 APR 2026,0,,70680,579,70680,https://worldathletics.org/records/competition-performance-rankings/ranking/656379
582,658484,"Harry Schulting Games, Vughtse Sports Club Prins Hendrik, Vught",NED,14 MAY 2026,14 MAY 2026,100,311,70572,583,70672,https://worldathletics.org/records/competition-performance-rankings/ranking/658484
583,660491,"C.D.S. Assoluto su Pista - Finale ""B"", Campo Scuola Renzo Corsi, Siena",ITA,13 JUN 2026,14 JUN 2026,100,311,70552,585,70652,https://worldathletics.org/records/competition-performance-rankings/ranking/660491
584,661372,"Brazilian U20 Championships, Pista de Atletismo da Universidade Federal do Mato Grosso, Cuiaba",BRA,03 JUL 2026,05 JUL 2026,0,,70645,582,70645,https://worldathletics.org/records/competition-performance-rankings/ranking/661372
585,654767,"CGA League Meet 2, Germiston Stadium, Johannesburg",RSA,07 FEB 2026,07 FEB 2026,75,354,70535,586,70610,https://worldathletics.org/records/competition-performance-rankings/ranking/654767
586,660259,"Campionatele Internationale ale Romaniei ""Iolanda Balaș Soter"" ed. 71, Stadionul de atletism ""Nicolae Mărășescu"", Craiova",ROU,06 JUN 2026,07 JUN 2026,110,304,70488,591,70598,https://worldathletics.org/records/competition-performance-rankings/ranking/660259
587,656487,"60th Colonial Relays, Zable Stadium - College of William & Mary, Williamsburg, VA",USA,02 APR 2026,04 APR 2026,15,664,70567,584,70582,https://worldathletics.org/records/competition-performance-rankings/ranking/656487
588,661676,"The Elliott Denman N.J. International, Monmouth University Joe Compagni Track at Kessler Stadium, West Long Branch, NJ",USA,10 JUL 2026,11 JUL 2026,125,286,70456,595,70581,https://worldathletics.org/records/competition-performance-rankings/ranking/661676
589,660303,"CDS Assoluto - Fase Regionale, Stadio Luigi Ridolfi, Firenze",ITA,16 MAY 2026,17 MAY 2026,65,382,70509,588,70574,https://worldathletics.org/records/competition-performance-rankings/ranking/660303
590,661364,"Spanish U18 Championships, Pistes d'atletisme Gaetà Huguet, Castellón",ESP,04 JUL 2026,05 JUL 2026,0,,70535,586,70535,https://worldathletics.org/records/competition-performance-rankings/ranking/661364
591,657263,"Don Kirby Tailwind Twilight, UNM Track Stadium, Albuquerque, NM",USA,24 APR 2026,24 APR 2026,20,599,70507,589,70527,https://worldathletics.org/records/competition-performance-rankings/ranking/657263
592,657221,"Spanish Clubs Championships División de Honor Liga Joma Leg 1 - Match A, Pistes d'atletisme Gaetà Huguet, Castellón",ESP,25 APR 2026,25 APR 2026,65,382,70451,596,70516,https://worldathletics.org/records/competition-performance-rankings/ranking/657221
593,662854,"80th Aichi Inter High School Track and Field Athletic Meet and National Sports Athlete Selection, Municipal Mizuho Stadium, Nagoya",JPN,22 MAY 2026,24 MAY 2026,0,,70493,590,70493,https://worldathletics.org/records/competition-performance-rankings/ranking/662854
594,658576,"Spanish Clubs Championships Division Honor Liga Joma-Leg 2-Match D, Pista La Salobreja, Jaén",ESP,16 MAY 2026,16 MAY 2026,20,599,70471,593,70491,https://worldathletics.org/records/competition-performance-rankings/ranking/658576
595,660636,"Meeting Distance du CSBJ, Stade Antonin Berliat, Bourgoin-Jallieu",FRA,17 JUN 2026,17 JUN 2026,0,,70487,592,70487,https://worldathletics.org/records/competition-performance-rankings/ranking/660636
596,656439,"Pacesetter Sports Invitational, Gibson Track & Field Complex, Terre Haute, IN",USA,03 APR 2026,04 APR 2026,5,814,70464,594,70469,https://worldathletics.org/records/competition-performance-rankings/ranking/656439
597,657670,"Musco Twilight, Iowa Francis X. Cretzmeyer Trac, Iowa City, IA",USA,01 MAY 2026,02 MAY 2026,20,599,70446,597,70466,https://worldathletics.org/records/competition-performance-rankings/ranking/657670
598,655081,"S.W. Isaac Henry Invitational, National Stadium, Kingston",JAM,21 FEB 2026,21 FEB 2026,95,321,70359,602,70454,https://worldathletics.org/records/competition-performance-rankings/ranking/655081
599,657390,"Spanish Clubs Championships Division Honor Liga Iberdrola Leg 1-Match A, Estadi Joan Serrahima, Barcelona",ESP,25 APR 2026,25 APR 2026,30,520,70394,598,70424,https://worldathletics.org/records/competition-performance-rankings/ranking/657390
600,654615,"Porritt Classic, Porritt Stadium, Hamilton",NZL,14 FEB 2026,14 FEB 2026,25,567,70394,598,70419,https://worldathletics.org/records/competition-performance-rankings/ranking/654615
601,658949,"CdS Regionale Assoluto - Campionato Regionale di Società Assoluto, Stadio Primo Nebiolo, Torino",ITA,16 MAY 2026,17 MAY 2026,30,520,70358,603,70388,https://worldathletics.org/records/competition-performance-rankings/ranking/658949
602,658572,"Spanish Clubs Championships Division Honor Liga Joma-Leg 2-Match B, Estadi Joan Serrahima, Barcelona",ESP,16 MAY 2026,16 MAY 2026,55,414,70330,605,70385,https://worldathletics.org/records/competition-performance-rankings/ranking/658572
603,661454,"Pré France de la Ligue du Grand Ouest U18 à Seniors, Stade Manuela Montebrun, Laval",FRA,04 JUL 2026,05 JUL 2026,5,814,70369,600,70374,https://worldathletics.org/records/competition-performance-rankings/ranking/661454
604,661367,"Championnats d'Île-de-France CA JU, Stade Pierre de Coubertin, Montgeron",FRA,04 JUL 2026,05 JUL 2026,0,,70361,601,70361,https://worldathletics.org/records/competition-performance-rankings/ranking/661367
605,657034,"BAAA Carifta Trials, T. Robinson Stadium, Nassau",BAH,20 MAR 2026,22 MAR 2026,0,,70333,604,70333,https://worldathletics.org/records/competition-performance-rankings/ranking/657034
606,660291,"UCD Athletics Meet, UCD Campus Track, Dublin",IRL,10 JUN 2026,10 JUN 2026,0,,70305,606,70305,https://worldathletics.org/records/competition-performance-rankings/ranking/660291
607,661168,"Régionaux individuels U18 à SE, Parc des Sports C. Ehrmann, Nice",FRA,27 JUN 2026,28 JUN 2026,5,814,70286,607,70291,https://worldathletics.org/records/competition-performance-rankings/ranking/661168
608,662065,"Ukrainian Outdoor Cup, Zirka Stadium, Kropyvnytskiy",UKR,18 JUL 2026,19 JUL 2026,55,414,70234,612,70289,https://worldathletics.org/records/competition-performance-rankings/ranking/662065
609,659989,"30th Naju KTFL National Club Athletics Championships, Haenam Useul Stadium, Haenam",KOR,26 MAY 2026,28 MAY 2026,25,567,70247,609,70272,https://worldathletics.org/records/competition-performance-rankings/ranking/659989
610,660885,"České akademické hry, Sports Stadium CESA VUT, Brno",CZE,23 JUN 2026,23 JUN 2026,10,728,70245,610,70255,https://worldathletics.org/records/competition-performance-rankings/ranking/660885
611,658494,"MIT Final Qualifier, MIT Sherie and Don Morrison Track, Cambridge, MA",USA,14 MAY 2026,14 MAY 2026,0,,70252,608,70252,https://worldathletics.org/records/competition-performance-rankings/ranking/658494
612,661381,"Moroccan U20 Championships, Sale",MAR,04 JUL 2026,05 JUL 2026,5,814,70237,611,70242,https://worldathletics.org/records/competition-performance-rankings/ranking/661381
613,662696,"4J Studios scottishathletics National Senior & Under 18 Champs, Aberdeen Sports Village, Aberdeen",GBR,29 AUG 2026,30 AUG 2026,30,520,70211,615,70241,https://worldathletics.org/records/competition-performance-rankings/ranking/662696
614,656802,"Hong Kong Athletics Series - Series 4 Cum Decathlon, Wan Chai Sports Ground, Hong Kong",HKG,11 APR 2026,12 APR 2026,10,728,70225,614,70235,https://worldathletics.org/records/competition-performance-rankings/ranking/656802
615,660734,"Offene TG/SH Einkampfmeisterschaften, Kleine Allmend, Frauenfeld",SUI,06 JUN 2026,07 JUN 2026,35,496,70199,618,70234,https://worldathletics.org/records/competition-performance-rankings/ranking/660734
616,655893,"Spring Challenge Meet, Fujisawa",JPN,17 MAR 2026,20 MAR 2026,0,,70230,613,70230,https://worldathletics.org/records/competition-performance-rankings/ranking/655893
616,660577,"C.D.S. Assoluto su Pista - Finale ""B"", Stadio Primo Nebiolo, Torino",ITA,13 JUN 2026,14 JUN 2026,25,567,70205,617,70230,https://worldathletics.org/records/competition-performance-rankings/ranking/660577
618,659735,"Brixia Next Gen, Raiffeisen Arena, Bressanone, Trentino-Alto Adige",ITA,31 MAY 2026,31 MAY 2026,0,,70211,615,70211,https://worldathletics.org/records/competition-performance-rankings/ranking/659735
619,655649,"High Velocity, AV Throwers & Rare Air #4, Landy Field, Geelong",AUS,07 MAR 2026,07 MAR 2026,55,414,70148,622,70203,https://worldathletics.org/records/competition-performance-rankings/ranking/655649
620,659880,"C.D.S. Assoluto su Pista - Prova unica regionale Maschile, Centro di Atletica, Busto Arsizio",ITA,16 MAY 2026,17 MAY 2026,0,,70194,619,70194,https://worldathletics.org/records/competition-performance-rankings/ranking/659880
621,656661,"The Trojan Relays, Ray McDonald, Sr., Track Complex, Mount Olive, NC",USA,10 APR 2026,11 APR 2026,0,,70185,620,70185,https://worldathletics.org/records/competition-performance-rankings/ranking/656661
622,658012,"Peach Belt Conference Championships, ERAU T&F Complex, Daytona Beach, FL",USA,01 MAY 2026,02 MAY 2026,0,,70179,621,70179,https://worldathletics.org/records/competition-performance-rankings/ranking/658012
623,661427,"Meeting AC Paris-Joinville, Stade municipal JP Garchery, Joinville-le-Point",FRA,04 JUL 2026,05 JUL 2026,25,567,70141,623,70166,https://worldathletics.org/records/competition-performance-rankings/ranking/661427
624,656793,"Cape Miller Continental Tour, Hoërskool Stadium, Stellenbosch",RSA,10 APR 2026,10 APR 2026,105,308,70050,627,70155,https://worldathletics.org/records/competition-performance-rankings/ranking/656793
625,655482,"Cathy Freeman Shield, QSAC State Athletics Facility, Nathan, Brisbane",AUS,07 MAR 2026,07 MAR 2026,130,274,69980,633,70110,https://worldathletics.org/records/competition-performance-rankings/ranking/655482
626,661581,"Slovak U20 Championships, Mestský atletický štadión Antona Hajmássyho, Trnava",SVK,11 JUL 2026,12 JUL 2026,0,,70097,624,70097,https://worldathletics.org/records/competition-performance-rankings/ranking/661581
627,656706,"Grizzly Gold Invite, BG Products Veterans Sports Complex, El Dorado, KS",USA,10 APR 2026,11 APR 2026,0,,70072,625,70072,https://worldathletics.org/records/competition-performance-rankings/ranking/656706
628,659693,"Flanders Cup AVLL, Netestadion, Lier",BEL,30 MAY 2026,30 MAY 2026,30,520,70040,628,70070,https://worldathletics.org/records/competition-performance-rankings/ranking/659693
629,660258,"Campeonato Euskadi, Pista de Atletismo de Landako, Durango",ESP,06 JUN 2026,07 JUN 2026,0,,70065,626,70065,https://worldathletics.org/records/competition-performance-rankings/ranking/660258
630,658571,"Spanish Clubs Championships Division Honor Liga Joma-Leg 2-Match A, Estadi Municipal de Cornellà de Llobregat, Cornellá",ESP,16 MAY 2026,16 MAY 2026,65,382,69994,632,70059,https://worldathletics.org/records/competition-performance-rankings/ranking/658571
631,657635,"TCU Horned Frog Invitational, TCU-Lowdon T&F Complex, Fort Worth, TX",USA,02 MAY 2026,02 MAY 2026,5,814,70034,629,70039,https://worldathletics.org/records/competition-performance-rankings/ranking/657635
632,656413,"Indian Open Athletics Series - 2, Sawai Mansingh Stadium,, Jaipur",IND,05 APR 2026,05 APR 2026,15,664,70018,630,70033,https://worldathletics.org/records/competition-performance-rankings/ranking/656413
633,660495,"Nationales Nachwuchsmeeting, Stadion Wankdorf, Bern",SUI,14 JUN 2026,14 JUN 2026,15,664,70000,631,70015,https://worldathletics.org/records/competition-performance-rankings/ranking/660495
634,661532,"Sunset Tour, Jack Kemp Stadium - Occidental College, Los Angeles, CA",USA,11 JUL 2026,11 JUL 2026,395,125,69606,656,70001,https://worldathletics.org/records/competition-performance-rankings/ranking/661532
635,658063,"Circuito Performance 3 – Outdoor, COTP Stadium, São Paulo",BRA,02 MAY 2026,02 MAY 2026,65,382,69922,637,69987,https://worldathletics.org/records/competition-performance-rankings/ranking/658063
636,656424,"Jerry Quiller Classic, Potts Field, Boulder, CO",USA,04 APR 2026,04 APR 2026,5,814,69935,634,69940,https://worldathletics.org/records/competition-performance-rankings/ranking/656424
637,659420,"Sprint & Technical Events Olympic Trials, Sazova Athletics Facility, Eskisehir",TUR,23 MAY 2026,24 MAY 2026,5,814,69924,636,69929,https://worldathletics.org/records/competition-performance-rankings/ranking/659420
638,662021,"England Athletics U18 and U16 Track and Field Championships including Junior Para Championships, Bedford Athletic Stadium, Bedford",GBR,25 JUL 2026,26 JUL 2026,0,,69927,635,69927,https://worldathletics.org/records/competition-performance-rankings/ranking/662021
639,660849,"Mityng Jubileuszowy TL Pogoń Ruda Śląska, Stadion MOSiR, Ruda Slaska",POL,20 JUN 2026,20 JUN 2026,0,,69909,638,69909,https://worldathletics.org/records/competition-performance-rankings/ranking/660849
640,660935,"V Meeting Atletismo Coria del Rio - Premio ""Rogelio Sales"", Pista atletismo Rogelio Sales Llano, Coria del Rio",ESP,24 JUN 2026,24 JUN 2026,55,414,69833,639,69888,https://worldathletics.org/records/competition-performance-rankings/ranking/660935
641,658959,"CDS Assoluto Emilia-Romagna, Campo Lauro Grossi, Parma",ITA,16 MAY 2026,17 MAY 2026,35,496,69827,640,69862,https://worldathletics.org/records/competition-performance-rankings/ranking/658959
642,663606,"Trófeu Bandeirantes, Centro Esportivo Joao do Pulo, Pindamonhangaba",BRA,19 SEP 2026,20 SEP 2026,10,728,69809,641,69819,https://worldathletics.org/records/competition-performance-rankings/ranking/663606
643,660635,"Otwarte Mistrzostwa Warszawy U18 i U20, Stadion Zygmunta Szelesta, Warszawa",POL,13 JUN 2026,14 JUN 2026,0,,69796,642,69796,https://worldathletics.org/records/competition-performance-rankings/ranking/660635
644,657874,"Northeast-10 Conference Outdoor Track & Field Championships, SCSU Jess Dow Field, New Haven, CT",USA,01 MAY 2026,02 MAY 2026,0,,69794,643,69794,https://worldathletics.org/records/competition-performance-rankings/ranking/657874
645,661179,"Meeting national de courses - Mémorial Paul Luginbühl, Stade Pierre de Coubertin, Lausanne",SUI,28 JUN 2026,28 JUN 2026,5,814,69782,644,69787,https://worldathletics.org/records/competition-performance-rankings/ranking/661179
646,653320,"Pure Water/ R Danny Williams JC Meet, Jamaica College Ashenheim Stadium, Kingston",JAM,09 JAN 2026,10 JAN 2026,15,664,69756,646,69771,https://worldathletics.org/records/competition-performance-rankings/ranking/653320
647,660134,"Wiesław Kiryk Memorial, Stadion Miejski, Oleśnica",POL,06 JUN 2026,06 JUN 2026,0,,69765,645,69765,https://worldathletics.org/records/competition-performance-rankings/ranking/660134
648,661656,"Meeting de la Gruyère, Stade Bouleyres, Bulle",SUI,11 JUL 2026,11 JUL 2026,95,321,69639,651,69734,https://worldathletics.org/records/competition-performance-rankings/ranking/661656
649,658469,"ALLIANZ Kampioenschap van Vlaanderen Alle Categorieën, Sport Vlaanderen Brugge Julien Saelens, Brugge",BEL,14 MAY 2026,14 MAY 2026,5,814,69717,647,69722,https://worldathletics.org/records/competition-performance-rankings/ranking/658469
650,658706,"Next Generation Athletics, Atletiekbaan Brakkenstein, Nijmegen",NED,16 MAY 2026,16 MAY 2026,5,814,69716,648,69721,https://worldathletics.org/records/competition-performance-rankings/ranking/658706
651,661808,"The 80th Japan Games Ishikawa Prefectural Qualifiers, Seibu Ryokuchi Park Athletics Stadium, Kanazawa",JPN,18 JUL 2026,19 JUL 2026,0,,69687,649,69687,https://worldathletics.org/records/competition-performance-rankings/ranking/661808
652,655673,"Fast Track 3, Hoërskool Stadium, Stellenbosch",RSA,06 MAR 2026,06 MAR 2026,155,243,69525,659,69680,https://worldathletics.org/records/competition-performance-rankings/ranking/655673
653,656454,"7th National Qualifier Meet for Men Senior and 3rd Women U18 & Senior, AlAnsar Club, Medina",KSA,02 APR 2026,04 APR 2026,20,599,69632,652,69652,https://worldathletics.org/records/competition-performance-rankings/ranking/656454
654,655736,"Myrtle Beach Collegiate Challenge, Doug Shaw Memorial Stadium, Myrtle Beach, SC",USA,13 MAR 2026,14 MAR 2026,0,,69641,650,69641,https://worldathletics.org/records/competition-performance-rankings/ranking/655736
655,660438,"DSC-Meeting, Heinz-Steyer-Stadion, Dresden",GER,13 JUN 2026,13 JUN 2026,5,814,69629,653,69634,https://worldathletics.org/records/competition-performance-rankings/ranking/660438
656,660950,"Championnats de Bretagne Individuels, Complexe Sportif Du Penthièvre, Lamballe",FRA,20 JUN 2026,21 JUN 2026,0,,69626,654,69626,https://worldathletics.org/records/competition-performance-rankings/ranking/660950
657,656964,"Copa Nacional de Clubes Mayores, CeNARD, Buenos Aires",ARG,18 APR 2026,19 APR 2026,5,814,69608,655,69613,https://worldathletics.org/records/competition-performance-rankings/ranking/656964
658,656222,"The Vince O'Boyle Track and Field Classic, Anteater Stadium, Irvine, CA",USA,27 MAR 2026,28 MAR 2026,0,,69585,657,69585,https://worldathletics.org/records/competition-performance-rankings/ranking/656222
659,657319,"Ashland Alumni Open, Dwight Schar Athletic Complex - Ferguson Field, Ashland, OH",USA,24 APR 2026,25 APR 2026,50,434,69515,661,69565,https://worldathletics.org/records/competition-performance-rankings/ranking/657319
660,660830,"Józef Żylewicz Memorial, Stadion GOS, Gdansk",POL,20 JUN 2026,20 JUN 2026,30,520,69525,659,69555,https://worldathletics.org/records/competition-performance-rankings/ranking/660830
661,661822,"Marek Zarychta Memorial, Stadion Miejski, Plock",POL,18 JUL 2026,18 JUL 2026,70,365,69479,666,69549,https://worldathletics.org/records/competition-performance-rankings/ranking/661822
662,661725,"CTFL Finals Presented By Ottawa Lions, Terry Fox AF, Ottawa",CAN,27 JUN 2026,27 JUN 2026,0,,69543,658,69543,https://worldathletics.org/records/competition-performance-rankings/ranking/661725
663,653962,"AGN Track & Field League 1, Pilditch Stadium, Pretoria",RSA,17 JAN 2026,17 JAN 2026,35,496,69504,663,69539,https://worldathletics.org/records/competition-performance-rankings/ranking/653962
664,660301,"CDS Assoluto Femminile su Pista - Prova Regionale, Piazzale Adolfo Consolini, Vittorio Veneto",ITA,16 MAY 2026,17 MAY 2026,10,728,69509,662,69519,https://worldathletics.org/records/competition-performance-rankings/ranking/660301
665,659517,"Sri Lankan U20 Championships, Diyagama Stadium, Diyagama",SRI,01 APR 2026,02 APR 2026,0,,69499,664,69499,https://worldathletics.org/records/competition-performance-rankings/ranking/659517
666,661088,"Slovak U23 Championships, Atletický štadión, Čadca",SVK,27 JUN 2026,27 JUN 2026,0,,69491,665,69491,https://worldathletics.org/records/competition-performance-rankings/ranking/661088
667,660420,"Spanish Clubs Championships Primera Division Liga Iberdrola-Final, Estadio de Larrabide, Pamplona",ESP,13 JUN 2026,13 JUN 2026,15,664,69475,667,69490,https://worldathletics.org/records/competition-performance-rankings/ranking/660420
668,660723,"32. midsommar EAP, Mommsenstadion, Berlin",GER,20 JUN 2026,20 JUN 2026,30,520,69453,668,69483,https://worldathletics.org/records/competition-performance-rankings/ranking/660723
669,657252,"Spanish Clubs Championships Division Honor Liga Iberdrola Leg 1-Match B, Complex Esportiu L’Hospitalet Nord, L'Hospitalet",ESP,25 APR 2026,25 APR 2026,45,454,69396,671,69441,https://worldathletics.org/records/competition-performance-rankings/ranking/657252
670,660650,"Mistrzostwa Krajowego Zrzeszenia LZS, Ośrodek Sportu, Zamość",POL,13 JUN 2026,14 JUN 2026,5,814,69429,669,69434,https://worldathletics.org/records/competition-performance-rankings/ranking/660650
671,656137,"1st National Trial, Mandela National Stadium, Kampala",UGA,14 MAR 2026,14 MAR 2026,10,728,69413,670,69423,https://worldathletics.org/records/competition-performance-rankings/ranking/656137
672,659876,"Campionati Regionali Assoluti, Campo Comunale Atletica, Cesena",ITA,30 MAY 2026,31 MAY 2026,0,,69391,672,69391,https://worldathletics.org/records/competition-performance-rankings/ranking/659876
673,655916,"Velocity Fest #18, National Stadium, Kingston",JAM,21 MAR 2026,21 MAR 2026,365,133,69014,704,69379,https://worldathletics.org/records/competition-performance-rankings/ranking/655916
674,662809,"Indian U18 Championships, Guru Nanak Stadium, Ludhiana",IND,01 SEP 2026,03 SEP 2026,0,,69369,673,69369,https://worldathletics.org/records/competition-performance-rankings/ranking/662809
675,661818,"Campionati Piemontesi Individuali Assoluti, Campo Andrea Gorla, Novara",ITA,18 JUL 2026,19 JUL 2026,5,814,69351,674,69356,https://worldathletics.org/records/competition-performance-rankings/ranking/661818
676,654103,"Jai Taurima Shield, QSAC State Athletics Facility, Nathan, Brisbane",AUS,31 JAN 2026,31 JAN 2026,20,599,69302,675,69322,https://worldathletics.org/records/competition-performance-rankings/ranking/654103
677,661051,"Estonian CUP, Heino Lipp Stadium, Jöhvi",EST,27 JUN 2026,27 JUN 2026,20,599,69296,677,69316,https://worldathletics.org/records/competition-performance-rankings/ranking/661051
678,658458,"Senior & U20 Regional Club Championships - Region 2, Kaftanzoglio Stadium, Thessaloniki",GRE,09 MAY 2026,10 MAY 2026,210,198,69094,697,69304,https://worldathletics.org/records/competition-performance-rankings/ranking/658458
679,661792,"National AAI Games, Morton Stadium, Santry, Dublin",IRL,19 JUL 2026,19 JUL 2026,5,814,69298,676,69303,https://worldathletics.org/records/competition-performance-rankings/ranking/661792
680,655846,"ACNW Youth, Junior and u23 Championships, McArthur Stadium, Potchefstroom",RSA,14 MAR 2026,14 MAR 2026,35,496,69247,679,69282,https://worldathletics.org/records/competition-performance-rankings/ranking/655846
680,658220,"Velká cena Olomouce, Stadion TJ Lokomotiva Olomouc,, Olomouc",CZE,08 MAY 2026,08 MAY 2026,45,454,69237,682,69282,https://worldathletics.org/records/competition-performance-rankings/ranking/658220
682,659720,"Grand Prix International, Stade de la Réunification de Bepanda, Douala",CMR,30 MAY 2026,30 MAY 2026,100,311,69175,689,69275,https://worldathletics.org/records/competition-performance-rankings/ranking/659720
683,660806,"Croatian U20 Championships, Stadion Branko Čavlović-Čavlek, Karlovac",CRO,20 JUN 2026,21 JUN 2026,5,814,69253,678,69258,https://worldathletics.org/records/competition-performance-rankings/ranking/660806
684,659306,"Whitsuntide Games 2025, Kirani James Athletic Stadium, St. George's",GRN,23 MAY 2026,24 MAY 2026,10,728,69243,680,69253,https://worldathletics.org/records/competition-performance-rankings/ranking/659306
685,655894,"The ICALK Athletics Games, Fukuoka University Stadium, Fukuoka",JPN,21 MAR 2026,21 MAR 2026,80,342,69166,690,69246,https://worldathletics.org/records/competition-performance-rankings/ranking/655894
686,656488,"Joey Haines Invitational, SEMO Abe Stuber T&F Complex, Cape Girardeau, MO",USA,03 APR 2026,04 APR 2026,20,599,69223,684,69243,https://worldathletics.org/records/competition-performance-rankings/ranking/656488
687,661383,"Colombian U20 Championships, Pedro Grajales, Cali",COL,03 JUL 2026,05 JUL 2026,0,,69239,681,69239,https://worldathletics.org/records/competition-performance-rankings/ranking/661383
688,658982,"Campionato Regionale Di Societa' Assoluto Su Pista, Stadio Guidobaldi, Rieti",ITA,16 MAY 2026,17 MAY 2026,5,814,69229,683,69234,https://worldathletics.org/records/competition-performance-rankings/ranking/658982
689,657253,"Spanish Clubs Championships Division Honor Liga Iberdrola Leg 1-Match C, Estadio Vallehermoso, Madrid",ESP,25 APR 2026,25 APR 2026,30,520,69192,686,69222,https://worldathletics.org/records/competition-performance-rankings/ranking/657253
690,663209,"C.D.S. U23 Su Pista - Finale ""A"" Oro, Campo Comunale, Modena",ITA,12 SEP 2026,13 SEP 2026,40,472,69181,688,69221,https://worldathletics.org/records/competition-performance-rankings/ranking/663209
691,660810,"Campeonato Cataluña Sub-23, Pista atletismo Palau Sacosta, Girona",ESP,21 JUN 2026,21 JUN 2026,0,,69215,685,69215,https://worldathletics.org/records/competition-performance-rankings/ranking/660810
692,656668,"56th Hokuriku Corporate Team Competition, Denka Big Swan Stadium, Niigata",JPN,11 APR 2026,12 APR 2026,50,434,69161,691,69211,https://worldathletics.org/records/competition-performance-rankings/ranking/656668
693,658015,"IV Prueba de Confrontación, Estadio Panamericano, La Habana",CUB,06 MAY 2026,07 MAY 2026,230,183,68978,708,69208,https://worldathletics.org/records/competition-performance-rankings/ranking/658015
694,656743,"Big Red Invite & Multi, Robert J. Kane Sports Complex, Ithaca, NY",USA,11 APR 2026,12 APR 2026,0,,69192,686,69192,https://worldathletics.org/records/competition-performance-rankings/ranking/656743
695,658590,"Spanish Clubs Championships Division Honor Liga Iberdrola-Leg 2-Match C, Estadio de Larrabide, Pamplona",ESP,16 MAY 2026,16 MAY 2026,25,567,69140,692,69165,https://worldathletics.org/records/competition-performance-rankings/ranking/658590
696,661071,"1st Chukyo University Saturday Competition, Chukyo University Athletics Field, Toyota",JPN,30 MAY 2026,31 MAY 2026,15,664,69118,696,69133,https://worldathletics.org/records/competition-performance-rankings/ranking/661071
697,662388,"Dynamic Athletics Meet, Yabatech Sport Complex, Lagos",NGR,15 AUG 2026,15 AUG 2026,0,,69129,693,69129,https://worldathletics.org/records/competition-performance-rankings/ranking/662388
698,659349,"21. BORSIG-Meeting, Stadion, Gladbeck",GER,23 MAY 2026,23 MAY 2026,0,,69125,694,69125,https://worldathletics.org/records/competition-performance-rankings/ranking/659349
699,661791,"French U18 Championships, Stade Charléty, Paris",FRA,16 JUL 2026,19 JUL 2026,0,,69120,695,69120,https://worldathletics.org/records/competition-performance-rankings/ranking/661791
700,656570,"Stomper Open, Track & Field Complex, Mankato, MN",USA,08 APR 2026,08 APR 2026,45,454,69059,700,69104,https://worldathletics.org/records/competition-performance-rankings/ranking/656570
701,660918,"Campionato Xunta de Galicia, Pista atletismo Josefina Salgado, Pereiro de Aguiar",ESP,20 JUN 2026,20 JUN 2026,30,520,69065,698,69095,https://worldathletics.org/records/competition-performance-rankings/ranking/660918
702,660907,"Campeonato Autonómico U23 Comunidad Valenciana, Pista de atletismo de Sagunto, Sagunto",ESP,20 JUN 2026,20 JUN 2026,0,,69061,699,69061,https://worldathletics.org/records/competition-performance-rankings/ranking/660907
703,659096,"6ème Meeting Féderal U18 F- U20 H- Seniors H, Piste d'athletismer, Ait Kamra",MAR,17 MAY 2026,17 MAY 2026,0,,69046,701,69046,https://worldathletics.org/records/competition-performance-rankings/ranking/659096
704,656676,"Indian Athletics Series-4, Birsa Munda Foot Ball Stadium, Morabadi, Ranchi",IND,12 APR 2026,12 APR 2026,50,434,68989,707,69039,https://worldathletics.org/records/competition-performance-rankings/ranking/656676
705,662405,"Norgeslekene, Friidrettsstadion, Jessheim",NOR,14 AUG 2026,16 AUG 2026,0,,69031,702,69031,https://worldathletics.org/records/competition-performance-rankings/ranking/662405
706,658296,"Calgary Spring Challenge, Foothills Athletic Park, Calgary",CAN,08 MAY 2026,10 MAY 2026,5,814,69018,703,69023,https://worldathletics.org/records/competition-performance-rankings/ranking/658296
707,660475,"Spanish Clubs Championships Primera Division Liga Joma-Final, Estadio de Larrabide, Pamplona",ESP,14 JUN 2026,14 JUN 2026,40,472,68975,709,69015,https://worldathletics.org/records/competition-performance-rankings/ranking/660475
708,656705,"Aztec Invitational / Multi Event Competition, Aztrack Sports Deck, San Diego, CA",USA,09 APR 2026,10 APR 2026,70,365,68939,711,69009,https://worldathletics.org/records/competition-performance-rankings/ranking/656705
709,661363,"Cupa Romaniei Aer Liber, Stadionul de atletism ""Nicolae Mărășescu"", Craiova",ROU,04 JUL 2026,05 JUL 2026,40,472,68960,710,69000,https://worldathletics.org/records/competition-performance-rankings/ranking/661363
710,657857,"Track Night NYC, Icahn Stadium, New York, NY",USA,01 MAY 2026,01 MAY 2026,0,,68996,705,68996,https://worldathletics.org/records/competition-performance-rankings/ranking/657857
711,656440,"Doc Anderson Multi & Invitational, Jesse H. Colley Track/Soccer Complex, Troy, AL",USA,03 APR 2026,04 APR 2026,0,,68991,706,68991,https://worldathletics.org/records/competition-performance-rankings/ranking/656440
712,655455,"ACNW League, McArthur Stadium, Potchefstroom",RSA,03 MAR 2026,03 MAR 2026,125,286,68824,723,68949,https://worldathletics.org/records/competition-performance-rankings/ranking/655455
713,658912,"1. kolo I. ligy mužů a žen, skupina A, Atletický stadion, Trebic",CZE,16 MAY 2026,16 MAY 2026,5,814,68937,712,68942,https://worldathletics.org/records/competition-performance-rankings/ranking/658912
714,656778,"NDSU Spring Invitational, Schlanser Track Complex, Fargo, ND",USA,11 APR 2026,13 APR 2026,5,814,68926,713,68931,https://worldathletics.org/records/competition-performance-rankings/ranking/656778
715,656045,"Torneo Mario Correa Letelier, Pista Atlética Mario Recordón, Santiago de Chile",CHI,21 MAR 2026,22 MAR 2026,10,728,68914,714,68924,https://worldathletics.org/records/competition-performance-rankings/ranking/656045
716,657367,"PURE Athletics Spring Invitational, National Training Center, Clermont, FL",USA,25 APR 2026,25 APR 2026,170,226,68750,730,68920,https://worldathletics.org/records/competition-performance-rankings/ranking/657367
717,658145,"Portland Twilight, Griswold Stadium, Portland, OR",USA,09 MAY 2026,09 MAY 2026,10,728,68903,715,68913,https://worldathletics.org/records/competition-performance-rankings/ranking/658145
718,656377,"Midwest Classic & Combined Events, Emporia St. Francis G. Welch Stadium, Emporia, KS",USA,02 APR 2026,03 APR 2026,10,728,68895,718,68905,https://worldathletics.org/records/competition-performance-rankings/ranking/656377
719,660026,"Campionati Regionali Individuali su Pista U20 Lombardia, Centro di Atletica, Busto Arsizio",ITA,30 MAY 2026,31 MAY 2026,0,,68899,716,68899,https://worldathletics.org/records/competition-performance-rankings/ranking/660026
720,660854,"3. kolo I. ligy mužů a žen, skupina A, Městský stadion Střelnice, Domažlice",CZE,20 JUN 2026,20 JUN 2026,0,,68898,717,68898,https://worldathletics.org/records/competition-performance-rankings/ranking/660854
721,657250,"Spanish Clubs Championships División de Honor Liga Joma Leg 1-Match D, Helmántico, Salamanca",ESP,25 APR 2026,25 APR 2026,30,520,68864,720,68894,https://worldathletics.org/records/competition-performance-rankings/ranking/657250
722,656007,"Second Qualifying Round Lai, Pista UAGM, Gurabo",PUR,20 MAR 2026,21 MAR 2026,25,567,68867,719,68892,https://worldathletics.org/records/competition-performance-rankings/ranking/656007
723,662029,"Central Java Open Athletics Championships, Jatidiri Stadium, Semarang",INA,23 JUL 2026,25 JUL 2026,0,,68860,721,68860,https://worldathletics.org/records/competition-performance-rankings/ranking/662029
724,662167,"Championnats Québécois junior, sénior, maîtres et para, PEPS de l'Université Laval, Quebec City",CAN,24 JUL 2026,26 JUL 2026,0,,68831,722,68831,https://worldathletics.org/records/competition-performance-rankings/ranking/662167
725,657293,"John Weaver Invitational, Randy Marion Track & Field Facility, Boone, NC",USA,24 APR 2026,25 APR 2026,20,599,68806,724,68826,https://worldathletics.org/records/competition-performance-rankings/ranking/657293
726,661794,"2° Trofeo Dell'Adriatico, Stadio Helvia Recina, Macerata",ITA,18 JUL 2026,18 JUL 2026,0,,68785,725,68785,https://worldathletics.org/records/competition-performance-rankings/ranking/661794
727,661149,"CALTAF Classic, Foothills Athletic Park, Calgary",CAN,26 JUN 2026,28 JUN 2026,0,,68773,726,68773,https://worldathletics.org/records/competition-performance-rankings/ranking/661149
728,656452,"Encuentro de Relevos Pista y Campo Prof, César Moreno Bravo, Centro de Atletismo Una Nueva Historia, Apizaco",MEX,03 APR 2026,05 APR 2026,0,,68770,727,68770,https://worldathletics.org/records/competition-performance-rankings/ranking/656452
729,656709,"The 38th Umemura School Athletics Competition, Chukyo University Athletics Field, Toyota",JPN,04 APR 2026,05 APR 2026,0,,68760,728,68760,https://worldathletics.org/records/competition-performance-rankings/ranking/656709
730,658806,"Championnat de France des clubs N1B Poule 3, Parc Départemental de Parilly, Vénissieux",FRA,17 MAY 2026,17 MAY 2026,20,599,68737,732,68757,https://worldathletics.org/records/competition-performance-rankings/ranking/658806
730,659664,"All Ireland Schools Track & Field, Tullamore Harriers AC Stadium, Tullamore",IRL,29 MAY 2026,30 MAY 2026,0,,68757,729,68757,https://worldathletics.org/records/competition-performance-rankings/ranking/659664
732,656803,"Platteville Invitational, UW-Platteville, Platteville, WI",USA,10 APR 2026,11 APR 2026,0,,68748,731,68748,https://worldathletics.org/records/competition-performance-rankings/ranking/656803
733,659342,"Pfingstsportfest, Michael-Hoffmann-Stadion, Mannheim",GER,25 MAY 2026,25 MAY 2026,60,393,68681,736,68741,https://worldathletics.org/records/competition-performance-rankings/ranking/659342
734,658786,"First League Interclub M+V, Wouter Weylandtstadion, Gentbrugge",BEL,17 MAY 2026,17 MAY 2026,75,354,68651,741,68726,https://worldathletics.org/records/competition-performance-rankings/ranking/658786
735,659115,"Nationales Leichtathletik-Meeting Hannover, Erika-Fisch-Stadion, Hannover",GER,16 MAY 2026,16 MAY 2026,25,567,68697,734,68722,https://worldathletics.org/records/competition-performance-rankings/ranking/659115
736,659286,"Mexican U20 Championships, Polideportivo de la Unidad Revolución, Guadalajara",MEX,21 MAY 2026,24 MAY 2026,0,,68709,733,68709,https://worldathletics.org/records/competition-performance-rankings/ranking/659286
737,660092,"Kringelspelen, Södertälje IP, Södertälje",SWE,06 JUN 2026,06 JUN 2026,35,496,68672,738,68707,https://worldathletics.org/records/competition-performance-rankings/ranking/660092
738,657200,"Montana Open, Dornblaser Field - Montana, Missoula, MT",USA,24 APR 2026,25 APR 2026,10,728,68686,735,68696,https://worldathletics.org/records/competition-performance-rankings/ranking/657200
739,660321,"Campionati Regionali Individuali A/J/P Open Seniores, Stadio Guidobaldi, Rieti",ITA,06 JUN 2026,07 JUN 2026,20,599,68672,738,68692,https://worldathletics.org/records/competition-performance-rankings/ranking/660321
740,660281,"Serbian Cup - Final, Atletski Stadion, Kraljevo",SRB,06 JUN 2026,07 JUN 2026,0,,68676,737,68676,https://worldathletics.org/records/competition-performance-rankings/ranking/660281
741,660966,"Warszawski Mityng Ogólnopolski, Stadion Podskarbińska, Warszawa",POL,20 JUN 2026,20 JUN 2026,0,,68671,740,68671,https://worldathletics.org/records/competition-performance-rankings/ranking/660966
742,660484,"SAYO, Sollentunavallen, Sollentuna",SWE,12 JUN 2026,14 JUN 2026,10,728,68629,744,68639,https://worldathletics.org/records/competition-performance-rankings/ranking/660484
743,657066,"BAISS High School Championships, T. Robinson Stadium, Nassau",BAH,09 MAR 2026,11 MAR 2026,0,,68635,742,68635,https://worldathletics.org/records/competition-performance-rankings/ranking/657066
744,660697,"Tyrvinglekene, Rud friidrettstadion, Bærum",NOR,12 JUN 2026,14 JUN 2026,0,,68632,743,68632,https://worldathletics.org/records/competition-performance-rankings/ranking/660697
745,655582,"I Circuito Paulista Open de Atletismo, COTP Stadium, São Paulo",BRA,07 MAR 2026,07 MAR 2026,100,311,68522,754,68622,https://worldathletics.org/records/competition-performance-rankings/ranking/655582
746,660648,"All-Russian Comtetitions among CSPs, UORs, ShORs and SShs - Sport Schools, Dinamo Stadium, Krasnodar",RUS,06 JUN 2026,07 JUN 2026,0,,68596,745,68596,https://worldathletics.org/records/competition-performance-rankings/ranking/660648
747,660386,"Campionato Regionale Di Societa' Su Pista Allievi/e, Stadio Guidobaldi, Rieti",ITA,09 MAY 2026,10 MAY 2026,0,,68588,746,68588,https://worldathletics.org/records/competition-performance-rankings/ranking/660386
748,658916,"1. kolo, I. liga, skupina B, Atletický stadion Kolín, Kolin",CZE,16 MAY 2026,16 MAY 2026,0,,68587,747,68587,https://worldathletics.org/records/competition-performance-rankings/ranking/658916
749,658242,"Old Boys Frühlingsmeeting, Stadion Schützenmatte, Basel",SUI,09 MAY 2026,09 MAY 2026,10,728,68568,748,68578,https://worldathletics.org/records/competition-performance-rankings/ranking/658242
750,661451,"Harju Cup, Harjun stadion, Jyväskylä",FIN,05 JUL 2026,06 JUL 2026,15,664,68560,750,68575,https://worldathletics.org/records/competition-performance-rankings/ranking/661451
751,660505,"Indian Athletics Series-11, Salt lake Stadium, Kolkata",IND,15 JUN 2026,15 JUN 2026,0,,68563,749,68563,https://worldathletics.org/records/competition-performance-rankings/ranking/660505
752,658557,"Grand Prix Memorial Brigido Iriarte, Estadio Brigido Iriarte, Caracas",VEN,15 MAY 2026,15 MAY 2026,40,472,68507,756,68547,https://worldathletics.org/records/competition-performance-rankings/ranking/658557
753,660840,"3. kolo I. ligy mužů a žen, skupina B, Městský stadion Jana Železného, Mlada Boleslav",CZE,20 JUN 2026,20 JUN 2026,0,,68544,751,68544,https://worldathletics.org/records/competition-performance-rankings/ranking/660840
754,661609,"Grand Sprint Series, Cerritos College, Norwalk, CA",USA,11 JUL 2026,11 JUL 2026,55,414,68487,758,68542,https://worldathletics.org/records/competition-performance-rankings/ranking/661609
755,661343,"Irish U20 Championships, Tullamore Harriers AC Stadium, Tullamore",IRL,04 JUL 2026,05 JUL 2026,0,,68540,752,68540,https://worldathletics.org/records/competition-performance-rankings/ranking/661343
756,658189,"Mount Olive Final Qualifier, Ray McDonald, Sr., Track Complex, Mount Olive, NC",USA,09 MAY 2026,09 MAY 2026,15,664,68523,753,68538,https://worldathletics.org/records/competition-performance-rankings/ranking/658189
757,660858,"3.kolo I.liga sk.C, Městský stadion, Třinec",CZE,20 JUN 2026,20 JUN 2026,15,664,68514,755,68529,https://worldathletics.org/records/competition-performance-rankings/ranking/660858
758,659790,"SVM Nationalliga B, Stade de l'Ancien Stand, Sion",SUI,30 MAY 2026,30 MAY 2026,0,,68500,757,68500,https://worldathletics.org/records/competition-performance-rankings/ranking/659790
758,659782,"Klaus Czech Memorial, Arena Lekkoatletyczna, Gliwice",POL,31 MAY 2026,31 MAY 2026,30,520,68470,761,68500,https://worldathletics.org/records/competition-performance-rankings/ranking/659782
760,660569,"Campeonato Catarinense Loterias Caixa Adulto, Complexo Esportivo Murilo Barreto de Souza, Jaraguá",BRA,06 JUN 2026,07 JUN 2026,15,664,68483,759,68498,https://worldathletics.org/records/competition-performance-rankings/ranking/660569
761,659734,"TMeeting, Sportpark Stappegoor, Tilburg",NED,25 MAY 2026,25 MAY 2026,10,728,68482,760,68492,https://worldathletics.org/records/competition-performance-rankings/ranking/659734
762,657563,"Meeting da Liberdade, Pista Municipal Prof. Mário Moniz Pereira, Lisboa",POR,25 APR 2026,26 APR 2026,30,520,68449,765,68479,https://worldathletics.org/records/competition-performance-rankings/ranking/657563
763,661946,"Argentinian U23 Championships, Pista de Atletismo Rubén Acevedo, Tigre",ARG,25 JUL 2026,26 JUL 2026,20,599,68457,762,68477,https://worldathletics.org/records/competition-performance-rankings/ranking/661946
764,658208,"Germeringer Leichtathletik-Meeting (Bayerntop), Stadion des SV Germering, Germering",GER,09 MAY 2026,09 MAY 2026,5,814,68450,764,68455,https://worldathletics.org/records/competition-performance-rankings/ranking/658208
765,660299,"Inter-Collegiate Championships, GC Foster College, Spanish Town",JAM,16 APR 2026,16 APR 2026,0,,68451,763,68451,https://worldathletics.org/records/competition-performance-rankings/ranking/660299
766,660239,"Tofalia, Pampeloponnisiako Stadium, Patra",GRE,07 JUN 2026,07 JUN 2026,15,664,68425,767,68440,https://worldathletics.org/records/competition-performance-rankings/ranking/660239
767,661059,"Slovenian U20 Championships, Športni center Vinko Cajnko, Slovenj Gradec",SLO,26 JUN 2026,27 JUN 2026,0,,68438,766,68438,https://worldathletics.org/records/competition-performance-rankings/ranking/661059
768,660034,"Algeria Athletics One Day, Stade Souk Ethnine, Béjaïa",ALG,05 JUN 2026,05 JUN 2026,0,,68421,768,68421,https://worldathletics.org/records/competition-performance-rankings/ranking/660034
769,663144,"Croatian Cup And Team's Championships for Clubs, Sports Park Mladost, Zagreb",CRO,12 SEP 2026,13 SEP 2026,65,382,68353,776,68418,https://worldathletics.org/records/competition-performance-rankings/ranking/663144
770,657894,"3è Meeting Inter Clubs, Complexe Sportif D'olembe, Yaoundé",CMR,02 MAY 2026,03 MAY 2026,15,664,68398,769,68413,https://worldathletics.org/records/competition-performance-rankings/ranking/657894
771,662403,"BAUHAUS-galan Youth & Masters, Olympiastadion, Stockholm",SWE,13 AUG 2026,16 AUG 2026,0,,68394,770,68394,https://worldathletics.org/records/competition-performance-rankings/ranking/662403
772,654818,"Wilderklawer TUT Curro Hazeldean Top 14 Meeting, Pilditch Stadium, Pretoria",RSA,28 JAN 2026,28 JAN 2026,0,,68379,771,68379,https://worldathletics.org/records/competition-performance-rankings/ranking/654818
773,661259,"Jump'n'Run Meeting, Stadion Rote Erde, Dortmund",GER,27 JUN 2026,27 JUN 2026,0,,68371,772,68371,https://worldathletics.org/records/competition-performance-rankings/ranking/661259
774,661477,"XVI^ Certame Atletico Disfida di Barletta, Stadio Puttilli, Barletta",ITA,03 JUL 2026,03 JUL 2026,160,239,68210,787,68370,https://worldathletics.org/records/competition-performance-rankings/ranking/661477
775,661495,"Sri Lankan U20 Outdoor Championships, Mahinda Rajapaksha Stadium, Diyagama",SRI,15 JUN 2026,18 JUN 2026,0,,68367,773,68367,https://worldathletics.org/records/competition-performance-rankings/ranking/661495
776,656699,"Asheville Bulldog Invite, Straus Track at UNC Asheville, Asheville, NC",USA,10 APR 2026,11 APR 2026,0,,68363,774,68363,https://worldathletics.org/records/competition-performance-rankings/ranking/656699
777,660432,"Spanish Clubs Championships Primera Division Liga Iberdrola-Permanence, Pista atletismo José Maria Escriche, Hueska",ESP,13 JUN 2026,13 JUN 2026,0,,68354,775,68354,https://worldathletics.org/records/competition-performance-rankings/ranking/660432
778,663443,"Arge Alp, Stadio Comunale, Pergine Valsugana",ITA,19 SEP 2026,20 SEP 2026,30,520,68322,777,68352,https://worldathletics.org/records/competition-performance-rankings/ranking/663443
779,660645,"JAAA / Puma Meet #4, National Stadium, Kingston",JAM,06 JUN 2026,06 JUN 2026,50,434,68298,779,68348,https://worldathletics.org/records/competition-performance-rankings/ranking/660645
780,659969,"2. kolo I. ligy mužů a žen, skupina B, Atletické středisko Emila Zátopka, Stará Boleslav",CZE,30 MAY 2026,30 MAY 2026,0,,68321,778,68321,https://worldathletics.org/records/competition-performance-rankings/ranking/659969
781,659390,"Campionato Regionale Di Societa' Trentino Alto Adige, Campo Coni, Bolzano",ITA,16 MAY 2026,17 MAY 2026,25,567,68281,783,68306,https://worldathletics.org/records/competition-performance-rankings/ranking/659390
782,660561,"Přebor Prahy mužů, žen, juniorů a juniorek na dráze, Stadion Juliska, Praha",CZE,13 JUN 2026,14 JUN 2026,15,664,68287,780,68302,https://worldathletics.org/records/competition-performance-rankings/ranking/660561
783,657237,"Border Duel, CSU Jack Christiansen Track, Fort Collins, CO",USA,25 APR 2026,25 APR 2026,5,814,68286,782,68291,https://worldathletics.org/records/competition-performance-rankings/ranking/657237
784,661305,"U18 Válogatott Viadal (HUN, CZE, SVK), Nyíregyházi Atlétikai Centrum, Nyíregyháza",HUN,04 JUL 2026,04 JUL 2026,0,,68287,780,68287,https://worldathletics.org/records/competition-performance-rankings/ranking/661305
785,662537,"Brazilian U18 Championships, Estádio Olímpico do Ibirapuera - Ícaro de Castro Melo, São Paulo",BRA,21 AUG 2026,23 AUG 2026,0,,68272,784,68272,https://worldathletics.org/records/competition-performance-rankings/ranking/662537
786,658592,"Spanish Clubs Championships Division Honor Liga Iberdrola-Leg 2-Match D, Pistas Universad de León, León",ESP,16 MAY 2026,16 MAY 2026,0,,68263,785,68263,https://worldathletics.org/records/competition-performance-rankings/ranking/658592
787,658472,"Senior & U20 Regional Club Championships - Region 6, Agios Kosmas Training Center, Elliniko, Athina",GRE,09 MAY 2026,10 MAY 2026,80,342,68163,793,68243,https://worldathletics.org/records/competition-performance-rankings/ranking/658472
788,660989,"Tempo run league eacpa, Stade des Maradas, Cergy-Pontoise",FRA,20 JUN 2026,21 JUN 2026,10,728,68222,786,68232,https://worldathletics.org/records/competition-performance-rankings/ranking/660989
789,660586,"Copenhagen Open, Hvidovre Stadion, Hvidovre",DEN,13 JUN 2026,14 JUN 2026,50,434,68172,791,68222,https://worldathletics.org/records/competition-performance-rankings/ranking/660586
790,661586,"Campeonato Autonómico Absoluto Comunidad Valenciana, Estadio Municipal Atletismo, Alicante",ESP,11 JUL 2026,11 JUL 2026,10,728,68192,788,68202,https://worldathletics.org/records/competition-performance-rankings/ranking/661586
791,662727,"Norwegian U20 Championships, Bislett Stadion, Oslo",NOR,28 AUG 2026,30 AUG 2026,0,,68190,789,68190,https://worldathletics.org/records/competition-performance-rankings/ranking/662727
792,657254,"Spanish Clubs Championships Division Honor Liga Iberdrola Leg 1-Match D, Pistas Universad de León, León",ESP,25 APR 2026,25 APR 2026,25,567,68159,794,68184,https://worldathletics.org/records/competition-performance-rankings/ranking/657254
793,656425,"Ocean State Cup, Bryant Track & Turf Complex, Smithfield, RI",USA,03 APR 2026,04 APR 2026,0,,68182,790,68182,https://worldathletics.org/records/competition-performance-rankings/ranking/656425
794,659031,"Kazakh U23 Championships, Kazhymukan Munaitpasov Stadium, Shimkent",KAZ,19 MAY 2026,21 MAY 2026,0,,68172,791,68172,https://worldathletics.org/records/competition-performance-rankings/ranking/659031
795,655492,"MTN CHAMPS Athletics Classics, UJ Esuene Stadium, Calabar",NGR,04 MAR 2026,07 MAR 2026,5,814,68150,796,68155,https://worldathletics.org/records/competition-performance-rankings/ranking/655492
796,663605,"Czech U20 Team Championships, Atletický stadion Slavia Praha, Praha",CZE,26 SEP 2026,26 SEP 2026,0,,68152,795,68152,https://worldathletics.org/records/competition-performance-rankings/ranking/663605
797,660819,"Ghana Athletics Dean Hayes International Classic - Commonwealth Games Qualifier, University of Ghana Sports Stadium, Accra",GHA,20 JUN 2026,20 JUN 2026,0,,68148,797,68148,https://worldathletics.org/records/competition-performance-rankings/ranking/660819
797,661625,"Portuguese U20 Outdoor Championships, Estádio Municipal das Caldas da Rainha, Caldas da Rainha",POR,11 JUL 2026,12 JUL 2026,0,,68148,797,68148,https://worldathletics.org/records/competition-performance-rankings/ranking/661625
799,662181,"2026 3rd Chukyo University Saturday Competition, Chukyo University Athletics Field, Toyota",JPN,01 AUG 2026,02 AUG 2026,20,599,68114,802,68134,https://worldathletics.org/records/competition-performance-rankings/ranking/662181
800,662194,"Sommer-Abend-Meeting, Stadion Hard, Langenthal",SUI,05 AUG 2026,05 AUG 2026,10,728,68122,799,68132,https://worldathletics.org/records/competition-performance-rankings/ranking/662194
801,656755,"Cactus Cup, Javelina Stadium, Kingsville, TX",USA,10 APR 2026,11 APR 2026,0,,68121,800,68121,https://worldathletics.org/records/competition-performance-rankings/ranking/656755
802,660067,"Meeting Fer Futur U20-U18, Estadio de Atletismo del Turia, Valencia",ESP,06 JUN 2026,06 JUN 2026,0,,68120,801,68120,https://worldathletics.org/records/competition-performance-rankings/ranking/660067
803,657229,"Spanish Clubs Championships División de Honor Liga Joma Leg 1-Match C, Estadio de Larrabide, Pamplona",ESP,25 APR 2026,25 APR 2026,60,393,68059,807,68119,https://worldathletics.org/records/competition-performance-rankings/ranking/657229
804,659518,"Mazowiecki Mityng Ogólnopolski, Stadion Zygmunta Szelesta, Warszawa",POL,23 MAY 2026,24 MAY 2026,40,472,68078,805,68118,https://worldathletics.org/records/competition-performance-rankings/ranking/659518
805,658150,"USD Twilight, USD Lillibridge Track Complex, Vermillion, SD",USA,08 MAY 2026,08 MAY 2026,140,260,67973,811,68113,https://worldathletics.org/records/competition-performance-rankings/ranking/658150
806,659859,"Mazowiecki Mityng Ogólnopolski, Stadion Zygmunta Szelesta, Warszawa",POL,30 MAY 2026,30 MAY 2026,5,814,68092,803,68097,https://worldathletics.org/records/competition-performance-rankings/ranking/659859
807,659940,"CDS Assoluto Maschile Su Pista - Prova Regionale, Stadio Narciso Soldan, Conegliano",ITA,16 MAY 2026,17 MAY 2026,10,728,68080,804,68090,https://worldathletics.org/records/competition-performance-rankings/ranking/659940
808,661693,"Xrhstos Boudouris Memorial, Municipal Stadium, Thiva",GRE,15 JUL 2026,15 JUL 2026,55,414,68009,810,68064,https://worldathletics.org/records/competition-performance-rankings/ranking/661693
809,658791,"Rose City Open, Alumni Field, Windsor",CAN,16 MAY 2026,16 MAY 2026,0,,68062,806,68062,https://worldathletics.org/records/competition-performance-rankings/ranking/658791
810,661659,"BC Athletics Outdoor Track & Field Championships, Percy Perry Stadium, Coquitlam",CAN,03 JUL 2026,05 JUL 2026,0,,68058,808,68058,https://worldathletics.org/records/competition-performance-rankings/ranking/661659
811,655202,"CGA League 3, Germiston Stadium, Johannesburg",RSA,14 FEB 2026,14 FEB 2026,25,567,68011,809,68036,https://worldathletics.org/records/competition-performance-rankings/ranking/655202
812,658146,"AF Twilight, Cadet Outdoor T&F Complex, Colorado Springs, CO",USA,08 MAY 2026,08 MAY 2026,60,393,67954,813,68014,https://worldathletics.org/records/competition-performance-rankings/ranking/658146
813,662190,"SIAB Schools International T&F Competition, Mary Peters Track, Belfast",GBR,18 JUL 2026,18 JUL 2026,0,,67973,811,67973,https://worldathletics.org/records/competition-performance-rankings/ranking/662190
814,658415,"IV Circuito Paulista Open de Atletismo, COTP Stadium, São Paulo",BRA,08 MAY 2026,09 MAY 2026,30,520,67915,816,67945,https://worldathletics.org/records/competition-performance-rankings/ranking/658415
815,659784,"Sławomir Rosłon Memorial, Stadion Miejski, Piaseczno",POL,31 MAY 2026,31 MAY 2026,0,,67933,814,67933,https://worldathletics.org/records/competition-performance-rankings/ranking/659784
816,658151,"Illini Tune-Up, Demirjian Park, Champaign, IL",USA,08 MAY 2026,08 MAY 2026,250,172,67670,836,67920,https://worldathletics.org/records/competition-performance-rankings/ranking/658151
817,662813,"National Athletic Meet Hokkaido representative selection meeting, Irie Stadium, Muroran",JPN,15 AUG 2026,16 AUG 2026,0,,67919,815,67919,https://worldathletics.org/records/competition-performance-rankings/ranking/662813
818,660435,"Spanish Clubs Championships Primera Division Liga Joma-Permanence, Pista de Atletismo de Landako, Durango",ESP,13 JUN 2026,13 JUN 2026,5,814,67901,817,67906,https://worldathletics.org/records/competition-performance-rankings/ranking/660435
819,657392,"ODAC Outdoor Track and Field Championships, Bomberger Field, Harrisonburg, VA",USA,24 APR 2026,25 APR 2026,0,,67893,818,67893,https://worldathletics.org/records/competition-performance-rankings/ranking/657392
820,655429,"Taipei National Spring Athletics Open, Taipei Municipal Stadium, Taipei City",TPE,31 JAN 2026,04 FEB 2026,0,,67878,819,67878,https://worldathletics.org/records/competition-performance-rankings/ranking/655429
821,661339,"Austrian U23 Championships, ULSZ Hallein-Rif, Hallein",AUT,04 JUL 2026,05 JUL 2026,0,,67876,820,67876,https://worldathletics.org/records/competition-performance-rankings/ranking/661339
822,656685,"Asahi - Hakata Record meeting, Hakatanomori Athletic Stadium, Fukuoka",JPN,11 APR 2026,12 APR 2026,10,728,67859,823,67869,https://worldathletics.org/records/competition-performance-rankings/ranking/656685
823,662208,"Ontario U14, U16, U18 Track & Field Championships, Niagara Olympic Club, St. Catherine's",CAN,24 JUL 2026,26 JUL 2026,0,,67864,821,67864,https://worldathletics.org/records/competition-performance-rankings/ranking/662208
824,657115,"Irish Universities Athletics Association OutdoorTrack & Field, Munster Technological University Track, Cork",IRL,17 APR 2026,18 APR 2026,0,,67860,822,67860,https://worldathletics.org/records/competition-performance-rankings/ranking/657115
825,658954,"Otwarte Mistrzostwa Mazowsza U18 i U20, Stadion Zygmunta Szelesta, Warszawa",POL,16 MAY 2026,17 MAY 2026,30,520,67794,825,67824,https://worldathletics.org/records/competition-performance-rankings/ranking/658954
826,658881,"Championnat de France des clubs N1B Poule 4, Stade Jean Leveillé, Challans",FRA,17 MAY 2026,17 MAY 2026,0,,67822,824,67822,https://worldathletics.org/records/competition-performance-rankings/ranking/658881
827,661580,"XXII Meeting su pista Regione FVG...ospiti di gente unica - 13 Mem. Guido Maccan - 9 Mem. G. Chessa, Polisportivo Guido Maccan, Brugnera",ITA,11 JUL 2026,11 JUL 2026,30,520,67778,826,67808,https://worldathletics.org/records/competition-performance-rankings/ranking/661580
828,656270,"UBC Open, Rashpal Dhillon Oval, Vancouver",CAN,28 MAR 2026,29 MAR 2026,0,,67768,827,67768,https://worldathletics.org/records/competition-performance-rankings/ranking/656270
829,655574,"Gaucho Relays, Pauley Track & Field Complex UC Santa Barbara, Goleta, CA",USA,07 MAR 2026,07 MAR 2026,10,728,67756,829,67766,https://worldathletics.org/records/competition-performance-rankings/ranking/655574
829,660025,"Memorial José Barrientos, Estadio Panamericano, La Habana",CUB,05 JUN 2026,05 JUN 2026,90,326,67676,835,67766,https://worldathletics.org/records/competition-performance-rankings/ranking/660025
831,655931,"Big South vs Southern Conference Challenge, Straus Track at UNC Asheville, Asheville, NC",USA,20 MAR 2026,21 MAR 2026,0,,67763,828,67763,https://worldathletics.org/records/competition-performance-rankings/ranking/655931
832,659034,"Campionato regionale di società su pista assoluto, Campo di Atletica Mario Agosti, Pordenone",ITA,16 MAY 2026,17 MAY 2026,10,728,67729,830,67739,https://worldathletics.org/records/competition-performance-rankings/ranking/659034
833,660050,"LAF Open Cup Competition, LAF Clubs Team Competition, Palangos Stadionas, Palanga",LTU,05 JUN 2026,06 JUN 2026,70,365,67665,838,67735,https://worldathletics.org/records/competition-performance-rankings/ranking/660050
834,660729,"Meeting Annecy, Parc des Sports, Annecy",FRA,20 JUN 2026,20 JUN 2026,20,599,67714,831,67734,https://worldathletics.org/records/competition-performance-rankings/ranking/660729
835,659345,"Algeria Athletics One Day, Mustapha Tchaker Athletics Stadium, Blida",ALG,16 MAY 2026,16 MAY 2026,0,,67700,832,67700,https://worldathletics.org/records/competition-performance-rankings/ranking/659345
836,660119,"Northern U18, U20 & Senior Championships, Costello Stadium, Hull",GBR,06 JUN 2026,07 JUN 2026,0,,67690,833,67690,https://worldathletics.org/records/competition-performance-rankings/ranking/660119
837,656538,"Champions Track and Field, Diyagama Stadium, Diyagama",SRI,28 MAR 2026,29 MAR 2026,65,382,67617,840,67682,https://worldathletics.org/records/competition-performance-rankings/ranking/656538
838,659740,"Croatian U20 Cup and Team Championships for Clubs, Sports Park Mladost, Zagreb",CRO,30 MAY 2026,31 MAY 2026,0,,67678,834,67678,https://worldathletics.org/records/competition-performance-rankings/ranking/659740
839,661378,"ANOCES Championships, Kim Collins Athletic Stadium, Basseterre",SKN,04 JUL 2026,05 JUL 2026,10,728,67667,837,67677,https://worldathletics.org/records/competition-performance-rankings/ranking/661378
840,660191,"BIGish Jumps & Throws Fest, Bedford Athletic Stadium, Bedford",GBR,25 MAY 2026,25 MAY 2026,75,354,67578,842,67653,https://worldathletics.org/records/competition-performance-rankings/ranking/660191
841,656914,"University at Buffalo Alumni Invitational, University at Buffalo Stadium, Buffalo, NY",USA,17 APR 2026,17 APR 2026,0,,67648,839,67648,https://worldathletics.org/records/competition-performance-rankings/ranking/656914
842,662187,"6th Kyushu Kyoritsu University Challenge Meet, Kyushu Kyoritsu University Stadium, Kitakyushu",JPN,01 AUG 2026,02 AUG 2026,50,434,67591,841,67641,https://worldathletics.org/records/competition-performance-rankings/ranking/662187
843,656437,"GVSU Early Meet, GVSU Track/Lacrosse Stadium, Allendale, MI",USA,03 APR 2026,04 APR 2026,35,496,67544,846,67579,https://worldathletics.org/records/competition-performance-rankings/ranking/656437
844,662888,"4. kolo I. ligy mužů a žen, skupina A, Atletický stadion Děkanka, Praha",CZE,23 AUG 2026,23 AUG 2026,10,728,67561,844,67571,https://worldathletics.org/records/competition-performance-rankings/ranking/662888
845,658855,"Championnat de France des clubs N1B Poule E, Stade Jean Leroi, Blois",FRA,17 MAY 2026,17 MAY 2026,0,,67563,843,67563,https://worldathletics.org/records/competition-performance-rankings/ranking/658855
846,658295,"42st Tomas Babiak Memorial + Academic Slovak championship, Atletický štadión STU, Bratislava",SVK,09 MAY 2026,09 MAY 2026,10,728,67545,845,67555,https://worldathletics.org/records/competition-performance-rankings/ranking/658295
847,654497,"CGA League 1 - Youth - Senior, Germiston Stadium, Johannesburg",RSA,31 JAN 2026,31 JAN 2026,0,,67535,847,67535,https://worldathletics.org/records/competition-performance-rankings/ranking/654497
848,660603,"Championnats Vallée du Rhône CJES, Stade du Rhône, Vénissieux",FRA,14 JUN 2026,14 JUN 2026,0,,67523,848,67523,https://worldathletics.org/records/competition-performance-rankings/ranking/660603
849,660496,"C.D.S. Assoluto su Pista - Finale ""B"", Campo Comunale, Cosenza",ITA,13 JUN 2026,14 JUN 2026,100,311,67419,858,67519,https://worldathletics.org/records/competition-performance-rankings/ranking/660496
850,659846,"Jesse Bent Memorial Track & Field Meet, Percy Perry Stadium, Coquitlam",CAN,30 MAY 2026,31 MAY 2026,0,,67518,849,67518,https://worldathletics.org/records/competition-performance-rankings/ranking/659846
851,660136,"Warszawska Liga Lekkoatletyczna, Stadion RKS Skra, Warszawa",POL,06 JUN 2026,06 JUN 2026,50,434,67464,851,67514,https://worldathletics.org/records/competition-performance-rankings/ranking/660136
852,655674,"Hong Kong Athletics Series - Series 2 Cum Heptathlon, Wan Chai Sports Ground, Hong Kong",HKG,07 MAR 2026,08 MAR 2026,0,,67491,850,67491,https://worldathletics.org/records/competition-performance-rankings/ranking/655674
853,659110,"2ème Meeting Fédéral, Sidi Kacem",MAR,12 APR 2026,12 APR 2026,0,,67463,852,67463,https://worldathletics.org/records/competition-performance-rankings/ranking/659110
854,656369,"Mets Outdoor Championships, Icahn Stadium, New York, NY",USA,03 APR 2026,03 APR 2026,0,,67454,853,67454,https://worldathletics.org/records/competition-performance-rankings/ranking/656369
855,660694,"Israeli League Cup, Hadar Yosef Stadium, Tel Aviv",ISR,10 JUN 2026,11 JUN 2026,25,567,67422,857,67447,https://worldathletics.org/records/competition-performance-rankings/ranking/660694
856,657089,"Sean Collier Invitational, MIT Sherie and Don Morrison Track, Cambridge, MA",USA,17 APR 2026,18 APR 2026,0,,67443,854,67443,https://worldathletics.org/records/competition-performance-rankings/ranking/657089
857,660467,"Hong Kong Athletics Open, Tsueng Kwan O Sports Ground, Hong Kong",HKG,13 JUN 2026,14 JUN 2026,70,365,67364,859,67434,https://worldathletics.org/records/competition-performance-rankings/ranking/660467
858,661497,"Sri Lankan U23 Outdoor Championships, Mahinda Rajapaksha Stadium, Diyagama",SRI,15 JUN 2026,18 JUN 2026,5,814,67425,855,67430,https://worldathletics.org/records/competition-performance-rankings/ranking/661497
859,654544,"Hong Kong Athletics Series - Series 1 cum Race Walking, Wan Chai Sports Ground, Hong Kong",HKG,07 FEB 2026,08 FEB 2026,0,,67424,856,67424,https://worldathletics.org/records/competition-performance-rankings/ranking/654544
859,658303,"JAAA / Puma Meet #1, National Stadium, Kingston",JAM,09 MAY 2026,09 MAY 2026,345,136,67079,878,67424,https://worldathletics.org/records/competition-performance-rankings/ranking/658303
861,657729,"1er Tour Interclubs Elite AURA, Parc Départemental de Parilly, Vénissieux",FRA,03 MAY 2026,03 MAY 2026,15,664,67323,860,67338,https://worldathletics.org/records/competition-performance-rankings/ranking/657729
862,662844,"Track Meet - Men, Imam Reza Stadium, Mashhad",IRI,16 JUL 2026,17 JUL 2026,15,664,67260,861,67275,https://worldathletics.org/records/competition-performance-rankings/ranking/662844
863,661579,"Allianz Championnats LBFA Toutes Catégories, Stade Gaston Reiff, Braine-l'Alleud",BEL,12 JUL 2026,12 JUL 2026,20,599,67248,864,67268,https://worldathletics.org/records/competition-performance-rankings/ranking/661579
864,656134,"Regional Athletics Invitational Meeting, Yangzhou Sports Center, Yangzhou",CHN,23 MAR 2026,24 MAR 2026,5,814,67256,863,67261,https://worldathletics.org/records/competition-performance-rankings/ranking/656134
865,662907,"Swiss U18 Championships, Stadion Lachen, Thun",SUI,05 SEP 2026,06 SEP 2026,0,,67259,862,67259,https://worldathletics.org/records/competition-performance-rankings/ranking/662907
866,660565,"Mityng DZLA, Stadion Miejski, Jelenia Góra",POL,13 JUN 2026,13 JUN 2026,5,814,67243,865,67248,https://worldathletics.org/records/competition-performance-rankings/ranking/660565
867,660088,"Ratinan kesäkisat, Ratinan Stadion, Tampere",FIN,07 JUN 2026,07 JUN 2026,0,,67242,866,67242,https://worldathletics.org/records/competition-performance-rankings/ranking/660088
867,660600,"Match des 6 cantons romands, Stade du Littoral, Colombier",SUI,13 JUN 2026,13 JUN 2026,25,567,67217,868,67242,https://worldathletics.org/records/competition-performance-rankings/ranking/660600
869,662726,"Troféu Norte-Nordeste de Atletismo de Adulto, Pista de Atletismo do Santos Dumont, Recifé",BRA,30 MAY 2026,31 MAY 2026,5,814,67231,867,67236,https://worldathletics.org/records/competition-performance-rankings/ranking/662726
870,657000,"74th Hyogo Relay Carnival, Universiade Commemorative Stadium, Kobe",JPN,18 APR 2026,19 APR 2026,140,260,67056,882,67196,https://worldathletics.org/records/competition-performance-rankings/ranking/657000
871,656063,"BAA Track and Field Series 2, Francistown Stadion, Francistown",BOT,14 FEB 2026,14 FEB 2026,310,146,66880,903,67190,https://worldathletics.org/records/competition-performance-rankings/ranking/656063
872,663500,"ASICS Dutch U20 Championships, Atletiekbaan Maarschalkerweerd, Utrecht",NED,18 SEP 2026,20 SEP 2026,0,,67169,869,67169,https://worldathletics.org/records/competition-performance-rankings/ranking/663500
873,661776,"I^ Meeting Citta' delle Gorizie, Campo E. Fabretto, Gorizia",ITA,18 JUL 2026,18 JUL 2026,5,814,67162,870,67167,https://worldathletics.org/records/competition-performance-rankings/ranking/661776
874,663195,"Belgian U23 Championships, Netestadion, Lier",BEL,13 SEP 2026,13 SEP 2026,5,814,67151,871,67156,https://worldathletics.org/records/competition-performance-rankings/ranking/663195
875,663196,"Belgian U20 Championships, Netestadion, Lier",BEL,13 SEP 2026,13 SEP 2026,0,,67148,872,67148,https://worldathletics.org/records/competition-performance-rankings/ranking/663196
876,657743,"ESET WMD-Night, Centro di Atletica, Busto Arsizio",ITA,03 MAY 2026,03 MAY 2026,150,252,66992,892,67142,https://worldathletics.org/records/competition-performance-rankings/ranking/657743
877,659236,"Mexican U18 Championships, Polideportivo de la Unidad Revolución, Guadalajara",MEX,16 MAY 2026,19 MAY 2026,0,,67137,873,67137,https://worldathletics.org/records/competition-performance-rankings/ranking/659236
878,656003,"Memorial Jesús Molina, Estadio Panamericano, La Habana",CUB,12 MAR 2026,13 MAR 2026,215,194,66920,897,67135,https://worldathletics.org/records/competition-performance-rankings/ranking/656003
879,661640,"High Speed League - Donnas, Stadio Crestella, Donnas",ITA,12 JUL 2026,12 JUL 2026,55,414,67075,880,67130,https://worldathletics.org/records/competition-performance-rankings/ranking/661640
880,659791,"SVM Nationalliga C und Promotionsliga A und B, Grendelmatte, Riehen",SUI,30 MAY 2026,30 MAY 2026,15,664,67113,875,67128,https://worldathletics.org/records/competition-performance-rankings/ranking/659791
881,655740,"Montevallo Falcon Classic, Lacrosse Stadium, Montevallo, AL",USA,13 MAR 2026,14 MAR 2026,0,,67122,874,67122,https://worldathletics.org/records/competition-performance-rankings/ranking/655740
882,661161,"Campionati Regionali Individuali Assoluti, Stadio Paolo Rosi, Roma",ITA,27 JUN 2026,28 JUN 2026,15,664,67091,877,67106,https://worldathletics.org/records/competition-performance-rankings/ranking/661161
883,655512,"New Zealand U20 Track & Field Championships, Douglas Track & Field, Auckland",NZL,05 MAR 2026,08 MAR 2026,0,,67095,876,67095,https://worldathletics.org/records/competition-performance-rankings/ranking/655512
884,661620,"Liliane Mandema Memorial, Sportpark Laan van Poot, Den Haag",NED,12 JUL 2026,12 JUL 2026,40,472,67051,883,67091,https://worldathletics.org/records/competition-performance-rankings/ranking/661620
885,657770,"Chpts Interclubs LIFA - Elite-N1-N2 - Poule C, Stade J. Roland, Franconville",FRA,03 MAY 2026,03 MAY 2026,0,,67078,879,67078,https://worldathletics.org/records/competition-performance-rankings/ranking/657770
886,660206,"14th Papanastasia Meeting ""K.Papanastasiou Memorial "", Panellinios Sports Club Track, Athina",GRE,06 JUN 2026,07 JUN 2026,70,365,67007,889,67077,https://worldathletics.org/records/competition-performance-rankings/ranking/660206
887,658122,"NDSU Tune Up, Schlanser Track Complex, Fargo, ND",USA,08 MAY 2026,08 MAY 2026,0,,67074,881,67074,https://worldathletics.org/records/competition-performance-rankings/ranking/658122
888,658520,"Austrian Club Championships, Franz-Fekete-Stadion, Kapfenberg",AUT,14 MAY 2026,14 MAY 2026,30,520,67021,887,67051,https://worldathletics.org/records/competition-performance-rankings/ranking/658520
889,661370,"SPAR Competitie 1e Divisie Poule 2 R3, Atletiekbaan Brakkenstein, Nijmegen",NED,05 JUL 2026,05 JUL 2026,5,814,67030,885,67035,https://worldathletics.org/records/competition-performance-rankings/ranking/661370
890,660592,"Taça de Portugal, Estádio Municipal de Vagos, Vagos",POR,13 JUN 2026,13 JUN 2026,0,,67031,884,67031,https://worldathletics.org/records/competition-performance-rankings/ranking/660592
891,661318,"2026 2nd Chukyo University Saturday Competition, Chukyo University Athletics Field, Toyota",JPN,28 JUN 2026,28 JUN 2026,0,,67025,886,67025,https://worldathletics.org/records/competition-performance-rankings/ranking/661318
892,662650,"Championnats LBFA U16 - U18 - U20 - U23, Stade du Parc de la Dodaine, Nivelles",BEL,22 AUG 2026,23 AUG 2026,0,,67021,887,67021,https://worldathletics.org/records/competition-performance-rankings/ranking/662650
893,662906,"Croatian U23 Championships, Sports Park Mladost, Zagreb",CRO,05 SEP 2026,06 SEP 2026,15,664,67000,890,67015,https://worldathletics.org/records/competition-performance-rankings/ranking/662906
894,656374,"Day 8 , the 35th Nara City Athletics Circuit, Konoike Athletics Stadium, Nara",JPN,29 MAR 2026,29 MAR 2026,5,814,66998,891,67003,https://worldathletics.org/records/competition-performance-rankings/ranking/656374
895,653438,"JAAA/PUMA Fuller Anderson Meet, GC Foster College, Spanish Town",JAM,17 JAN 2026,17 JAN 2026,340,137,66662,915,67002,https://worldathletics.org/records/competition-performance-rankings/ranking/653438
895,656356,"Regional Mexicali BC Región 1 ON Conade, Pista de la Ciudad Deportiva, Mexicali",MEX,11 MAR 2026,14 MAR 2026,15,664,66987,893,67002,https://worldathletics.org/records/competition-performance-rankings/ranking/656356
897,659857,"Trofeo Bracco, Centro di Atletica, Busto Arsizio",ITA,02 JUN 2026,02 JUN 2026,0,,66970,894,66970,https://worldathletics.org/records/competition-performance-rankings/ranking/659857
898,655913,"Penn Challenge, Franklin Field, Philadelphia, PA",USA,21 MAR 2026,21 MAR 2026,20,599,66921,896,66941,https://worldathletics.org/records/competition-performance-rankings/ranking/655913
899,656366,"Regional Toluca, Mex. Región 4 ON Conade, Toluca",MEX,26 MAR 2026,29 MAR 2026,5,814,66930,895,66935,https://worldathletics.org/records/competition-performance-rankings/ranking/656366
900,656205,"1era Parada de la Liga Nacional de Atletismo, Estadio Brigido Iriarte, Caracas",VEN,28 MAR 2026,28 MAR 2026,20,599,66884,902,66904,https://worldathletics.org/records/competition-performance-rankings/ranking/656205
901,659114,"National Athletics League - Regional North, Wavertree Athletics Centre, Liverpool",GBR,23 MAY 2026,23 MAY 2026,0,,66902,898,66902,https://worldathletics.org/records/competition-performance-rankings/ranking/659114
902,661190,"Campeonato Nacional de Clubes - 2ª divisão, Estádio Cidade de Coimbra, Coimbra",POR,27 JUN 2026,28 JUN 2026,0,,66899,899,66899,https://worldathletics.org/records/competition-performance-rankings/ranking/661190
903,660470,"Slovenian U23 Championships, Športni center Vinko Cajnko, Slovenj Gradec",SLO,13 JUN 2026,14 JUN 2026,0,,66898,900,66898,https://worldathletics.org/records/competition-performance-rankings/ranking/660470
904,661596,"National Athletics League - Regional North, Harvey Hadden Stadium, Nottingham",GBR,11 JUL 2026,11 JUL 2026,5,814,66885,901,66890,https://worldathletics.org/records/competition-performance-rankings/ranking/661596
905,659256,"1st Chukyo University Saturday Competition, Chukyo University Athletics Field, Toyota",JPN,23 MAY 2026,24 MAY 2026,0,,66879,904,66879,https://worldathletics.org/records/competition-performance-rankings/ranking/659256
906,660019,"2è Meeting Inter Clubs, Stade de la Réunification de Bepanda, Douala",CMR,28 MAR 2026,29 MAR 2026,15,664,66842,906,66857,https://worldathletics.org/records/competition-performance-rankings/ranking/660019
907,660310,"2. semifinále Mistrovství Moravy a Slezska družstev mládeže, Stadion TJ Lokomotiva Olomouc,, Olomouc",CZE,06 JUN 2026,06 JUN 2026,0,,66853,905,66853,https://worldathletics.org/records/competition-performance-rankings/ranking/660310
908,659476,"Angelo Invite, LeGrand Stadium at 1st Community Credit Union Field, San Angelo, TX",USA,23 APR 2026,23 APR 2026,0,,66842,906,66842,https://worldathletics.org/records/competition-performance-rankings/ranking/659476
909,658647,"Spanish Clubs Championships Primera Division Liga Iberdrola-Leg 2-Match A, Estadio Vallehermoso, Madrid",ESP,17 MAY 2026,17 MAY 2026,15,664,66790,909,66805,https://worldathletics.org/records/competition-performance-rankings/ranking/658647
910,658851,"Championnat de France des clubs N1B Poule 2, Stade Jean Gallet, Chartres",FRA,17 MAY 2026,17 MAY 2026,45,454,66755,910,66800,https://worldathletics.org/records/competition-performance-rankings/ranking/658851
911,662657,"4. kolo I. ligy mužů a žen, skupina C, Stadion TJ Lokomotiva, Breclav",CZE,22 AUG 2026,22 AUG 2026,0,,66794,908,66794,https://worldathletics.org/records/competition-performance-rankings/ranking/662657
912,655424,"Carifta Trials, Hasely Crawford Stadium, Port-of-Spain",TTO,28 FEB 2026,01 MAR 2026,0,,66730,911,66730,https://worldathletics.org/records/competition-performance-rankings/ranking/655424
913,662749,"Necheukhin Memorial, Yelena Yelesina Stadium, Chelyabinsk",RUS,06 AUG 2026,07 AUG 2026,0,,66726,912,66726,https://worldathletics.org/records/competition-performance-rankings/ranking/662749
914,655421,"ACNW League, McArthur Stadium, Potchefstroom",RSA,24 FEB 2026,24 FEB 2026,75,354,66641,916,66716,https://worldathletics.org/records/competition-performance-rankings/ranking/655421
915,657877,"CCIW Outdoor Track & Field Championships, Art Keller Field, Kenosha, WI",USA,01 MAY 2026,02 MAY 2026,0,,66686,913,66686,https://worldathletics.org/records/competition-performance-rankings/ranking/657877
916,657453,"47° Trofeo Liberazione, Campo Comunale, Modena",ITA,25 APR 2026,25 APR 2026,0,,66673,914,66673,https://worldathletics.org/records/competition-performance-rankings/ranking/657453
917,656756,"The 1st Miyazaki Athletics Records Meeting, Prefectural Yamanokuchi Athletics Stadium, Miyakonojo",JPN,11 APR 2026,12 APR 2026,30,520,66616,920,66646,https://worldathletics.org/records/competition-performance-rankings/ranking/656756
918,656109,"Hong Kong Athletics Series - Series 3, Kai Tak Youth Sports Ground, Hong Kong",HKG,21 MAR 2026,22 MAR 2026,0,,66639,917,66639,https://worldathletics.org/records/competition-performance-rankings/ranking/656109
919,657438,"Meeting Memorial Brandoli, Campo Comunale, Modena",ITA,26 APR 2026,26 APR 2026,0,,66634,918,66634,https://worldathletics.org/records/competition-performance-rankings/ranking/657438
920,659933,"2. kolo I. ligy mužů a žen, skupina C, Stadion Mládeže, Zlín",CZE,30 MAY 2026,30 MAY 2026,0,,66622,919,66622,https://worldathletics.org/records/competition-performance-rankings/ranking/659933
921,660292,"Campeonato Madrid U23/U18, Estadio Municipal Arganda, Arganda del Rey",ESP,06 JUN 2026,07 JUN 2026,0,,66612,921,66612,https://worldathletics.org/records/competition-performance-rankings/ranking/660292
922,663170,"SPAR NK Teams - 1e divisie Promotie/Degradatie, Atletiekbaan Breda, Breda",NED,13 SEP 2026,13 SEP 2026,50,434,66556,929,66606,https://worldathletics.org/records/competition-performance-rankings/ranking/663170
923,655321,"Illawarra Track Challenge, Kerryn McCann Athletic Centre, Wollongong",AUS,28 FEB 2026,28 FEB 2026,0,,66598,922,66598,https://worldathletics.org/records/competition-performance-rankings/ranking/655321
924,661464,"XXIV Gran Premio Los Corrales de Buelna, Pista atletismo Los Corrales, Los Corrales de Buelna",ESP,04 JUL 2026,04 JUL 2026,5,814,66588,923,66593,https://worldathletics.org/records/competition-performance-rankings/ranking/661464
925,657198,"Cougar Classic, Washington University Mooberry& TF Complex, Pullman, WA",USA,24 APR 2026,25 APR 2026,0,,66586,924,66586,https://worldathletics.org/records/competition-performance-rankings/ranking/657198
926,658620,"Nationales Auffahrts-Meeting, Stadion Hard, Langenthal",SUI,14 MAY 2026,14 MAY 2026,10,728,66573,925,66583,https://worldathletics.org/records/competition-performance-rankings/ranking/658620
927,660528,"6° Meeting Città di Piacenza, Campus Pino Dordoni, Piacenza",ITA,13 JUN 2026,13 JUN 2026,0,,66572,926,66572,https://worldathletics.org/records/competition-performance-rankings/ranking/660528
928,659242,"International Meeting Plovdiv, Plovdiv Stadium, Plovdiv",BUL,23 MAY 2026,23 MAY 2026,40,472,66529,933,66569,https://worldathletics.org/records/competition-performance-rankings/ranking/659242
929,657083,"Cal State LA Twilight Open, Cal State LA Jesse Owens Track, Los Angeles, CA",USA,16 APR 2026,16 APR 2026,25,567,66541,932,66566,https://worldathletics.org/records/competition-performance-rankings/ranking/657083
930,656999,"Nishinihon - Hakata Record eeting, Hakatanomori Athletic Stadium, Fukuoka",JPN,18 APR 2026,19 APR 2026,0,,66563,927,66563,https://worldathletics.org/records/competition-performance-rankings/ranking/656999
931,658870,"1. kolo I. ligy mužů a žen, skupina C, Městský atletický stadion Dany Zátopkové, Uherské Hradiste",CZE,16 MAY 2026,16 MAY 2026,0,,66558,928,66558,https://worldathletics.org/records/competition-performance-rankings/ranking/658870
932,660871,"17o Grand prix Orestia, Municipal Stadium, Argos Orestiko",GRE,20 JUN 2026,20 JUN 2026,0,,66553,930,66553,https://worldathletics.org/records/competition-performance-rankings/ranking/660871
933,661118,"Spanish U18 Championships by Regional Federations, CTD Adarraga, Logrono",ESP,28 JUN 2026,28 JUN 2026,0,,66543,931,66543,https://worldathletics.org/records/competition-performance-rankings/ranking/661118
934,658813,"Championnat de France des clubs N1B Poule 1, Stade J-P. David, Mantes-la-Jolie",FRA,17 MAY 2026,17 MAY 2026,90,326,66433,937,66523,https://worldathletics.org/records/competition-performance-rankings/ranking/658813
935,657764,"Chpts Interclubs LIFA - Elite-N1-N2 - Poule B, Stade A. Delaune, Maisons-Alfort",FRA,03 MAY 2026,03 MAY 2026,0,,66520,934,66520,https://worldathletics.org/records/competition-performance-rankings/ranking/657764
936,662708,"Belgian U18 Championships, Naimette-Xhovémont",BEL,29 AUG 2026,30 AUG 2026,0,,66503,935,66503,https://worldathletics.org/records/competition-performance-rankings/ranking/662708
937,661644,"Flying Angels International Track & Field Classic, Terry Fox Stadium, Brampton",CAN,03 JUL 2026,05 JUL 2026,5,814,66483,936,66488,https://worldathletics.org/records/competition-performance-rankings/ranking/661644
938,653388,"New Zealand Short Track Championships, Mitre10 Sports Park, Hastings",NZL,17 JAN 2026,17 JAN 2026,80,342,66356,947,66436,https://worldathletics.org/records/competition-performance-rankings/ranking/653388
939,656735,"Festival Nocturno FMDAM de Fondo y Medio Fondo, Pista de Atletismo del Centro Deportivo Benito Juárez, Mazatlán",MEX,10 APR 2026,11 APR 2026,0,,66429,938,66429,https://worldathletics.org/records/competition-performance-rankings/ranking/656735
940,656318,"Billiken Invitational, Saint Louis University Stadium, Saint Louis, MO",USA,28 MAR 2026,28 MAR 2026,0,,66423,939,66423,https://worldathletics.org/records/competition-performance-rankings/ranking/656318
941,660267,"MCAA Senior & U20 Championships, Pingles Stadium, Nuneaton",GBR,06 JUN 2026,07 JUN 2026,5,814,66398,940,66403,https://worldathletics.org/records/competition-performance-rankings/ranking/660267
942,655926,"Jayhawk Spring Fling, Rock Chalk Park, Lawrence, KS",USA,21 MAR 2026,21 MAR 2026,40,472,66358,946,66398,https://worldathletics.org/records/competition-performance-rankings/ranking/655926
943,660563,"Indian Athletics Series-12, Chhotubhai Purani Sports Complex, Nadiad",IND,16 JUN 2026,16 JUN 2026,0,,66395,941,66395,https://worldathletics.org/records/competition-performance-rankings/ranking/660563
944,660209,"Nikos Zachariadis, Kaftanzoglio Stadium, Thessaloniki",GRE,06 JUN 2026,06 JUN 2026,5,814,66388,942,66393,https://worldathletics.org/records/competition-performance-rankings/ranking/660209
945,657830,"Todd Pfingston Open, Track & Field Complex, Mankato, MN",USA,29 APR 2026,29 APR 2026,0,,66388,942,66388,https://worldathletics.org/records/competition-performance-rankings/ranking/657830
946,659312,"Meeting Saint-Denis Émotion n°1, Stade Annexe Stade de France, St-Denis",FRA,25 MAY 2026,25 MAY 2026,10,728,66373,945,66383,https://worldathletics.org/records/competition-performance-rankings/ranking/659312
947,660343,"Spanish U16 Championships, Estadi Olímpic Camilo Cano, La Nucia",ESP,06 JUN 2026,07 JUN 2026,0,,66374,944,66374,https://worldathletics.org/records/competition-performance-rankings/ranking/660343
948,661606,"SFIM i friidrott, Urheilukeskus, Pedersöre",FIN,10 JUL 2026,11 JUL 2026,20,599,66311,950,66331,https://worldathletics.org/records/competition-performance-rankings/ranking/661606
949,662251,"National League Final, Morton Stadium, Santry, Dublin",IRL,09 AUG 2026,09 AUG 2026,10,728,66316,948,66326,https://worldathletics.org/records/competition-performance-rankings/ranking/662251
950,658822,"CDS Assoluto Puglia, Stadio M.S. Cozzoli, Molfetta",ITA,16 MAY 2026,17 MAY 2026,10,728,66306,951,66316,https://worldathletics.org/records/competition-performance-rankings/ranking/658822
951,659393,"Mistrzostwa Województwa Śląskiego, Stadion OSiR, Racibórz",POL,23 MAY 2026,24 MAY 2026,0,,66315,949,66315,https://worldathletics.org/records/competition-performance-rankings/ranking/659393
952,659317,"PURE Athletics Sprint Elite Meet, National Training Center, Clermont, FL",USA,24 MAY 2026,24 MAY 2026,335,138,65977,975,66312,https://worldathletics.org/records/competition-performance-rankings/ranking/659317
953,661120,"Meeting CJF Saint-Malo, Stade de Marville, St-Malo",FRA,28 JUN 2026,28 JUN 2026,0,,66303,952,66303,https://worldathletics.org/records/competition-performance-rankings/ranking/661120
954,661784,"Romanian U23 Championships, Stadionul Cetate, Deva",ROU,18 JUL 2026,19 JUL 2026,5,814,66285,953,66290,https://worldathletics.org/records/competition-performance-rankings/ranking/661784
955,662353,"The 102nd WASEDA & KEIO Athletic Meet, Keio Univ. Hiyoshi Athletics Field, Yokohama",JPN,11 AUG 2026,11 AUG 2026,5,814,66279,955,66284,https://worldathletics.org/records/competition-performance-rankings/ranking/662353
956,656484,"Spring - Hakata Record Meeting Games, Hakatanomori Athletic Stadium, Fukuoka",JPN,04 APR 2026,05 APR 2026,0,,66282,954,66282,https://worldathletics.org/records/competition-performance-rankings/ranking/656484
957,660508,"Etapa II a Campionatelor Nationale Aer Liber - S, U23, U20, U18, U16, Stadionul de atletism ""Nicolae Mărășescu"", Craiova",ROU,13 JUN 2026,14 JUN 2026,10,728,66271,956,66281,https://worldathletics.org/records/competition-performance-rankings/ranking/660508
958,656605,"Northeast Ohio Open, Lee R. JacksonT&F Complex, Akron, OH",USA,09 APR 2026,10 APR 2026,10,728,66246,957,66256,https://worldathletics.org/records/competition-performance-rankings/ranking/656605
959,657584,"53. Leichtathletikmeeting Willisau, Sportzentrum Schlossfeld, Willisau",SUI,02 MAY 2026,02 MAY 2026,0,,66204,958,66204,https://worldathletics.org/records/competition-performance-rankings/ranking/657584
960,662546,"4J Studios scottishathletics U20 Championships, Grangemouth Sports Stadium, Grangemouth",GBR,22 AUG 2026,23 AUG 2026,0,,66197,959,66197,https://worldathletics.org/records/competition-performance-rankings/ranking/662546
961,654336,"Sally Pearson Shield, Performance Centre, Gold Coast",AUS,07 FEB 2026,07 FEB 2026,0,,66196,960,66196,https://worldathletics.org/records/competition-performance-rankings/ranking/654336
962,655925,"8th Chukyo University Saturday Competition, Chukyo University Athletics Field, Toyota",JPN,21 MAR 2026,21 MAR 2026,10,728,66172,962,66182,https://worldathletics.org/records/competition-performance-rankings/ranking/655925
963,662524,"National Athletics League - Regional North, Longford Stadium Trafford, Manchester",GBR,22 AUG 2026,22 AUG 2026,0,,66180,961,66180,https://worldathletics.org/records/competition-performance-rankings/ranking/662524
964,658915,"39. Int. Ludwig-Jall-Sportfest, Dantestadion, München",GER,16 MAY 2026,16 MAY 2026,0,,66163,963,66163,https://worldathletics.org/records/competition-performance-rankings/ranking/658915
965,657633,"Magyar Egyetemi - Főiskolai Országos Atlétikai Bajnokság, MATE Atlétika Centrum, Gödöllő",HUN,01 MAY 2026,02 MAY 2026,0,,66132,964,66132,https://worldathletics.org/records/competition-performance-rankings/ranking/657633
966,659234,"Meeting Citta Bolzano Alto Adige, Campo Coni, Bolzano",ITA,24 MAY 2026,24 MAY 2026,5,814,66117,965,66122,https://worldathletics.org/records/competition-performance-rankings/ranking/659234
967,655408,"1er Meeting Inter Clubs, Complexe Sportif D'olembe, Yaoundé",CMR,28 FEB 2026,01 MAR 2026,15,664,66101,967,66116,https://worldathletics.org/records/competition-performance-rankings/ranking/655408
968,660752,"National League Preliminary Round, Tullamore Harriers AC Stadium, Tullamore",IRL,20 JUN 2026,20 JUN 2026,0,,66103,966,66103,https://worldathletics.org/records/competition-performance-rankings/ranking/660752
969,660703,"2ème Aix en Piste, Stade Georges Carcassone, Aix-en-Provence",FRA,19 JUN 2026,19 JUN 2026,0,,66094,968,66094,https://worldathletics.org/records/competition-performance-rankings/ranking/660703
970,661812,"Campionati Toscani Assolti e Promesse, Stadio Corsini, Fucecchio",ITA,17 JUL 2026,18 JUL 2026,0,,66083,969,66083,https://worldathletics.org/records/competition-performance-rankings/ranking/661812
971,657806,"XXXVIII^ Trofeo Maurina, Campo Angelo Lagorio, Imperia",ITA,02 MAY 2026,02 MAY 2026,20,599,66047,970,66067,https://worldathletics.org/records/competition-performance-rankings/ranking/657806
972,654300,"Team Ledger Harcourts Capital Classic, Newtown Park Stadium, Wellington",NZL,01 FEB 2026,01 FEB 2026,75,354,65988,974,66063,https://worldathletics.org/records/competition-performance-rankings/ranking/654300
973,657759,"Chpts Interclubs LIFA-Elite-N1-N2-Poule A, Stade Alain Mimoun, Noisy-le-Grand",FRA,03 MAY 2026,03 MAY 2026,10,728,66036,971,66046,https://worldathletics.org/records/competition-performance-rankings/ranking/657759
974,661571,"Ecuadorian U23 Championships, La Vicentina, Quito",ECU,11 JUL 2026,12 JUL 2026,25,567,66014,973,66039,https://worldathletics.org/records/competition-performance-rankings/ranking/661571
975,661642,"Campionati Regionali Individuali Assoluti, Stadio Comunale, Pieve del Grappa",ITA,11 JUL 2026,12 JUL 2026,0,,66015,972,66015,https://worldathletics.org/records/competition-performance-rankings/ranking/661642
976,656360,"Regional Apizaco Tlax. Región 5 ON Conade, Estadio Una Nueva Historia, Tlaxcala",MEX,26 MAR 2026,29 MAR 2026,20,599,65956,979,65976,https://worldathletics.org/records/competition-performance-rankings/ranking/656360
977,657067,"George Davis Invite, Cushing Field Complex, Lowell, MA",USA,17 APR 2026,18 APR 2026,0,,65970,976,65970,https://worldathletics.org/records/competition-performance-rankings/ranking/657067
978,658957,"Surrey County Track and Field Championships, Weir Archer Athletics and Fitness Centre, Kingston, London",GBR,09 MAY 2026,10 MAY 2026,0,,65967,977,65967,https://worldathletics.org/records/competition-performance-rankings/ranking/658957
979,659809,"Mistrzostwa Wielkopolski U18 & U20, Golęcin Stadion, Poznan",POL,30 MAY 2026,31 MAY 2026,15,664,65951,980,65966,https://worldathletics.org/records/competition-performance-rankings/ranking/659809
980,661347,"Irish U23 Championships, Tullamore Harriers AC Stadium, Tullamore",IRL,04 JUL 2026,05 JUL 2026,0,,65964,978,65964,https://worldathletics.org/records/competition-performance-rankings/ranking/661347
981,659939,"Tjalvelekene, Bislett Stadion, Oslo",NOR,29 MAY 2026,31 MAY 2026,0,,65948,981,65948,https://worldathletics.org/records/competition-performance-rankings/ranking/659939
982,659260,"Leinster Senior, U20 & Master Championships, South Sports Campus, Carlow",IRL,23 MAY 2026,24 MAY 2026,5,814,65942,982,65947,https://worldathletics.org/records/competition-performance-rankings/ranking/659260
983,657363,"Tigres Invitational, Pista del CARE, Monterrey",MEX,18 APR 2026,18 APR 2026,0,,65908,983,65908,https://worldathletics.org/records/competition-performance-rankings/ranking/657363
984,661013,"Open Meeting, Sportcentrum De Rode Loop, Merksem, Antwerpen",BEL,21 JUN 2026,21 JUN 2026,15,664,65890,985,65905,https://worldathletics.org/records/competition-performance-rankings/ranking/661013
985,661146,"National Juvenile Championships, Tullamore Harriers AC Stadium, Tullamore",IRL,27 JUN 2026,28 JUN 2026,0,,65899,984,65899,https://worldathletics.org/records/competition-performance-rankings/ranking/661146
986,660630,"CRL Meeting Bronze Lombardia - Vi° Memorial Avigo Andrea, Centro Gabre Gabric, Brescia",ITA,17 JUN 2026,17 JUN 2026,0,,65887,986,65887,https://worldathletics.org/records/competition-performance-rankings/ranking/660630
987,660599,"Campeonato Paulista Loterias Caixa De Atletismo Sub-20, COTP Stadium, São Paulo",BRA,05 JUN 2026,07 JUN 2026,0,,65840,987,65840,https://worldathletics.org/records/competition-performance-rankings/ranking/660599
988,661774,"5th Kyushu Kyoritsu University Challenge Meet, Kyushu Kyoritsu University Stadium, Kitakyushu",JPN,18 JUL 2026,18 JUL 2026,30,520,65808,988,65838,https://worldathletics.org/records/competition-performance-rankings/ranking/661774
989,659510,"Meeting National Albert Rivet de Grenoble, Stade Bachelard, Grenoble",FRA,27 MAY 2026,27 MAY 2026,25,567,65795,989,65820,https://worldathletics.org/records/competition-performance-rankings/ranking/659510
990,661115,"Lublin Athletics Cup. Memoriał Wiśniewskiego i Kleczka, Athletics Stadium, Lublin",POL,20 JUN 2026,20 JUN 2026,5,814,65791,990,65796,https://worldathletics.org/records/competition-performance-rankings/ranking/661115
991,660993,"Jornadas Competitivas, Complexo Desportivo Fernando Mamede, Beja",POR,19 JUN 2026,19 JUN 2026,5,814,65790,991,65795,https://worldathletics.org/records/competition-performance-rankings/ranking/660993
992,656446,"Electric City Invitational, Anderson University Athletic Campus, Anderson, SC",USA,03 APR 2026,04 APR 2026,0,,65784,992,65784,https://worldathletics.org/records/competition-performance-rankings/ranking/656446
993,660828,"Campeonato Andalucia U23, Estadio Municipal Emilio Hidalgo, Motril",ESP,20 JUN 2026,20 JUN 2026,0,,65775,993,65775,https://worldathletics.org/records/competition-performance-rankings/ranking/660828
993,661082,"SEAA U14/U16/U18 Championships, Chelmsford Sport And Athletics Centre Melbourne Park, Chelmsford",GBR,27 JUN 2026,28 JUN 2026,0,,65775,993,65775,https://worldathletics.org/records/competition-performance-rankings/ranking/661082
995,661394,"Régionaux CJES sauf demi-fond, Stade Léo Lagrange, Lens",FRA,05 JUL 2026,05 JUL 2026,10,728,65727,996,65737,https://worldathletics.org/records/competition-performance-rankings/ranking/661394
996,657394,"UW-Whitewater Drake Alternative, UW - Rex Foster at Fiskum Field, Whitewater, WI",USA,25 APR 2026,25 APR 2026,0,,65735,995,65735,https://worldathletics.org/records/competition-performance-rankings/ranking/657394
997,659457,"Chpts Interclubs LIFA - Finale Nationale 2, Stade des Maradas, Cergy-Pontoise",FRA,16 MAY 2026,16 MAY 2026,0,,65724,997,65724,https://worldathletics.org/records/competition-performance-rankings/ranking/659457
998,656209,"Bryant Black and Gold Invitational, Bryant Track & Turf Complex, Smithfield, RI",USA,27 MAR 2026,27 MAR 2026,0,,65709,998,65709,https://worldathletics.org/records/competition-performance-rankings/ranking/656209
999,658456,"Senior & U20 Regional Club Championships - Region 1, National Stadium, Serres",GRE,09 MAY 2026,10 MAY 2026,20,599,65688,1000,65708,https://worldathletics.org/records/competition-performance-rankings/ranking/658456
1000,656368,"Husker Spring Kick-Off, Ed Weir Outdoor Track, Lincoln, NE",USA,03 APR 2026,03 APR 2026,100,311,65603,1007,65703,https://worldathletics.org/records/competition-performance-rankings/ranking/656368
1001,657800,"1er tour Interclubs Poule 35, Stade Jean Manfredi, Fougéres",FRA,03 MAY 2026,03 MAY 2026,0,,65690,999,65690,https://worldathletics.org/records/competition-performance-rankings/ranking/657800
1002,660366,"MTV Meet-IN mit BM Hindernis, MTV Stadion, Ingolstadt",GER,12 JUN 2026,12 JUN 2026,0,,65666,1001,65666,https://worldathletics.org/records/competition-performance-rankings/ranking/660366
1003,661661,"Häme Games, Peltosaaren yleisurheilukenttä, Riihimäki",FIN,14 JUL 2026,14 JUL 2026,0,,65653,1002,65653,https://worldathletics.org/records/competition-performance-rankings/ranking/661661
1004,660350,"Olympians Classic, Usain Bolt Complex, Bridgetown",BAR,06 JUN 2026,07 JUN 2026,0,,65646,1003,65646,https://worldathletics.org/records/competition-performance-rankings/ranking/660350
1005,660459,"SSA Championships, Foothills Athletic Park, Calgary",CAN,05 JUN 2026,06 JUN 2026,0,,65645,1004,65645,https://worldathletics.org/records/competition-performance-rankings/ranking/660459
1006,661160,"Otwarte Mistrzostwa Ostrowa Wielkopolskiego, Stadion KS STAL, Ostrów Wielkopolski",POL,27 JUN 2026,27 JUN 2026,0,,65641,1005,65641,https://worldathletics.org/records/competition-performance-rankings/ranking/661160
1007,655665,"QWICK Meet, GC Foster College, Spanish Town",JAM,07 MAR 2026,07 MAR 2026,230,183,65397,1027,65627,https://worldathletics.org/records/competition-performance-rankings/ranking/655665
1008,654642,"Denise Boyd Shield, QSAC State Athletics Facility, Nathan, Brisbane",AUS,14 FEB 2026,14 FEB 2026,0,,65608,1006,65608,https://worldathletics.org/records/competition-performance-rankings/ranking/654642
1009,662364,"31st Toyama CUP in Athletics, Athletics Stadium, Toyama",JPN,08 AUG 2026,09 AUG 2026,0,,65578,1008,65578,https://worldathletics.org/records/competition-performance-rankings/ranking/662364
1010,658649,"Spanish Clubs Championships Primera Division Liga Iberdrola-Leg 2-Match D, Polideportivo Municipal, Villafranca de los Barros",ESP,17 MAY 2026,17 MAY 2026,0,,65570,1009,65570,https://worldathletics.org/records/competition-performance-rankings/ranking/658649
1011,656208,"New Mexico Spring Invitational, UNM Track Stadium, Albuquerque, NM",USA,28 MAR 2026,28 MAR 2026,0,,65557,1010,65557,https://worldathletics.org/records/competition-performance-rankings/ranking/656208
1012,660368,"MEB Schools Juniors National Championship Group A, Sazova Athletics Facility, Eskisehir",TUR,16 MAY 2026,17 MAY 2026,0,,65553,1011,65553,https://worldathletics.org/records/competition-performance-rankings/ranking/660368
1013,657731,"Memphis Tiger Invitational, Billy J. Murphy Track and Field Complex, Memphis, TN",USA,01 MAY 2026,02 MAY 2026,15,664,65522,1012,65537,https://worldathletics.org/records/competition-performance-rankings/ranking/657731
1014,658879,"Finale Interclubs N2 AURA, Stade J. Le Mouton, Villefranche-sur-Saone",FRA,17 MAY 2026,17 MAY 2026,0,,65518,1013,65518,https://worldathletics.org/records/competition-performance-rankings/ranking/658879
1015,659158,"4ème Meeting Fédéral, Fes",MAR,26 APR 2026,26 APR 2026,0,,65512,1014,65512,https://worldathletics.org/records/competition-performance-rankings/ranking/659158
1016,661238,"The Village Power Shot, National Stadium, Gaborone",BOT,27 JUN 2026,27 JUN 2026,15,664,65488,1017,65503,https://worldathletics.org/records/competition-performance-rankings/ranking/661238
1017,657376,"Meeting della Liberazione - Siena, Campo Scuola Renzo Corsi, Siena",ITA,25 APR 2026,25 APR 2026,20,599,65480,1018,65500,https://worldathletics.org/records/competition-performance-rankings/ranking/657376
1018,660253,"Mistrovství JčKAS, KKAS a PKAS mužů, žen, juniorů, juniorek, dorostenců, dorostenek, Stadion Míru, Tábor",CZE,06 JUN 2026,06 JUN 2026,0,,65498,1015,65498,https://worldathletics.org/records/competition-performance-rankings/ranking/660253
1018,660445,"Meeting National de Pézenas, Stade Municipal, Pezenas",FRA,13 JUN 2026,13 JUN 2026,60,393,65438,1023,65498,https://worldathletics.org/records/competition-performance-rankings/ranking/660445
1020,661055,"Sportland Cup IV, Jāņa Daliņa Stadium, Valmiera",LAT,27 JUN 2026,27 JUN 2026,5,814,65490,1016,65495,https://worldathletics.org/records/competition-performance-rankings/ranking/661055
1021,661469,"Algerian U20 Championships, Lala Setti Athletics Stadium",ALG,06 JUL 2026,08 JUL 2026,20,599,65460,1021,65480,https://worldathletics.org/records/competition-performance-rankings/ranking/661469
1022,655080,"Egypt Winter Cup, Suez Canal Authority Stadium, Ismailia",EGY,23 FEB 2026,23 FEB 2026,100,311,65375,1030,65475,https://worldathletics.org/records/competition-performance-rankings/ranking/655080
1023,658457,"Flag of Iksan Jewelry National Athletics Meeting, Iksan Sports Complex, Iksan",KOR,08 APR 2026,11 APR 2026,0,,65472,1019,65472,https://worldathletics.org/records/competition-performance-rankings/ranking/658457
1024,659988,"2. kolo II. ligy mužů a žen, skupina A, Mestský Stadion Sletište, Kladno",CZE,30 MAY 2026,30 MAY 2026,5,814,65464,1020,65469,https://worldathletics.org/records/competition-performance-rankings/ranking/659988
1025,658468,"Senior & U20 Regional Club Championships - Region 7, Agios Kosmas Training Center, Elliniko, Athina",GRE,09 MAY 2026,10 MAY 2026,20,599,65440,1022,65460,https://worldathletics.org/records/competition-performance-rankings/ranking/658468
1026,663482,"42nd Hokkaido High School Rookies’ Meeting, Dock Sports Garden, Hakodate",JPN,16 SEP 2026,18 SEP 2026,0,,65433,1024,65433,https://worldathletics.org/records/competition-performance-rankings/ranking/663482
1027,659105,"Inklusives Rolf-Watter-Sportfest 2026, Sportanlage am Weinweg, Regensburg",GER,23 MAY 2026,23 MAY 2026,5,814,65420,1026,65425,https://worldathletics.org/records/competition-performance-rankings/ranking/659105
1028,656816,"Central Washington Wildcat Invitational, Recreation Sports Complex, Ellensburg, WA",USA,10 APR 2026,11 APR 2026,0,,65422,1025,65422,https://worldathletics.org/records/competition-performance-rankings/ranking/656816
1029,659675,"Meeting régional du SEC, Stade de la Rudelière, Les Sables d'Olonne",FRA,30 MAY 2026,30 MAY 2026,5,814,65396,1028,65401,https://worldathletics.org/records/competition-performance-rankings/ranking/659675
1030,658632,"Fapur-Circuit B Road to National, Pista UAGM, Gurabo",PUR,16 MAY 2026,16 MAY 2026,45,454,65352,1033,65397,https://worldathletics.org/records/competition-performance-rankings/ranking/658632
1031,663006,"55th Fall National Middle&High School Athletics Meeting, Boeun Public Stadium, Boeun",KOR,06 AUG 2026,10 AUG 2026,0,,65378,1029,65378,https://worldathletics.org/records/competition-performance-rankings/ranking/663006
1032,663622,"Czech U18 Team Championships, Atletický stadion města Plzně, Plzeň",CZE,27 SEP 2026,27 SEP 2026,0,,65375,1030,65375,https://worldathletics.org/records/competition-performance-rankings/ranking/663622
1033,661354,"Portuguese U18 Outdoor Championships, Complexo Desportivo Fernando Mamede, Beja",POR,04 JUL 2026,05 JUL 2026,0,,65369,1032,65369,https://worldathletics.org/records/competition-performance-rankings/ranking/661354
1034,660172,"Venezuelan U20 Championships / Clasificatorio a Juegos Nacionales Juveniles, Estadio Brigido Iriarte, Caracas",VEN,05 JUN 2026,07 JUN 2026,0,,65337,1034,65337,https://worldathletics.org/records/competition-performance-rankings/ranking/660172
1035,662609,"4. kolo 1. ligy mužů a žen skupina B, Městský atletický stadion, Pardubice",CZE,22 AUG 2026,22 AUG 2026,0,,65325,1035,65325,https://worldathletics.org/records/competition-performance-rankings/ranking/662609
1036,657833,"18de ACHL 1 mei Athletics Classic Meeting, Sport Vlaanderen Herentals, Herentals",BEL,01 MAY 2026,01 MAY 2026,15,664,65255,1037,65270,https://worldathletics.org/records/competition-performance-rankings/ranking/657833
1037,659878,"Battle Road Twilight Series Meet 2, MIT Sherie and Don Morrison Track, Cambridge, MA",USA,16 MAY 2026,16 MAY 2026,0,,65265,1036,65265,https://worldathletics.org/records/competition-performance-rankings/ranking/659878
1038,658981,"Leinster Schools Track & Field Championships, Tullamore Harriers AC Stadium, Tullamore",IRL,18 MAY 2026,20 MAY 2026,0,,65237,1038,65237,https://worldathletics.org/records/competition-performance-rankings/ranking/658981
1039,659394,"Ludvík Daněk Memorial, Atletický stadion Turnov, Turnov",CZE,26 MAY 2026,26 MAY 2026,15,664,65215,1039,65230,https://worldathletics.org/records/competition-performance-rankings/ranking/659394
1040,660018,"55th Spring National Middle&High School Athletics Meeting, Yecheon Stadium, Yecheon",KOR,19 APR 2026,23 APR 2026,0,,65190,1040,65190,https://worldathletics.org/records/competition-performance-rankings/ranking/660018
1041,656766,"Copa Federación Venezolana de Atletismo, Estadio Brigido Iriarte, Caracas",VEN,10 APR 2026,10 APR 2026,10,728,65167,1042,65177,https://worldathletics.org/records/competition-performance-rankings/ranking/656766
1042,658645,"Spanish Clubs Championships Primera Division Liga Joma-Leg 2-Match D, Estadio de Larrabide, Pamplona",ESP,17 MAY 2026,17 MAY 2026,50,434,65121,1044,65171,https://worldathletics.org/records/competition-performance-rankings/ranking/658645
1043,657136,"Kazakh U20 Championships, Kazhymukan Munaitpasov Stadium, Shimkent",KAZ,22 APR 2026,24 APR 2026,0,,65168,1041,65168,https://worldathletics.org/records/competition-performance-rankings/ranking/657136
1044,656848,"UW-Oshkosh Titan Invitational, J.J. Keller Field Titan Stadium, Oshkosh, WI",USA,10 APR 2026,11 APR 2026,0,,65151,1043,65151,https://worldathletics.org/records/competition-performance-rankings/ranking/656848
1045,660280,"Provas Extra - Meeting Cidade Lisboa, Estadio Universitario, Lisboa",POR,10 JUN 2026,10 JUN 2026,5,814,65091,1045,65096,https://worldathletics.org/records/competition-performance-rankings/ranking/660280
1046,663504,"ASICS Dutch U18 Championships, Atletiekbaan Maarschalkerweerd, Utrecht",NED,18 SEP 2026,20 SEP 2026,0,,65085,1046,65085,https://worldathletics.org/records/competition-performance-rankings/ranking/663504
1047,657581,"Championnats de Belgique Universitaires, Piste Olympique Adeps de Jambes, Jambes",BEL,01 MAY 2026,01 MAY 2026,5,814,65074,1048,65079,https://worldathletics.org/records/competition-performance-rankings/ranking/657581
1047,662200,"24th Flag of KJAF President National Middle&High School Athletics Championships, Jeongseon Sports Complex, Jeongseon",KOR,17 JUL 2026,20 JUL 2026,0,,65079,1047,65079,https://worldathletics.org/records/competition-performance-rankings/ranking/662200
1049,657879,"Meeting do Trabalhador + Km Regional, Estádio 1o de Maio, Lisboa",POR,01 MAY 2026,01 MAY 2026,0,,65069,1049,65069,https://worldathletics.org/records/competition-performance-rankings/ranking/657879
1050,659751,"Spanish Clubs Championships Segunda Division Liga Iberdrola-Women's Final A, Pistas Purificación Santamarta, Burgos",ESP,31 MAY 2026,31 MAY 2026,0,,65064,1050,65064,https://worldathletics.org/records/competition-performance-rankings/ranking/659751
1051,660469,"Slovenian U18 Championships, Športni center Vinko Cajnko, Slovenj Gradec",SLO,13 JUN 2026,14 JUN 2026,0,,65028,1051,65028,https://worldathletics.org/records/competition-performance-rankings/ranking/660469
1052,660485,"Meeting Patrick Chauvel, Stade Complexe Sportif Jean-Paul Chasseboeuf, Pacé",FRA,14 JUN 2026,14 JUN 2026,0,,65015,1052,65015,https://worldathletics.org/records/competition-performance-rankings/ranking/660485
1053,662327,"Westinghouse Gurkspel, Arosvallen, Västerås",SWE,08 AUG 2026,09 AUG 2026,15,664,64994,1054,65009,https://worldathletics.org/records/competition-performance-rankings/ranking/662327
1054,656361,"Regional Tepic Nay. Región 3 ON Conade, Estadio Olímpico Santa Teresita, Tepic",MEX,26 MAR 2026,29 MAR 2026,0,,64997,1053,64997,https://worldathletics.org/records/competition-performance-rankings/ranking/656361
1055,661272,"Meeting EASQY, Stade Maurice Baquet, Guyancourt",FRA,01 JUL 2026,01 JUL 2026,0,,64959,1055,64959,https://worldathletics.org/records/competition-performance-rankings/ranking/661272
1056,658648,"Spanish Clubs Championships Primera Division Liga Iberdrola-Leg 2-Match C, Pista de Atletismo de Landako, Durango",ESP,17 MAY 2026,17 MAY 2026,10,728,64945,1057,64955,https://worldathletics.org/records/competition-performance-rankings/ranking/658648
1057,660959,"Otwarte Mistrzostwa Tarnowa, Sokołów Cup, Sokołów Awards Competition, Stadion TOSiR, Tarnów",POL,20 JUN 2026,20 JUN 2026,0,,64947,1056,64947,https://worldathletics.org/records/competition-performance-rankings/ranking/660959
1058,662531,"Kampioenschap van Vlaanderen Cadetten en Scholieren, Putbosstadion, Oordegem",BEL,15 AUG 2026,15 AUG 2026,0,,64929,1058,64929,https://worldathletics.org/records/competition-performance-rankings/ranking/662531
1059,657937,"1. Semifinále Mistrovství Moravy a Slezska družstev juniorstva, Stadion TJ Lokomotiva, Breclav",CZE,03 MAY 2026,03 MAY 2026,0,,64909,1059,64909,https://worldathletics.org/records/competition-performance-rankings/ranking/657937
1060,658068,"Nebraska Spring Tune-Up, Ed Weir Outdoor Track, Lincoln, NE",USA,09 MAY 2026,09 MAY 2026,75,354,64808,1062,64883,https://worldathletics.org/records/competition-performance-rankings/ranking/658068
1061,659164,"National Athletics League - Regional South, K2 Track, Crawley",GBR,23 MAY 2026,23 MAY 2026,5,814,64873,1060,64878,https://worldathletics.org/records/competition-performance-rankings/ranking/659164
1062,655249,"6th National Qualifier Meet for Men Senior and 4th Women (U16 & U20), King Saud Sports Stadium, Al-Bahah",KSA,26 FEB 2026,28 FEB 2026,0,,64861,1061,64861,https://worldathletics.org/records/competition-performance-rankings/ranking/655249
1063,658133,"Nationales Sportfest des Hamburger SV, Jahnkampfbahn, Hamburg",GER,09 MAY 2026,09 MAY 2026,10,728,64774,1064,64784,https://worldathletics.org/records/competition-performance-rankings/ranking/658133
1064,660754,"Tailteann Interprovincial Championships, South Eastern Technical University-SETU, Carlow",IRL,20 JUN 2026,20 JUN 2026,0,,64779,1063,64779,https://worldathletics.org/records/competition-performance-rankings/ranking/660754
1065,657842,"Landmark Conference Outdoor Track & Field Championship, Juniata Col. Knox Stadium Oller Track, Huntingdon, PA",USA,02 MAY 2026,03 MAY 2026,0,,64743,1065,64743,https://worldathletics.org/records/competition-performance-rankings/ranking/657842
1066,658255,"Midwest Conference Outdoor Championship, Ash Park Stadium, Mount Vernon, IA",USA,08 MAY 2026,09 MAY 2026,0,,64732,1066,64732,https://worldathletics.org/records/competition-performance-rankings/ranking/658255
1067,658221,"Grand Prix Mingels, Boudewijnstadion, Bruxelles",BEL,10 MAY 2026,10 MAY 2026,0,,64719,1067,64719,https://worldathletics.org/records/competition-performance-rankings/ranking/658221
1068,661779,"Queenatletica Arco Games, Centro Sportivo, Arco",ITA,18 JUL 2026,18 JUL 2026,135,262,64532,1080,64667,https://worldathletics.org/records/competition-performance-rankings/ranking/661779
1069,658561,"Kagoshima Prefecture 3rd Track and Field Meet, Kamoike Auxiliary Stadium, Kagoshima",JPN,03 MAY 2026,04 MAY 2026,0,,64665,1068,64665,https://worldathletics.org/records/competition-performance-rankings/ranking/658561
1070,661113,"Campeonato Cataluña U20, Estadi Municipal Josep Maria Pallàs, Vic",ESP,28 JUN 2026,28 JUN 2026,0,,64661,1069,64661,https://worldathletics.org/records/competition-performance-rankings/ranking/661113
1071,661255,"Mityng DZLA, Stadion Miejski, Jelenia Góra",POL,27 JUN 2026,27 JUN 2026,0,,64660,1070,64660,https://worldathletics.org/records/competition-performance-rankings/ranking/661255
1072,655443,"Colorado Last Chance, Colorado-Indoor Practice Facility, Boulder, CO",USA,20 FEB 2026,20 FEB 2026,40,472,64598,1073,64638,https://worldathletics.org/records/competition-performance-rankings/ranking/655443
1072,657643,"VS open meeting, Putbosstadion, Oordegem",BEL,01 MAY 2026,01 MAY 2026,0,,64638,1071,64638,https://worldathletics.org/records/competition-performance-rankings/ranking/657643
1074,661265,"Meeting des Abeilles, Complexe Sportif du Haut-Touquet, Marquette-lez-Lille",FRA,01 JUL 2026,01 JUL 2026,0,,64607,1072,64607,https://worldathletics.org/records/competition-performance-rankings/ranking/661265
1075,661173,"Campionati Regionali Individuali Juniores/Promesse, Stadio Romeo Galli, Imola",ITA,27 JUN 2026,28 JUN 2026,0,,64589,1074,64589,https://worldathletics.org/records/competition-performance-rankings/ranking/661173
1076,656321,"Mark A. Phillips Tiger Classic, Cowley Sport Complex, Arkansas City, KS",USA,28 MAR 2026,28 MAR 2026,0,,64587,1075,64587,https://worldathletics.org/records/competition-performance-rankings/ranking/656321
1077,658849,"2ème tour des Interclubs BRE, Stade de Courtemanche, Rennes",FRA,17 MAY 2026,17 MAY 2026,20,599,64557,1076,64577,https://worldathletics.org/records/competition-performance-rankings/ranking/658849
1078,662450,"Flag of MCST 47th National Athletics Meeting, Jeju Seogwipo Kangchanghak Stadium, Jeju",KOR,31 JUL 2026,02 AUG 2026,0,,64554,1077,64554,https://worldathletics.org/records/competition-performance-rankings/ranking/662450
1079,659042,"SPAR Competitie 1e Divisie Poule 2 R1, Sportpark Valkenhuizen, Arnhem",NED,17 MAY 2026,17 MAY 2026,0,,64541,1078,64541,https://worldathletics.org/records/competition-performance-rankings/ranking/659042
1080,656834,"Utah Spring Classic, McCarthy Track & Field Complex, Salt Lake City, UT",USA,10 APR 2026,11 APR 2026,0,,64537,1079,64537,https://worldathletics.org/records/competition-performance-rankings/ranking/656834
1081,653428,"Alana Boyd Shield, QSAC State Athletics Facility, Nathan, Brisbane",AUS,17 JAN 2026,17 JAN 2026,10,728,64505,1081,64515,https://worldathletics.org/records/competition-performance-rankings/ranking/653428
1082,658619,"Spanish Clubs Championships Primera Division Liga Joma-Leg 2-Match B, Pista de Atletismo de Landako, Durango",ESP,16 MAY 2026,16 MAY 2026,0,,64500,1082,64500,https://worldathletics.org/records/competition-performance-rankings/ranking/658619
1083,661908,"Japan Inter-Corporate Premium Challenge Games In Toyama, Athletics Stadium, Toyama",JPN,18 JUL 2026,19 JUL 2026,10,728,64489,1083,64499,https://worldathletics.org/records/competition-performance-rankings/ranking/661908
1084,660558,"Zenon Sęk Memorial, Arena Lekkoatletyczna, Gliwice",POL,13 JUN 2026,13 JUN 2026,35,496,64456,1085,64491,https://worldathletics.org/records/competition-performance-rankings/ranking/660558
1085,662066,"Nuri Turan 1. Lig Kulüpler Final Yarışması, Kenan Onuk Atletizm Pisti, Istanbul",TUR,28 JUL 2026,29 JUL 2026,290,154,64187,1103,64477,https://worldathletics.org/records/competition-performance-rankings/ranking/662066
1086,661535,"Offene Mitteldeutsche Meisterschaften Männer und Frauen, Waldstadion, Haldensleben",GER,11 JUL 2026,11 JUL 2026,15,664,64457,1084,64472,https://worldathletics.org/records/competition-performance-rankings/ranking/661535
1087,663590,"Hong Kong Open Athletics Meet cum Heptathlon, Tsueng Kwan O Sports Ground, Hong Kong",HKG,19 SEP 2026,20 SEP 2026,0,,64455,1086,64455,https://worldathletics.org/records/competition-performance-rankings/ranking/663590
1088,663368,"Slovenian Team Championships, Štadion Kladivar, Celje",SLO,19 SEP 2026,20 SEP 2026,85,332,64369,1092,64454,https://worldathletics.org/records/competition-performance-rankings/ranking/663368
1089,660920,"Campeonato Navarro aire libre, Estadio de Larrabide, Pamplona",ESP,20 JUN 2026,21 JUN 2026,0,,64414,1087,64414,https://worldathletics.org/records/competition-performance-rankings/ranking/660920
1090,657294,"Spanish Clubs Championships Primera Division Liga Iberdrola-Leg 1-Match A, Estadi Municipal de Cornellà de Llobregat, Cornellá",ESP,26 APR 2026,26 APR 2026,15,664,64398,1088,64413,https://worldathletics.org/records/competition-performance-rankings/ranking/657294
1091,663140,"Finále MMaS družstev mládeže, Mestský Stadion, Ostrava",CZE,12 SEP 2026,12 SEP 2026,0,,64397,1089,64397,https://worldathletics.org/records/competition-performance-rankings/ranking/663140
1092,653954,"Pre-season Athletics Trial cum Relay Carnival 2026, Wan Chai Sports Ground, Hong Kong",HKG,24 JAN 2026,25 JAN 2026,0,,64390,1090,64390,https://worldathletics.org/records/competition-performance-rankings/ranking/653954
1093,656197,"High Velocity, AV Throwers & Rare Air #5, Knox Athletic Track, Melbourne",AUS,29 MAR 2026,29 MAR 2026,0,,64387,1091,64387,https://worldathletics.org/records/competition-performance-rankings/ranking/656197
1094,660794,"Trinidad & Tobago U20 Championships, Hasely Crawford Stadium, Port-of-Spain",TTO,19 JUN 2026,21 JUN 2026,0,,64365,1093,64365,https://worldathletics.org/records/competition-performance-rankings/ranking/660794
1095,660309,"Bislett Games pre-event, Bislett Stadion, Oslo",NOR,10 JUN 2026,10 JUN 2026,135,262,64228,1100,64363,https://worldathletics.org/records/competition-performance-rankings/ranking/660309
1096,657589,"HBCU Athletics Conference Outdoor Men's & Women's Championships, Lee Hedges Stadium, Shreveport, LA",USA,01 MAY 2026,01 MAY 2026,0,,64361,1094,64361,https://worldathletics.org/records/competition-performance-rankings/ranking/657589
1097,659729,"Rheinland-Pfalz Meisterschaften M/F/U18, Otto-Schott-Stadion, Mainz",GER,31 MAY 2026,31 MAY 2026,0,,64315,1095,64315,https://worldathletics.org/records/competition-performance-rankings/ranking/659729
1098,659282,"KP SKAS jednotlivců muži, ženy, jři, jky, dci, dky, Mestský Stadion Sletište, Kladno",CZE,24 MAY 2026,24 MAY 2026,5,814,64300,1096,64305,https://worldathletics.org/records/competition-performance-rankings/ranking/659282
1099,659267,"Portuguese University Championships, Estádio 1o de Maio, Braga",POR,23 MAY 2026,24 MAY 2026,0,,64277,1097,64277,https://worldathletics.org/records/competition-performance-rankings/ranking/659267
1100,656171,"Saint Louis University Speed/Power Festival, Saint Louis University Stadium, Saint Louis, MO",USA,27 MAR 2026,27 MAR 2026,0,,64269,1098,64269,https://worldathletics.org/records/competition-performance-rankings/ranking/656171
1101,655924,"EKU Spring Invitational, Tom Samuels Track, Richmond, KY",USA,20 MAR 2026,20 MAR 2026,0,,64241,1099,64241,https://worldathletics.org/records/competition-performance-rankings/ranking/655924
1102,660818,"Meeting du Val de Marne, Stade Louis Dolly, Villejuif",FRA,21 JUN 2026,21 JUN 2026,0,,64217,1101,64217,https://worldathletics.org/records/competition-performance-rankings/ranking/660818
1103,657289,"Spanish Clubs Championships Primera Division Liga Joma-Leg 1-Match A, Estadio El Fontanar, Córdoba",ESP,26 APR 2026,26 APR 2026,60,393,64154,1106,64214,https://worldathletics.org/records/competition-performance-rankings/ranking/657289
1104,660608,"Foote Field Open, Foote Field, Edmonton",CAN,12 JUN 2026,14 JUN 2026,0,,64196,1102,64196,https://worldathletics.org/records/competition-performance-rankings/ranking/660608
1105,656613,"2nd Kyushu Kyoritsu University Challenge Competition, Kyushu Kyoritsu University Stadium, Kitakyushu",JPN,11 APR 2026,11 APR 2026,30,520,64157,1105,64187,https://worldathletics.org/records/competition-performance-rankings/ranking/656613
1106,662581,"Internationales Abendsportfest, TSV Stadion, Pfungstadt",GER,26 AUG 2026,26 AUG 2026,280,162,63893,1125,64173,https://worldathletics.org/records/competition-performance-rankings/ranking/662581
1107,663159,"Mistrovství Čech družstev juniorů a juniorek, skupina A, Atletický stadion Děkanka, Praha",CZE,12 SEP 2026,12 SEP 2026,0,,64163,1104,64163,https://worldathletics.org/records/competition-performance-rankings/ranking/663159
1108,657266,"Spanish Clubs Championships Primera Division Liga Iberdrola-Leg 1-Match D, Pista de Atletismo de Landako, Durango",ESP,25 APR 2026,25 APR 2026,0,,64105,1107,64105,https://worldathletics.org/records/competition-performance-rankings/ranking/657266
1109,662683,"Slovak Team Championships, Atletický štadión STU, Bratislava",SVK,29 AUG 2026,29 AUG 2026,0,,64087,1108,64087,https://worldathletics.org/records/competition-performance-rankings/ranking/662683
1110,663155,"National Athletics League - Promotion Match & Cup Final, Horspath Athletics Track, Oxford",GBR,12 SEP 2026,12 SEP 2026,15,664,64063,1109,64078,https://worldathletics.org/records/competition-performance-rankings/ranking/663155
1111,661707,"Piirinmestaruuskilpailut M/N (SatY ja HämSY), Porin Stadion, Pori",FIN,15 JUL 2026,16 JUL 2026,5,814,64063,1109,64068,https://worldathletics.org/records/competition-performance-rankings/ranking/661707
1112,660902,"Campeonato Asturias Absoluto & Sub-23 - 2ª y 3ª jornada, Pista Yago Lamela, Avilés",ESP,20 JUN 2026,21 JUN 2026,25,567,64037,1112,64062,https://worldathletics.org/records/competition-performance-rankings/ranking/660902
1113,662213,"Taichung Cup National Junior High and Elementary School Athletics Meet, Taichung City Fengyuan Stadium, Taichung",TPE,27 JUL 2026,30 JUL 2026,0,,64045,1111,64045,https://worldathletics.org/records/competition-performance-rankings/ranking/662213
1114,660522,"Lival-Games, Nikkilän keskusurheilukenttä, Sipoo",FIN,15 JUN 2026,15 JUN 2026,10,728,64011,1113,64021,https://worldathletics.org/records/competition-performance-rankings/ranking/660522
1115,658819,"LAZ-Meeting, Nordanlage, Leipzig",GER,15 MAY 2026,15 MAY 2026,0,,64011,1113,64011,https://worldathletics.org/records/competition-performance-rankings/ranking/658819
1116,655981,"17th Takashi Yamada Memorial Athletics Competition, Konoike Athletics Stadium, Nara",JPN,20 MAR 2026,21 MAR 2026,0,,64010,1115,64010,https://worldathletics.org/records/competition-performance-rankings/ranking/655981
1117,661734,"Baltic U18 Team Championships, LSC sport complex ""Druskininkai"" stadium, Druskininkai",LTU,11 JUL 2026,11 JUL 2026,0,,64000,1116,64000,https://worldathletics.org/records/competition-performance-rankings/ranking/661734
1118,657430,"Varsity Track and Field Circuit 1, Stadium Olahraga USM Pulau Pinang, Penang",MAS,17 APR 2026,19 APR 2026,0,,63963,1117,63963,https://worldathletics.org/records/competition-performance-rankings/ranking/657430
1119,660107,"Mémorial Gaston Reiff - BW Golden Series, Stade Gaston Reiff, Braine-l'Alleud",BEL,07 JUN 2026,07 JUN 2026,5,814,63946,1120,63951,https://worldathletics.org/records/competition-performance-rankings/ranking/660107
1120,660193,"Meeting Regional à label Evreux, Stade Roger Rochard, Evreux",FRA,06 JUN 2026,06 JUN 2026,0,,63949,1118,63949,https://worldathletics.org/records/competition-performance-rankings/ranking/660193
1121,658876,"2. liga mužů a žen skupina A 1. kolo, Atletický stadion, Bílina",CZE,16 MAY 2026,16 MAY 2026,0,,63948,1119,63948,https://worldathletics.org/records/competition-performance-rankings/ranking/658876
1122,660796,"Algeria Athletics One Day, Complexe Olympique Mohamed Boudiaf, Algiers",ALG,20 JUN 2026,20 JUN 2026,0,,63927,1121,63927,https://worldathletics.org/records/competition-performance-rankings/ranking/660796
1123,660572,"Bandar-e Torkman Grand Prix, Ghandomi Stadium, Bandar-e Torkman",IRI,16 JUN 2026,16 JUN 2026,15,664,63908,1122,63923,https://worldathletics.org/records/competition-performance-rankings/ranking/660572
1124,661362,"Campionatele Nationale Aer Liber - U20 - Etapa Finala, Stadionul de atletism ""Nicolae Mărășescu"", Craiova",ROU,04 JUL 2026,05 JUL 2026,10,728,63908,1122,63918,https://worldathletics.org/records/competition-performance-rankings/ranking/661362
1125,660056,"Sportland Cup III, Ogres Stadions, Ogre",LAT,06 JUN 2026,06 JUN 2026,5,814,63896,1124,63901,https://worldathletics.org/records/competition-performance-rankings/ranking/660056
1126,658641,"Agram - International Athletic Meeting, Sports Park Mladost, Zagreb",CRO,16 MAY 2026,16 MAY 2026,15,664,63843,1126,63858,https://worldathletics.org/records/competition-performance-rankings/ranking/658641
1127,660244,"North Greece Meeting, Kaftanzoglio Stadium, Thessaloniki",GRE,07 JUN 2026,07 JUN 2026,0,,63843,1126,63843,https://worldathletics.org/records/competition-performance-rankings/ranking/660244
1128,655646,"New Zealand U18 Track & Field Championships, Douglas Track & Field, Auckland",NZL,05 MAR 2026,08 MAR 2026,0,,63799,1128,63799,https://worldathletics.org/records/competition-performance-rankings/ranking/655646
1129,660580,"70º Campeonato Paranaense, Pista de Atletismo de Foz do Iguaçú, Foz do Iguacu",BRA,30 MAY 2026,31 MAY 2026,0,,63772,1129,63772,https://worldathletics.org/records/competition-performance-rankings/ranking/660580
1130,659546,"Etapa I a Campionatelor Nationale Aer Liber - S, U23, U20, U18, U16, Deva",ROU,23 MAY 2026,24 MAY 2026,10,728,63754,1130,63764,https://worldathletics.org/records/competition-performance-rankings/ranking/659546
1131,658237,"Toscana Meeting Tour - Città di Pietrasanta, Stadio Falcone e Borsellino, Pietrasanta",ITA,10 MAY 2026,10 MAY 2026,20,599,63733,1132,63753,https://worldathletics.org/records/competition-performance-rankings/ranking/658237
1132,661295,"Tehran Grand Prix, Aftab Enghelab Sport Complex, Tehran",IRI,03 JUL 2026,03 JUL 2026,0,,63743,1131,63743,https://worldathletics.org/records/competition-performance-rankings/ranking/661295
1133,660855,"3. kolo II. ligy skupina A, Městský stadion, Liberec",CZE,21 JUN 2026,21 JUN 2026,0,,63652,1133,63652,https://worldathletics.org/records/competition-performance-rankings/ranking/660855
1134,660054,"XXI Meeting Gomitolo di Lana EAP Biella, Stadio Lamarmora, Biella",ITA,06 JUN 2026,06 JUN 2026,0,,63645,1134,63645,https://worldathletics.org/records/competition-performance-rankings/ranking/660054
1135,658729,"Chimonidia, Kaftanzoglio Stadium, Thessaloniki",GRE,16 MAY 2026,16 MAY 2026,10,728,63633,1136,63643,https://worldathletics.org/records/competition-performance-rankings/ranking/658729
1136,660113,"CT Challenger Julia Iriarte, Gobierno Autónomo Municipal de Cochabamba, Cochabamba",BOL,07 JUN 2026,07 JUN 2026,0,,63638,1135,63638,https://worldathletics.org/records/competition-performance-rankings/ranking/660113
1137,655274,"Capital Athletics Summer Series 10, AIS Athletics Track, Canberra",AUS,28 FEB 2026,28 FEB 2026,185,213,63435,1149,63620,https://worldathletics.org/records/competition-performance-rankings/ranking/655274
1138,655725,"Phoenix Invitational at Elon University, Elon University’s Irwin Belk Track, Elon, NC",USA,13 MAR 2026,13 MAR 2026,0,,63594,1137,63594,https://worldathletics.org/records/competition-performance-rankings/ranking/655725
1139,656750,"Oscar Moore Invitational, Coach Richard Wackar Stadium, Glassboro, NJ",USA,11 APR 2026,11 APR 2026,0,,63586,1138,63586,https://worldathletics.org/records/competition-performance-rankings/ranking/656750
1140,662141,"GRE-CYP U18 Match, Municipal Stadium, Eleftheroupoli",GRE,28 JUL 2026,29 JUL 2026,0,,63550,1139,63550,https://worldathletics.org/records/competition-performance-rankings/ranking/662141
1141,656077,"BAA Track And Field Series 4, National Stadium, Gaborone",BOT,08 MAR 2026,08 MAR 2026,50,434,63499,1144,63549,https://worldathletics.org/records/competition-performance-rankings/ranking/656077
1142,656079,"Twin Towers Classic Track & Field Meet, National Stadium, Gaborone",BOT,21 MAR 2026,21 MAR 2026,220,190,63309,1159,63529,https://worldathletics.org/records/competition-performance-rankings/ranking/656079
1143,662413,"Turkish U18 Club Championships, Halil Akkaş Stadium, Kütahya",TUR,15 AUG 2026,16 AUG 2026,0,,63524,1140,63524,https://worldathletics.org/records/competition-performance-rankings/ranking/662413
1144,658618,"Spanish Clubs Championships Primera Division Liga Joma-Leg 2-Match A, Estadio Vallehermoso, Madrid",ESP,16 MAY 2026,16 MAY 2026,0,,63519,1141,63519,https://worldathletics.org/records/competition-performance-rankings/ranking/658618
1145,659794,"2. kolo 2. ligy mužů a žen - skup. C, Městský atletický stadion, Pardubice",CZE,31 MAY 2026,31 MAY 2026,0,,63512,1142,63512,https://worldathletics.org/records/competition-performance-rankings/ranking/659794
1146,661065,"Romanian U18 Championships, Stadionul de atletism ""Nicolae Mărășescu"", Craiova",ROU,27 JUN 2026,28 JUN 2026,0,,63501,1143,63501,https://worldathletics.org/records/competition-performance-rankings/ranking/661065
1147,656410,"Algeria Athletics One Day, Complexe Olympique Mohamed Boudiaf, Algiers",ALG,03 APR 2026,04 APR 2026,0,,63498,1145,63498,https://worldathletics.org/records/competition-performance-rankings/ranking/656410
1148,661897,"ZA National Trials, Levy Mwanawasa Stadion, Ndola",ZAM,18 JUL 2026,19 JUL 2026,0,,63496,1146,63496,https://worldathletics.org/records/competition-performance-rankings/ranking/661897
1149,660131,"Croatian U18 Championships, Stadion SRC Mladost, Čakovec",CRO,06 JUN 2026,07 JUN 2026,0,,63464,1147,63464,https://worldathletics.org/records/competition-performance-rankings/ranking/660131
1150,658984,"1. kolo II. ligy skupina C, General Klapálek ́s stadium, Nové Město nad Metují",CZE,17 MAY 2026,17 MAY 2026,0,,63449,1148,63449,https://worldathletics.org/records/competition-performance-rankings/ranking/658984
1151,661193,"Campeonato Nacional de Clubes - 3ª divisão, Estádio Cidade de Coimbra, Coimbra",POR,27 JUN 2026,28 JUN 2026,0,,63426,1150,63426,https://worldathletics.org/records/competition-performance-rankings/ranking/661193
1152,656992,"36th Nara City Athletics Circuit - Day 1, Konoike Athletics Stadium, Nara",JPN,19 APR 2026,19 APR 2026,15,664,63407,1151,63422,https://worldathletics.org/records/competition-performance-rankings/ranking/656992
1153,657455,"77° Trofeo Liberazione (Manifestazione C-A-J-P-S-SM), Stadio Paolo Rosi, Roma",ITA,25 APR 2026,25 APR 2026,0,,63398,1152,63398,https://worldathletics.org/records/competition-performance-rankings/ranking/657455
1154,659161,"Täby Open, Tibblevallen, Täby",SWE,22 MAY 2026,23 MAY 2026,20,599,63374,1154,63394,https://worldathletics.org/records/competition-performance-rankings/ranking/659161
1155,655662,"Barbadian U20 Championship, Usain Bolt Complex, Bridgetown",BAR,06 MAR 2026,08 MAR 2026,0,,63387,1153,63387,https://worldathletics.org/records/competition-performance-rankings/ranking/655662
1156,659259,"3rd Kyushu Kyoritsu University Challenge Meet, Kyushu Kyoritsu University Stadium, Kitakyushu",JPN,23 MAY 2026,23 MAY 2026,35,496,63333,1157,63368,https://worldathletics.org/records/competition-performance-rankings/ranking/659259
1157,655653,"Nacional Evaluativo de Velocidad, Vallas Saltos y Lanzamientos (Pista y Campo), La Vicentina, Quito",ECU,07 MAR 2026,08 MAR 2026,35,496,63323,1158,63358,https://worldathletics.org/records/competition-performance-rankings/ranking/655653
1158,657264,"Spanish Clubs Championships Primera Division Liga Iberdrola-Leg 1-Match B, Estadio Municipal Emilio Hidalgo, Motril",ESP,25 APR 2026,25 APR 2026,0,,63346,1155,63346,https://worldathletics.org/records/competition-performance-rankings/ranking/657264
1159,657523,"PK Alle Categorieën West-Vlaanderen, Atletiekpiste, Tielt",BEL,25 APR 2026,26 APR 2026,0,,63336,1156,63336,https://worldathletics.org/records/competition-performance-rankings/ranking/657523
1160,659771,"Competitie 1e Divisie Poule 2 R2, Atletiekvereniging Hera, Heerhugowaard",NED,31 MAY 2026,31 MAY 2026,20,599,63308,1160,63328,https://worldathletics.org/records/competition-performance-rankings/ranking/659771
1161,659841,"Ameinias O Pallinefs, Georgios Dedes Municipal Stadium, Pallini",GRE,30 MAY 2026,30 MAY 2026,0,,63275,1161,63275,https://worldathletics.org/records/competition-performance-rankings/ranking/659841
1162,658425,"Sprint - Engel ve Relay Cup, Atatürk Stadyumu, Izmir",TUR,02 MAY 2026,02 MAY 2026,0,,63253,1162,63253,https://worldathletics.org/records/competition-performance-rankings/ranking/658425
1163,660808,"Campeonato Cataluña Sub-18, Pista atletismo Palau Sacosta, Girona",ESP,21 JUN 2026,21 JUN 2026,0,,63251,1163,63251,https://worldathletics.org/records/competition-performance-rankings/ranking/660808
1164,662399,"Nacional de Asociaciones, Pista Atlética Mario Recordón, Santiago de Chile",CHI,31 JUL 2026,02 AUG 2026,25,567,63221,1165,63246,https://worldathletics.org/records/competition-performance-rankings/ranking/662399
1165,659237,"National Team Championships, Qualification Group B, Tibblevallen, Täby",SWE,24 MAY 2026,24 MAY 2026,20,599,63209,1166,63229,https://worldathletics.org/records/competition-performance-rankings/ranking/659237
1166,661699,"Sherwood Park Track Classic, Strathcona Athletic Park, Sherwood Park",CAN,03 JUL 2026,05 JUL 2026,0,,63224,1164,63224,https://worldathletics.org/records/competition-performance-rankings/ranking/661699
1167,657282,"Spanish Clubs Championships Primera Division Liga Joma-Leg 1-Match D, Pista Yago Lamela, Avilés",ESP,25 APR 2026,25 APR 2026,0,,63209,1166,63209,https://worldathletics.org/records/competition-performance-rankings/ranking/657282
1168,657870,"5.º Meeting de Albufeira by Ap Victoria Sports & Beach, Pista Atletismo Vitória, Albufeira",POR,03 MAY 2026,03 MAY 2026,230,183,62945,1180,63175,https://worldathletics.org/records/competition-performance-rankings/ranking/657870
1169,660372,"Championnat Inter Régional, Stade R. Zami, Le Gosier",FRA,06 JUN 2026,06 JUN 2026,10,728,63137,1168,63147,https://worldathletics.org/records/competition-performance-rankings/ranking/660372
1170,660604,"Přebory Prahy dorostu a staršího žactva, Atletický stadion Děkanka, Praha",CZE,06 JUN 2026,07 JUN 2026,0,,63112,1169,63112,https://worldathletics.org/records/competition-performance-rankings/ranking/660604
1171,659448,"Loughborough Open, Loughborough University Track, Loughborough",GBR,27 MAY 2026,27 MAY 2026,85,332,63011,1173,63096,https://worldathletics.org/records/competition-performance-rankings/ranking/659448
1172,655332,"Strive Program B, WA Athletics Stadium, Perth",AUS,27 FEB 2026,27 FEB 2026,0,,63086,1170,63086,https://worldathletics.org/records/competition-performance-rankings/ranking/655332
1173,660352,"Meeting régional d'Angers, Stade Josette et Roger Mikulak, Angers",FRA,06 JUN 2026,06 JUN 2026,5,814,63040,1171,63045,https://worldathletics.org/records/competition-performance-rankings/ranking/660352
1174,659313,"Trikala Athletics, Municipal Stadium, Trikala",GRE,23 MAY 2026,23 MAY 2026,0,,63020,1172,63020,https://worldathletics.org/records/competition-performance-rankings/ranking/659313
1175,661820,"V Meeting “Giuseppe Tomassoni”, Stadio Enzo Blasone, Foligno",ITA,10 JUL 2026,10 JUL 2026,60,393,62959,1179,63019,https://worldathletics.org/records/competition-performance-rankings/ranking/661820
1176,661219,"Campionato Regionale Assoluto su Pista, Villa Gentile, Genova",ITA,27 JUN 2026,28 JUN 2026,5,814,62992,1174,62997,https://worldathletics.org/records/competition-performance-rankings/ranking/661219
1177,660994,"26. Raiffeisen Auffahrtsmeeting, Burgerfeld, Kreuzlingen",SUI,14 MAY 2026,14 MAY 2026,0,,62989,1175,62989,https://worldathletics.org/records/competition-performance-rankings/ranking/660994
1178,660895,"Moroccan U18 Championships, Stade Municipal d'Ifrane, Ifrane",MAR,21 JUN 2026,21 JUN 2026,0,,62986,1176,62986,https://worldathletics.org/records/competition-performance-rankings/ranking/660895
1179,661031,"V Meeting Internacional Lleida UA, Estadi Municipal Les Basses, Lleida",ESP,25 JUN 2026,25 JUN 2026,0,,62973,1177,62973,https://worldathletics.org/records/competition-performance-rankings/ranking/661031
1180,660762,"Slovak U18 Championships, Atletický štadión, Martin",SVK,20 JUN 2026,21 JUN 2026,0,,62971,1178,62971,https://worldathletics.org/records/competition-performance-rankings/ranking/660762
1181,661197,"Meeting de Saint-Michel, Stade Léon Simon, Saint Michel sur Orge",FRA,30 JUN 2026,30 JUN 2026,0,,62924,1181,62924,https://worldathletics.org/records/competition-performance-rankings/ranking/661197
1182,659605,"Meeting Città di Grosseto - Camp. Toscano Disco Juniores, Stadio Zecchini, Grosseto",ITA,30 MAY 2026,30 MAY 2026,15,664,62868,1183,62883,https://worldathletics.org/records/competition-performance-rankings/ranking/659605
1183,659994,"Coupe excellence #1, Stade Claude-Ferragne, Laval",CAN,30 MAY 2026,31 MAY 2026,0,,62874,1182,62874,https://worldathletics.org/records/competition-performance-rankings/ranking/659994
1184,661330,"Latvian U20 Championships, Daugava Stadium, Riga",LAT,03 JUL 2026,04 JUL 2026,5,814,62846,1184,62851,https://worldathletics.org/records/competition-performance-rankings/ranking/661330
1185,663138,"M Čech družstev juniorů a juniorek - skupina B, Městský atletický stadion, Pardubice",CZE,12 SEP 2026,12 SEP 2026,0,,62832,1185,62832,https://worldathletics.org/records/competition-performance-rankings/ranking/663138
1186,660074,"Meeting Gilles GARCIA, Stade Philippides, Montpellier",FRA,06 JUN 2026,06 JUN 2026,0,,62817,1186,62817,https://worldathletics.org/records/competition-performance-rankings/ranking/660074
1187,661024,"3. kolo II. ligy skupina C, Městský stadion, Jicin",CZE,21 JUN 2026,21 JUN 2026,0,,62816,1187,62816,https://worldathletics.org/records/competition-performance-rankings/ranking/661024
1188,661165,"Camponato Galica U23/U20, Pista atletismo Josefina Salgado, Pereiro de Aguiar",ESP,27 JUN 2026,27 JUN 2026,0,,62786,1188,62786,https://worldathletics.org/records/competition-performance-rankings/ranking/661165
1189,660653,"Trofeo di Mezza Estate, Pista Comunale, Rubiera",ITA,18 JUN 2026,18 JUN 2026,10,728,62767,1190,62777,https://worldathletics.org/records/competition-performance-rankings/ranking/660653
1190,663162,"Austrian U20 Championships, Stadion Lind, Villach",AUT,12 SEP 2026,13 SEP 2026,0,,62768,1189,62768,https://worldathletics.org/records/competition-performance-rankings/ranking/663162
1191,658622,"Spanish Clubs Championships Primera Division Liga Joma-Leg 2-Match C, Estadio El Fontanar, Córdoba",ESP,16 MAY 2026,16 MAY 2026,10,728,62726,1191,62736,https://worldathletics.org/records/competition-performance-rankings/ranking/658622
1192,660784,"Saarijärven 90. Juhannuskisat, Keskusurheilukenttä, Saarijärvi",FIN,21 JUN 2026,21 JUN 2026,15,664,62696,1194,62711,https://worldathletics.org/records/competition-performance-rankings/ranking/660784
1193,660188,"Journées Régionales Individuels U18 à SE, Stade Gillardeaux, Avignon",FRA,06 JUN 2026,07 JUN 2026,10,728,62699,1193,62709,https://worldathletics.org/records/competition-performance-rankings/ranking/660188
1194,655104,"Athletics Auckland Championships Weekend, Mt Smart Stadium, Auckland",NZL,20 FEB 2026,22 FEB 2026,0,,62701,1192,62701,https://worldathletics.org/records/competition-performance-rankings/ranking/655104
1195,660024,"4è Meeting Inter Clubs, Complexe Sportif D'olembe, Yaoundé",CMR,30 MAY 2026,31 MAY 2026,55,414,62625,1198,62680,https://worldathletics.org/records/competition-performance-rankings/ranking/660024
1196,654542,"152° Años Ciudad de Mar del Plata, Pista de Atletismo Justo Román, Mar del Plata",ARG,07 FEB 2026,08 FEB 2026,0,,62673,1195,62673,https://worldathletics.org/records/competition-performance-rankings/ranking/654542
1197,662563,"4. kolo II. ligy skupina A, Atletický stadion Turnov, Turnov",CZE,22 AUG 2026,22 AUG 2026,0,,62660,1196,62660,https://worldathletics.org/records/competition-performance-rankings/ranking/662563
1198,659389,"CDS Assoluto su Pista Fase Regionale Marche, Campo Conti, Ancona",ITA,16 MAY 2026,17 MAY 2026,10,728,62642,1197,62652,https://worldathletics.org/records/competition-performance-rankings/ranking/659389
1199,656986,"III Circuito Paulista Open de Atletismo, Cento de Treinamento Essportivo, Sâo Caetano do Sul",BRA,18 APR 2026,18 APR 2026,60,393,62583,1200,62643,https://worldathletics.org/records/competition-performance-rankings/ranking/656986
1200,661638,"Memoriál Květoslava Tichavského a Velká cena Dany Zátopkové v hodu oštěpem, Městský atletický stadion Dany Zátopkové, Uherské Hradiste",CZE,11 JUL 2026,11 JUL 2026,15,664,62598,1199,62613,https://worldathletics.org/records/competition-performance-rankings/ranking/661638
1201,663573,"U16 Five Countries Match, Mestni stadion, Ptuj",SLO,26 SEP 2026,26 SEP 2026,0,,62575,1201,62575,https://worldathletics.org/records/competition-performance-rankings/ranking/663573
1202,661988,"79th National Sports Festival Toyama Challenge Meet, Athletics Stadium, Toyama",JPN,18 JUL 2026,19 JUL 2026,0,,62564,1202,62564,https://worldathletics.org/records/competition-performance-rankings/ranking/661988
1203,661046,"Philippine U20 Championships, Philsport Track Oval, Pasig",PHI,10 JUN 2026,14 JUN 2026,0,,62555,1203,62555,https://worldathletics.org/records/competition-performance-rankings/ranking/661046
1204,660747,"Campionatul Municipal Bucuresti, Stadionul Iolanda Balas Soter, Bucureşti",ROU,20 JUN 2026,21 JUN 2026,0,,62516,1204,62516,https://worldathletics.org/records/competition-performance-rankings/ranking/660747
1205,662923,"Chilean U18 Championships, Pista Atlética Mario Recordón, Santiago de Chile",CHI,05 SEP 2026,06 SEP 2026,0,,62443,1205,62443,https://worldathletics.org/records/competition-performance-rankings/ranking/662923
1206,659485,"Campionati regionali di società ed individuali su pista U18 U20 U23, Campo di Atletica Mario Agosti, Pordenone",ITA,23 MAY 2026,24 MAY 2026,0,,62418,1206,62418,https://worldathletics.org/records/competition-performance-rankings/ranking/659485
1207,658218,"Encuentro Atletissimo Juniors, CNAR Conade, Ciudad de México",MEX,09 MAY 2026,09 MAY 2026,10,728,62395,1207,62405,https://worldathletics.org/records/competition-performance-rankings/ranking/658218
1207,658464,"Senior & U20 Regional Club Championships - Region 8, Pankritio Stadium, Herakleion",GRE,09 MAY 2026,10 MAY 2026,10,728,62395,1207,62405,https://worldathletics.org/records/competition-performance-rankings/ranking/658464
1209,657112,"Scottish National Athletics League, Grangemouth Sports Stadium, Grangemouth",GBR,19 APR 2026,19 APR 2026,5,814,62385,1210,62390,https://worldathletics.org/records/competition-performance-rankings/ranking/657112
1210,660992,"Zuger Abendmeeting, Stadion Hertiallmend, Zug",SUI,24 JUN 2026,24 JUN 2026,0,,62387,1209,62387,https://worldathletics.org/records/competition-performance-rankings/ranking/660992
1211,661896,"Nuri Turan Kulüpler 1. Lig 1. Kademe Yarışması, Ekrem Koçak Atletizm Pisti, Istanbul",TUR,22 JUL 2026,23 JUL 2026,230,183,62136,1220,62366,https://worldathletics.org/records/competition-performance-rankings/ranking/661896
1212,658253,"Argentinian U20 Championships, Estadio Municipal Jorge Newbery, Rosario",ARG,09 MAY 2026,10 MAY 2026,0,,62356,1211,62356,https://worldathletics.org/records/competition-performance-rankings/ranking/658253
1212,658352,"Siegburger Nationales Meeting inkl. Regionsmeisterschaft Region Südost, Walter Mundorf Stadion, Siegburg",GER,09 MAY 2026,10 MAY 2026,0,,62356,1211,62356,https://worldathletics.org/records/competition-performance-rankings/ranking/658352
1214,659030,"CDS Assoluti, Stadio delle Palme, Palermo",ITA,16 MAY 2026,17 MAY 2026,15,664,62337,1213,62352,https://worldathletics.org/records/competition-performance-rankings/ranking/659030
1215,659712,"Scottish National Athletics League, Grangemouth Sports Stadium, Grangemouth",GBR,31 MAY 2026,31 MAY 2026,0,,62293,1214,62293,https://worldathletics.org/records/competition-performance-rankings/ranking/659712
1216,661246,"Meeting de Kaolack, Stade Lamine Gueye, Kaolack",SEN,23 JUN 2026,23 JUN 2026,0,,62220,1215,62220,https://worldathletics.org/records/competition-performance-rankings/ranking/661246
1217,658476,"Senior & U20 Regional Club Championships - Region 5, Pampeloponnisiako Stadium, Patra",GRE,09 MAY 2026,10 MAY 2026,0,,62205,1216,62205,https://worldathletics.org/records/competition-performance-rankings/ranking/658476
1218,660395,"Envol Trophée, Stade Christian Plaziat, Pierre-Bénite",FRA,13 JUN 2026,13 JUN 2026,435,116,61754,1248,62189,https://worldathletics.org/records/competition-performance-rankings/ranking/660395
1219,659013,"Campeonato Metropolitano de Mayores y U23, CeNARD, Buenos Aires",ARG,16 MAY 2026,17 MAY 2026,0,,62182,1217,62182,https://worldathletics.org/records/competition-performance-rankings/ranking/659013
1220,655550,"High Velocity - Campbelltown, Campbelltown Athletics Centre, Sydney",AUS,08 MAR 2026,08 MAR 2026,0,,62178,1218,62178,https://worldathletics.org/records/competition-performance-rankings/ranking/655550
1221,661536,"LAV & friends, Städtisches Stadion, Tübingen",GER,10 JUL 2026,10 JUL 2026,10,728,62163,1219,62173,https://worldathletics.org/records/competition-performance-rankings/ranking/661536
1222,657285,"XLIII Memorial Todaro, II Trofeo Benedetti, Campo Sportivo Dal Dan, Udine",ITA,25 APR 2026,26 APR 2026,20,599,62128,1222,62148,https://worldathletics.org/records/competition-performance-rankings/ranking/657285
1223,654764,"Fast Track 1, Hoërskool Stadium, Stellenbosch",RSA,11 FEB 2026,11 FEB 2026,155,243,61988,1229,62143,https://worldathletics.org/records/competition-performance-rankings/ranking/654764
1224,656058,"SFU High Performance Meet, Terry Fox Field - SFU, Burnaby",CAN,21 MAR 2026,21 MAR 2026,0,,62129,1221,62129,https://worldathletics.org/records/competition-performance-rankings/ranking/656058
1225,660692,"Keuruun 59. Juhannuskisat, Keuruun keskuskenttä, Keuruu",FIN,19 JUN 2026,19 JUN 2026,35,496,62091,1224,62126,https://worldathletics.org/records/competition-performance-rankings/ranking/660692
1226,655450,"Fast Track 2, Hoërskool Stadium, Stellenbosch",RSA,18 FEB 2026,18 FEB 2026,20,599,62103,1223,62123,https://worldathletics.org/records/competition-performance-rankings/ranking/655450
1227,653695,"5th National Qualifier meet for Men and 3rd Women, AlAnsar Club, Medina",KSA,22 JAN 2026,24 JAN 2026,0,,62087,1225,62087,https://worldathletics.org/records/competition-performance-rankings/ranking/653695
1228,659325,"Kentereia, Municipal Stadium, Mytilene",GRE,23 MAY 2026,23 MAY 2026,5,814,62062,1226,62067,https://worldathletics.org/records/competition-performance-rankings/ranking/659325
1229,658869,"Chpts Interclubs LIFA - Finale Nationale 3, Complexe sportif Laura Flessel, Bussy Saint Georges",FRA,17 MAY 2026,17 MAY 2026,120,292,61946,1234,62066,https://worldathletics.org/records/competition-performance-rankings/ranking/658869
1230,662576,"Championnats Romands, Stade de l'USY, Yverdon-les-Bains",SUI,08 AUG 2026,08 AUG 2026,20,599,62015,1228,62035,https://worldathletics.org/records/competition-performance-rankings/ranking/662576
1231,656278,"National Juveniles Day 1 & 2 U20, AIT International Arena, Athlone",IRL,28 MAR 2026,29 MAR 2026,0,,62027,1227,62027,https://worldathletics.org/records/competition-performance-rankings/ranking/656278
1232,658908,"Interclubs N2A Nord, Stade Yvon Chevalier, Saintes",FRA,17 MAY 2026,17 MAY 2026,5,814,61980,1231,61985,https://worldathletics.org/records/competition-performance-rankings/ranking/658908
1232,659052,"McNab Sprint Series, Notre Dame HS, Sherman Oaks, CA",USA,21 MAY 2026,21 MAY 2026,15,664,61970,1232,61985,https://worldathletics.org/records/competition-performance-rankings/ranking/659052
1232,660190,"Meeting Label Régional WA de Toul, Stade de Valcourt, Toul",FRA,06 JUN 2026,06 JUN 2026,0,,61985,1230,61985,https://worldathletics.org/records/competition-performance-rankings/ranking/660190
1235,661473,"Meeting régional WA - Chartres, Stade Jean Gallet, Chartres",FRA,08 JUL 2026,08 JUL 2026,5,814,61957,1233,61962,https://worldathletics.org/records/competition-performance-rankings/ranking/661473
1236,658629,"Swiss Krono Cup, Stadion Syrena, Zary",POL,16 MAY 2026,16 MAY 2026,0,,61937,1235,61937,https://worldathletics.org/records/competition-performance-rankings/ranking/658629
1237,660769,"Latvian Youth Olympiad, Jāņa Daliņa Stadium, Valmiera",LAT,19 JUN 2026,20 JUN 2026,0,,61932,1236,61932,https://worldathletics.org/records/competition-performance-rankings/ranking/660769
1238,659244,"Ecuadorian U20 Championships, La Vicentina, Quito",ECU,23 MAY 2026,24 MAY 2026,5,814,61893,1237,61898,https://worldathletics.org/records/competition-performance-rankings/ranking/659244
1239,656376,"1st Kyushu Kyoritsu University Challenge Meet, Kyushu Kyoritsu University Stadium, Kitakyushu",JPN,02 APR 2026,02 APR 2026,20,599,61863,1240,61883,https://worldathletics.org/records/competition-performance-rankings/ranking/656376
1240,656378,"Rex Foster Twilight, UW - Rex Foster at Fiskum Field, Whitewater, WI",USA,03 APR 2026,03 APR 2026,0,,61878,1238,61878,https://worldathletics.org/records/competition-performance-rankings/ranking/656378
1241,655920,"Intercol, Kirani James Athletic Stadium, St. George's",GRN,17 MAR 2026,19 MAR 2026,0,,61874,1239,61874,https://worldathletics.org/records/competition-performance-rankings/ranking/655920
1242,658709,"Chilean U20 Championships, Pista Atlética Mario Recordón, Santiago de Chile",CHI,15 MAY 2026,17 MAY 2026,0,,61861,1241,61861,https://worldathletics.org/records/competition-performance-rankings/ranking/658709
1243,659528,"39. Großes LGM Pfingstsportfest, Grenzlandstadion, Mönchengladbach",GER,25 MAY 2026,25 MAY 2026,0,,61853,1242,61853,https://worldathletics.org/records/competition-performance-rankings/ranking/659528
1244,660588,"Serbian U18 Championships, Atletski Stadion, Kraljevo",SRB,13 JUN 2026,14 JUN 2026,0,,61823,1243,61823,https://worldathletics.org/records/competition-performance-rankings/ranking/660588
1245,660726,"67. Nemzetközi Atlétikai Balaton Bajnokság, Egyetemi Stadion, Veszprém",HUN,20 JUN 2026,20 JUN 2026,90,326,61706,1252,61796,https://worldathletics.org/records/competition-performance-rankings/ranking/660726
1246,661695,"Vasilis Sevastis Memorial, Pampeloponnisiako Stadium, Patra",GRE,15 JUL 2026,15 JUL 2026,5,814,61777,1244,61782,https://worldathletics.org/records/competition-performance-rankings/ranking/661695
1247,657273,"Spanish Clubs Championships Primera Division Liga Joma-Leg 1-Match C, Estadi Municipal d'Atletisme Congost, Manresa",ESP,25 APR 2026,25 APR 2026,0,,61761,1245,61761,https://worldathletics.org/records/competition-performance-rankings/ranking/657273
1248,658562,"Spanish U16 Championships, Pista atletismo Josefina Salgado, Pereiro de Aguiar",ESP,09 MAY 2026,10 MAY 2026,0,,61760,1246,61760,https://worldathletics.org/records/competition-performance-rankings/ranking/658562
1249,656571,"Red Raven Invite, Veterans Memorial Stadium, Coffeyville, KS",USA,08 APR 2026,08 APR 2026,0,,61755,1247,61755,https://worldathletics.org/records/competition-performance-rankings/ranking/656571
1250,659151,"3ème Meeting Fédéral, Guelmim",MAR,19 APR 2026,19 APR 2026,0,,61753,1249,61753,https://worldathletics.org/records/competition-performance-rankings/ranking/659151
1250,662850,"Circuito Performance 4 - Outdoor, COTP Stadium, São Paulo",BRA,30 AUG 2026,30 AUG 2026,70,365,61683,1255,61753,https://worldathletics.org/records/competition-performance-rankings/ranking/662850
1252,660300,"1° Meeting Citta' Di Roma, Stadio Paolo Rosi, Roma",ITA,10 JUN 2026,10 JUN 2026,0,,61739,1250,61739,https://worldathletics.org/records/competition-performance-rankings/ranking/660300
1253,661718,"Ogres novada atklātais čempionāts, Ogres Stadions, Ogre",LAT,12 JUL 2026,12 JUL 2026,25,567,61710,1251,61735,https://worldathletics.org/records/competition-performance-rankings/ranking/661718
1254,661010,"Ian Hume Invitation, Stade University Sherbrooke, Sherbrooke",CAN,13 JUN 2026,13 JUN 2026,10,728,61705,1253,61715,https://worldathletics.org/records/competition-performance-rankings/ranking/661010
1255,660674,"Campionati Regionali Individuali e di Staffette su Pista U18 A.M. Amedeo Merighi, Centro Prati Mini, Clusone",ITA,06 JUN 2026,07 JUN 2026,0,,61703,1254,61703,https://worldathletics.org/records/competition-performance-rankings/ranking/660674
1256,658495,"NCAA Athletics Competition, New Clark City Stadium, New Clark City",PHI,05 MAY 2026,07 MAY 2026,0,,61608,1256,61608,https://worldathletics.org/records/competition-performance-rankings/ranking/658495
1257,657816,"Premier Tour Interclubs 44/85, Stade Jules Ladoumegue, La Roche-sur-Yon",FRA,03 MAY 2026,03 MAY 2026,0,,61604,1257,61604,https://worldathletics.org/records/competition-performance-rankings/ranking/657816
1258,658573,"Meeting JJ Dumont, Stade Pierre de Coubertin, Lausanne",SUI,09 MAY 2026,09 MAY 2026,0,,61598,1258,61598,https://worldathletics.org/records/competition-performance-rankings/ranking/658573
1259,663157,"FRAMO-lekene, Fana Stadion, Bergen",NOR,05 JUN 2026,07 JUN 2026,0,,61590,1259,61590,https://worldathletics.org/records/competition-performance-rankings/ranking/663157
1260,660514,"7ème Meeting Fédéral U18 H - U20 F - Seniors, Piste Athlétisme, Tiflet",MAR,07 JUN 2026,07 JUN 2026,5,814,61568,1260,61573,https://worldathletics.org/records/competition-performance-rankings/ranking/660514
1261,655977,"West Point Army Open, Military Academy Shea Stadium, West Point, NY",USA,20 MAR 2026,20 MAR 2026,0,,61556,1261,61556,https://worldathletics.org/records/competition-performance-rankings/ranking/655977
1262,659294,"Judith Temperton Northern Inter-County Championships, Shildon Stadium 2000, Shildon",GBR,25 MAY 2026,25 MAY 2026,0,,61538,1262,61538,https://worldathletics.org/records/competition-performance-rankings/ranking/659294
1263,654870,"Campeonatos Nacionais de Clubes 3ª divisão - Pista Curta - Final, Altice Forum, Braga",POR,14 FEB 2026,15 FEB 2026,0,,61499,1263,61499,https://worldathletics.org/records/competition-performance-rankings/ranking/654870
1264,653767,"Norma Croker Shield, QSAC State Athletics Facility, Nathan, Brisbane",AUS,24 JAN 2026,24 JAN 2026,0,,61475,1264,61475,https://worldathletics.org/records/competition-performance-rankings/ranking/653767
1265,657774,"Mito Invitational, Municipal Stadium, Mito",JPN,05 MAY 2026,05 MAY 2026,30,520,61412,1265,61442,https://worldathletics.org/records/competition-performance-rankings/ranking/657774
1266,654918,"III Prueba de Confrontación, Estadio Panamericano, La Habana",CUB,20 FEB 2026,20 FEB 2026,225,188,61197,1279,61422,https://worldathletics.org/records/competition-performance-rankings/ranking/654918
1267,657498,"PK Alle Categorieën Oost-Vlaanderen - Dag 1, Sportpark Molenkouter, Melle",BEL,25 APR 2026,25 APR 2026,0,,61384,1266,61384,https://worldathletics.org/records/competition-performance-rankings/ranking/657498
1268,657518,"Uzbek U20 Championships, AFU Athletics Stadium, Tashkent",UZB,23 APR 2026,24 APR 2026,0,,61370,1267,61370,https://worldathletics.org/records/competition-performance-rankings/ranking/657518
1269,661271,"8ème meeting de Zone U20 & Seniors, Fes",MAR,05 APR 2026,05 APR 2026,0,,61350,1268,61350,https://worldathletics.org/records/competition-performance-rankings/ranking/661271
1270,660122,"Meeting Inclusão, Pista Municipal Prof. Mário Moniz Pereira, Lisboa",POR,30 MAY 2026,30 MAY 2026,80,342,61263,1275,61343,https://worldathletics.org/records/competition-performance-rankings/ranking/660122
1271,659646,"Meeting national de Toulouse, Stade Universitaire D. Faucher, Toulouse",FRA,30 MAY 2026,30 MAY 2026,5,814,61320,1269,61325,https://worldathletics.org/records/competition-performance-rankings/ranking/659646
1272,657734,"1er tour interclubs G-E, Stade d'Athlétisme Hautepierre, Strasbourg",FRA,03 MAY 2026,03 MAY 2026,0,,61313,1270,61313,https://worldathletics.org/records/competition-performance-rankings/ranking/657734
1273,663207,"C.D.S. U23 Su Pista - Finale ""A"" Oro, Pista Pietro Mennea, Agropoli",ITA,12 SEP 2026,13 SEP 2026,10,728,61273,1272,61283,https://worldathletics.org/records/competition-performance-rankings/ranking/663207
1274,656064,"BAA Track And Field Series 3, National Stadium, Gaborone",BOT,28 FEB 2026,28 FEB 2026,0,,61276,1271,61276,https://worldathletics.org/records/competition-performance-rankings/ranking/656064
1275,660638,"Mistrzostwa Małopolski, Stadion AKF, Kraków",POL,13 JUN 2026,13 JUN 2026,0,,61273,1272,61273,https://worldathletics.org/records/competition-performance-rankings/ranking/660638
1276,659175,"SELL Games, Daugava Stadium, Riga",LAT,22 MAY 2026,23 MAY 2026,5,814,61267,1274,61272,https://worldathletics.org/records/competition-performance-rankings/ranking/659175
1277,658616,"Spanish Clubs Championships Primera Division Liga Iberdrola-Leg 2-Match B, Pista atletismo José Maria Escriche, Hueska",ESP,16 MAY 2026,16 MAY 2026,0,,61236,1276,61236,https://worldathletics.org/records/competition-performance-rankings/ranking/658616
1278,659844,"Competitie 2e Divisie Poule 3 R2, Sportterrein Arnolduspark, Hoofddorp",NED,31 MAY 2026,31 MAY 2026,5,814,61208,1278,61213,https://worldathletics.org/records/competition-performance-rankings/ranking/659844
1279,662186,"Atlantic Track & Field Championships, No. 2 Construction Battalion Athletic Facility, Truro",CAN,25 JUL 2026,26 JUL 2026,0,,61212,1277,61212,https://worldathletics.org/records/competition-performance-rankings/ranking/662186
1280,661462,"Campeonato Madrid U20, Estadio Vallehermoso, Madrid",ESP,03 JUL 2026,04 JUL 2026,0,,61156,1280,61156,https://worldathletics.org/records/competition-performance-rankings/ranking/661462
1280,662669,"Memorial Zbigniewa Ludwichowskiego, Uniwersytetu Warmińsko-Mazurskiego, Olsztyn",POL,30 AUG 2026,30 AUG 2026,290,154,60866,1284,61156,https://worldathletics.org/records/competition-performance-rankings/ranking/662669
1282,654293,"Ted Dwyer Classic & Pentathlon Challenge, Stadium East, Kingston",JAM,31 JAN 2026,31 JAN 2026,30,520,61054,1281,61084,https://worldathletics.org/records/competition-performance-rankings/ranking/654293
1283,661365,"Lithuanian U20 Championships, Miesto Stadionas, Alytus",LTU,03 JUL 2026,04 JUL 2026,0,,60930,1282,60930,https://worldathletics.org/records/competition-performance-rankings/ranking/661365
1284,656279,"National Juveniles Day 1 & 2 U18, AIT International Arena, Athlone",IRL,28 MAR 2026,29 MAR 2026,0,,60876,1283,60876,https://worldathletics.org/records/competition-performance-rankings/ranking/656279
1285,659864,"Mistrzostwa Woj. Łódzkiego U18 i U20. Mityng kwalifikacyjny ŁOZLA, Centralny Ośrodek Sportu, Spala",POL,30 MAY 2026,30 MAY 2026,0,,60788,1285,60788,https://worldathletics.org/records/competition-performance-rankings/ranking/659864
1286,661470,"Notturna di Bologna, Campo CUS, Bologna",ITA,08 JUL 2026,08 JUL 2026,5,814,60765,1287,60770,https://worldathletics.org/records/competition-performance-rankings/ranking/661470
1287,653377,"Strive Program B, WA Athletics Stadium, Perth",AUS,16 JAN 2026,16 JAN 2026,0,,60766,1286,60766,https://worldathletics.org/records/competition-performance-rankings/ranking/653377
1288,660307,"Campionati Regionali Individuali Allievi Su Pista, Stadio Comunale, Bassano",ITA,06 JUN 2026,07 JUN 2026,0,,60759,1288,60759,https://worldathletics.org/records/competition-performance-rankings/ranking/660307
1289,662290,"Eltsun kansalliset, Eläintarhan urheilukenttä, Helsinki",FIN,10 AUG 2026,10 AUG 2026,0,,60752,1289,60752,https://worldathletics.org/records/competition-performance-rankings/ranking/662290
1290,661798,"Serbian Team Championships, Atletski Stadion, Kraljevo",SRB,19 JUL 2026,19 JUL 2026,65,382,60678,1292,60743,https://worldathletics.org/records/competition-performance-rankings/ranking/661798
1291,660322,"1° TrackFam Meeting, Stadio Città di Meda, Meda",ITA,11 JUN 2026,11 JUN 2026,0,,60739,1290,60739,https://worldathletics.org/records/competition-performance-rankings/ranking/660322
1292,660909,"Campeonato Autonómico U18 Comunidad Valenciana, Pistes d'atletisme Gaetà Huguet, Castellón",ESP,20 JUN 2026,20 JUN 2026,0,,60723,1291,60723,https://worldathletics.org/records/competition-performance-rankings/ranking/660909
1293,661397,"18. Munotmeeting, Munot-Sportanlage, Schaffhausen",SUI,05 JUL 2026,05 JUL 2026,0,,60677,1293,60677,https://worldathletics.org/records/competition-performance-rankings/ranking/661397
1294,658479,"Senior & U20 Regional Club Championships - Region 3, Zosimades National Stadium, Ioannina",GRE,09 MAY 2026,10 MAY 2026,0,,60674,1294,60674,https://worldathletics.org/records/competition-performance-rankings/ranking/658479
1295,657295,"Grand Prix Estrella Puente, Pista de Atletismo Darwin Piñeyrúa, Montevideo",URU,25 APR 2026,25 APR 2026,30,520,60633,1297,60663,https://worldathletics.org/records/competition-performance-rankings/ranking/657295
1296,660677,"Meeting Città di Pistoia - Camp. Toscano Disco AF e JF, 4x400 AM e AF, Campo Scuola, Pistoia",ITA,18 JUN 2026,18 JUN 2026,0,,60647,1295,60647,https://worldathletics.org/records/competition-performance-rankings/ranking/660677
1297,661387,"Campeonato Andalucia U20, Estadio Enrique Lopez Cuenca, Nerja",ESP,05 JUL 2026,05 JUL 2026,0,,60643,1296,60643,https://worldathletics.org/records/competition-performance-rankings/ranking/661387
1298,659934,"2. kolo II. ligy mužů a žen, skupina E, Stadion Mládeže, Zlín",CZE,31 MAY 2026,31 MAY 2026,0,,60633,1297,60633,https://worldathletics.org/records/competition-performance-rankings/ranking/659934
1299,660020,"2. kolo II. ligy mužů a žen, skupina B, Atletický stadion Na Stoupách, Jihlava",CZE,30 MAY 2026,30 MAY 2026,0,,60589,1299,60589,https://worldathletics.org/records/competition-performance-rankings/ranking/660020
1300,658065,"40th National Sports High School Games, Boeun Public Stadium, Boeun",KOR,02 APR 2026,03 APR 2026,0,,60585,1300,60585,https://worldathletics.org/records/competition-performance-rankings/ranking/658065
1301,660581,"Championnats Loire et Volcans CJES, Stade Henri Lux, St-Etienne",FRA,14 JUN 2026,14 JUN 2026,0,,60550,1301,60550,https://worldathletics.org/records/competition-performance-rankings/ranking/660581
1302,662807,"Velká cena Chebu, Stadion v Poohří, Cheb",CZE,03 SEP 2026,03 SEP 2026,175,220,60346,1308,60521,https://worldathletics.org/records/competition-performance-rankings/ranking/662807
1303,655655,"Torneio FAP 4 - Adulto/U20/U18, Pista da Universidade Estadual de Londrina, Londrina",BRA,07 MAR 2026,07 MAR 2026,60,393,60459,1303,60519,https://worldathletics.org/records/competition-performance-rankings/ranking/655655
1304,661647,"Campionato Regionale Individuale Junior e Promesse + Open Assoluti, Campo Conti, Ancona",ITA,23 MAY 2026,24 MAY 2026,10,728,60490,1302,60500,https://worldathletics.org/records/competition-performance-rankings/ranking/661647
1305,658080,"scottishathletics National Outdoor Open, On-x Linwood, Linwood",GBR,09 MAY 2026,09 MAY 2026,0,,60441,1304,60441,https://worldathletics.org/records/competition-performance-rankings/ranking/658080
1306,661639,"BANES Velká cena města Pacova, Atletický stadion U sv. Anny, Pacov",CZE,12 JUL 2026,12 JUL 2026,120,292,60299,1312,60419,https://worldathletics.org/records/competition-performance-rankings/ranking/661639
1307,658707,"Chilean U23 Championships, Pista Atlética Mario Recordón, Santiago de Chile",CHI,15 MAY 2026,17 MAY 2026,5,814,60408,1305,60413,https://worldathletics.org/records/competition-performance-rankings/ranking/658707
1308,660377,"CDS Allievi su Pista - Prova Regionale, Impianto di Viale Olimpia, San Biagio di Callalta",ITA,09 MAY 2026,10 MAY 2026,0,,60406,1306,60406,https://worldathletics.org/records/competition-performance-rankings/ranking/660377
1309,661653,"Peruvian U20 Championships, Estadio Atlético de la VIDENA, Lima",PER,12 JUN 2026,14 JUN 2026,0,,60354,1307,60354,https://worldathletics.org/records/competition-performance-rankings/ranking/661653
1310,661287,"Meeting de Saintes, Stade Yvon Chevalier, Saintes",FRA,03 JUL 2026,03 JUL 2026,0,,60341,1309,60341,https://worldathletics.org/records/competition-performance-rankings/ranking/661287
1311,659477,"G.P. Interprovinciale Allievi su Pista - Gruppo MI/LO/MB-PV, Centro Sportivo Faustina, Lodi",ITA,23 MAY 2026,24 MAY 2026,0,,60337,1310,60337,https://worldathletics.org/records/competition-performance-rankings/ranking/659477
1312,657389,"Meeting du Club Colonial, Stade L. Achille, Fort-de-France",FRA,25 APR 2026,25 APR 2026,0,,60322,1311,60322,https://worldathletics.org/records/competition-performance-rankings/ranking/657389
1313,662730,"Norwegian U23 Championships, Bislett Stadion, Oslo",NOR,28 AUG 2026,30 AUG 2026,0,,60288,1313,60288,https://worldathletics.org/records/competition-performance-rankings/ranking/662730
1314,659849,"Eleftheria Kilkis, Municipal Stadium, Kilkis",GRE,30 MAY 2026,30 MAY 2026,5,814,60258,1314,60263,https://worldathletics.org/records/competition-performance-rankings/ranking/659849
1315,655498,"Blue and Gold Battle, Javelina Stadium, Kingsville, TX",USA,06 MAR 2026,06 MAR 2026,0,,60252,1315,60252,https://worldathletics.org/records/competition-performance-rankings/ranking/655498
1316,662404,"Eläintarha Games, Eläintarhan urheilukenttä, Helsinki",FIN,16 AUG 2026,16 AUG 2026,0,,60227,1316,60227,https://worldathletics.org/records/competition-performance-rankings/ranking/662404
1317,662928,"SPAR NK Teams U18 & U20, Sportpark, Hilversum",NED,06 SEP 2026,06 SEP 2026,0,,60225,1317,60225,https://worldathletics.org/records/competition-performance-rankings/ranking/662928
1318,661631,"Memorial Yordanka Arizanova, Plovdiv Stadium, Plovdiv",BUL,14 JUL 2026,14 JUL 2026,120,292,60086,1322,60206,https://worldathletics.org/records/competition-performance-rankings/ranking/661631
1319,659903,"Meeting Città della Quintana, Stadio Enzo Blasone, Foligno",ITA,03 JUN 2026,03 JUN 2026,0,,60198,1318,60198,https://worldathletics.org/records/competition-performance-rankings/ranking/659903
1320,661856,"SPAR Competitie 2e Divisie Poule 3 R3, De Hoekelumse Eng, Ede",NED,05 JUL 2026,05 JUL 2026,0,,60186,1319,60186,https://worldathletics.org/records/competition-performance-rankings/ranking/661856
1321,661474,"Campeonato Autonómico U20 Comunidad Valenciana, Pista de atletismo de Sagunto, Sagunto",ESP,04 JUL 2026,04 JUL 2026,0,,60152,1320,60152,https://worldathletics.org/records/competition-performance-rankings/ranking/661474
1322,658582,"International Meeting ""New Stars"", National Sports Academy, Sofia",BUL,16 MAY 2026,16 MAY 2026,5,814,60095,1321,60100,https://worldathletics.org/records/competition-performance-rankings/ranking/658582
1323,661498,"Sri Lankan U18 Outdoor Championships, Mahinda Rajapaksha Stadium, Diyagama",SRI,15 JUN 2026,18 JUN 2026,0,,60081,1323,60081,https://worldathletics.org/records/competition-performance-rankings/ranking/661498
1324,663508,"NAGASE Cup, National Stadium, Tokyo",JPN,22 SEP 2026,22 SEP 2026,0,,60068,1324,60068,https://worldathletics.org/records/competition-performance-rankings/ranking/663508
1325,655723,"Dean Pryor Invite, Veterans Memorial Stadium, Coffeyville, KS",USA,12 MAR 2026,12 MAR 2026,0,,60025,1325,60025,https://worldathletics.org/records/competition-performance-rankings/ranking/655723
1326,656127,"25 March Open Meeting, GPS Stadium, Nicosia",CYP,25 MAR 2026,25 MAR 2026,0,,60022,1326,60022,https://worldathletics.org/records/competition-performance-rankings/ranking/656127
1327,661468,"Algerian U18 Championships, Lala Setti Athletics Stadium",ALG,06 JUL 2026,08 JUL 2026,0,,60004,1327,60004,https://worldathletics.org/records/competition-performance-rankings/ranking/661468
1328,658955,"Chpts Interclubs LIFA - Finale Nationale 4, Stade Léo Lagrange, Yerres",FRA,17 MAY 2026,17 MAY 2026,5,814,59964,1328,59969,https://worldathletics.org/records/competition-performance-rankings/ranking/658955
1329,660875,"3. kolo II. ligy mužů a žen sk. B, Stadion Míru, Tábor",CZE,20 JUN 2026,20 JUN 2026,0,,59956,1329,59956,https://worldathletics.org/records/competition-performance-rankings/ranking/660875
1330,661587,"National Juvenile Championships, Tullamore Harriers AC Stadium, Tullamore",IRL,11 JUL 2026,12 JUL 2026,0,,59915,1330,59915,https://worldathletics.org/records/competition-performance-rankings/ranking/661587
1331,661790,"Sportland Cup V, Daugava Stadium, Riga",LAT,19 JUL 2026,19 JUL 2026,5,814,59893,1331,59898,https://worldathletics.org/records/competition-performance-rankings/ranking/661790
1332,657270,"Spanish Clubs Championships Primera Division Liga Joma-Leg 1-Match B, Pista atletismo La Granadilla, Badajoz",ESP,25 APR 2026,25 APR 2026,0,,59873,1332,59873,https://worldathletics.org/records/competition-performance-rankings/ranking/657270
1333,660619,"Tilastopajacup 3, Paavo Nurmen Stadion, Turku",FIN,17 JUN 2026,17 JUN 2026,25,567,59815,1335,59840,https://worldathletics.org/records/competition-performance-rankings/ranking/660619
1334,660817,"Championnats Grand-Est U18-U20-U23-SE J1, Stade Régional G. Hebert, Reims",FRA,21 JUN 2026,21 JUN 2026,0,,59834,1333,59834,https://worldathletics.org/records/competition-performance-rankings/ranking/660817
1335,661646,"Algeria Athletics ""SONELGAZ"" Meeting, Complexe Olympique Mohamed Boudiaf, Algiers",ALG,11 JUL 2026,11 JUL 2026,0,,59827,1334,59827,https://worldathletics.org/records/competition-performance-rankings/ranking/661646
1336,656062,"BAA Track And Field Series 1, Francistown Stadion, Francistown",BOT,24 JAN 2026,24 JAN 2026,0,,59810,1336,59810,https://worldathletics.org/records/competition-performance-rankings/ranking/656062
1337,659012,"1. kolo II. ligy mužů a žen, skupina B, Atletický stadion Děkanka, Praha",CZE,17 MAY 2026,17 MAY 2026,0,,59802,1337,59802,https://worldathletics.org/records/competition-performance-rankings/ranking/659012
1338,659467,"Mityng kwalifikacyjny, Stadion GOS, Gdansk",POL,23 MAY 2026,23 MAY 2026,0,,59776,1338,59776,https://worldathletics.org/records/competition-performance-rankings/ranking/659467
1339,659986,"Korean U18 Championships, Jeongseon Sports Complex, Jeongseon",KOR,11 MAY 2026,15 MAY 2026,0,,59727,1339,59727,https://worldathletics.org/records/competition-performance-rankings/ranking/659986
1340,659759,"Spanish Clubs Championships Segunda Division Liga Joma - Men's Final A, Estadio Vallehermoso, Madrid",ESP,31 MAY 2026,31 MAY 2026,0,,59721,1340,59721,https://worldathletics.org/records/competition-performance-rankings/ranking/659759
1341,660576,"Championnats Alpes CJES, Stade Bachelard, Grenoble",FRA,14 JUN 2026,14 JUN 2026,0,,59705,1341,59705,https://worldathletics.org/records/competition-performance-rankings/ranking/660576
1342,657773,"Chpts Interclubs LIFA - Nationale 3 - Poule B, Stade du Moulin Neuf, Aulnay-sous-Bois",FRA,03 MAY 2026,03 MAY 2026,0,,59703,1342,59703,https://worldathletics.org/records/competition-performance-rankings/ranking/657773
1343,655196,"High Velocity, AV Throwers & Rare Air #3, Tom Kelly Athletics Track, Doncaster, Melbourne",AUS,24 FEB 2026,24 FEB 2026,5,814,59684,1343,59689,https://worldathletics.org/records/competition-performance-rankings/ranking/655196
1344,655816,"McNeese Cowboy Relays, Bill and Lena Henning Complex, Lake Charles, LA",USA,14 MAR 2026,14 MAR 2026,10,728,59643,1345,59653,https://worldathletics.org/records/competition-performance-rankings/ranking/655816
1345,657728,"1er Tour Interclubs Elite AURA, Stade Henri Lux, St-Etienne",FRA,03 MAY 2026,03 MAY 2026,0,,59646,1344,59646,https://worldathletics.org/records/competition-performance-rankings/ranking/657728
1346,657712,"154th Nippon Sport Science University Competition, NITTAIDAI Athletic Stadium, Yokohama",JPN,30 APR 2026,02 MAY 2026,5,814,59623,1346,59628,https://worldathletics.org/records/competition-performance-rankings/ranking/657712
1347,656265,"Torneio FAP 5 - Adulto/U20/U18, Pista da Universidade Estadual de Londrina, Londrina",BRA,21 MAR 2026,21 MAR 2026,25,567,59590,1348,59615,https://worldathletics.org/records/competition-performance-rankings/ranking/656265
1348,658477,"Senior & U20 Regional Club Championships - Region 4, Municipal Stadium, Trikala",GRE,09 MAY 2026,10 MAY 2026,5,814,59604,1347,59609,https://worldathletics.org/records/competition-performance-rankings/ranking/658477
1349,661404,"Meeting National d'Albi, Stadium Municipal, Albi",FRA,04 JUL 2026,04 JUL 2026,10,728,59579,1349,59589,https://worldathletics.org/records/competition-performance-rankings/ranking/661404
1350,660044,"6° Trofeo ""Marino Filippi"", Campo Scuola, Cremona",ITA,06 JUN 2026,06 JUN 2026,0,,59556,1350,59556,https://worldathletics.org/records/competition-performance-rankings/ranking/660044
1351,660302,"4 Tappa Veneto Summer League, Stadio delle Terme, Abano Terme",ITA,10 JUN 2026,10 JUN 2026,0,,59520,1351,59520,https://worldathletics.org/records/competition-performance-rankings/ranking/660302
1352,660055,"Fritz Grant Track and Field Invitational, T. Robinson Stadium, Nassau",BAH,06 JUN 2026,06 JUN 2026,0,,59508,1352,59508,https://worldathletics.org/records/competition-performance-rankings/ranking/660055
1353,662301,"Vilbeler Abendmeeting, Niddasportfeld, Bad Vilbel",GER,12 AUG 2026,12 AUG 2026,20,599,59435,1353,59455,https://worldathletics.org/records/competition-performance-rankings/ranking/662301
1354,658682,"XXXVIII Trofeo Feria Chica, Pista Atmo. Campo de la Juventud,, Palencia",ESP,17 MAY 2026,17 MAY 2026,5,814,59384,1354,59389,https://worldathletics.org/records/competition-performance-rankings/ranking/658682
1355,658229,"Slovenian U18 Cup Championships, Športni park, Nova Gorica",SLO,10 MAY 2026,10 MAY 2026,0,,59378,1355,59378,https://worldathletics.org/records/competition-performance-rankings/ranking/658229
1356,657657,"52. Paulínyi Jenő emlékverseny, Dr. Koltai Jenő Sportközpont, Budapest",HUN,02 MAY 2026,02 MAY 2026,5,814,59365,1356,59370,https://worldathletics.org/records/competition-performance-rankings/ranking/657657
1357,659276,"Meeting Athletisme Friend'z, Stade Municipal, Montfort-le-Gesnois",FRA,25 MAY 2026,25 MAY 2026,0,,59356,1357,59356,https://worldathletics.org/records/competition-performance-rankings/ranking/659276
1358,660132,"Slovenian U20 Team Championships, Stadion ""Ob jezeru"", Velenje",SLO,07 JUN 2026,07 JUN 2026,0,,59342,1358,59342,https://worldathletics.org/records/competition-performance-rankings/ranking/660132
1359,658621,"Munster Schools T&F Championships, An Riocht-, Castleisland",IRL,16 MAY 2026,16 MAY 2026,0,,59272,1359,59272,https://worldathletics.org/records/competition-performance-rankings/ranking/658621
1360,663217,"SPAR Competitie 1e - 2e Divisie Promotie/Degradatie, Sportcomplex Keizerslanden, Deventer",NED,13 SEP 2026,13 SEP 2026,0,,59247,1360,59247,https://worldathletics.org/records/competition-performance-rankings/ranking/663217
1361,657495,"Torneo Olga Jordan, CeNARD, Buenos Aires",ARG,11 APR 2026,11 APR 2026,20,599,59196,1361,59216,https://worldathletics.org/records/competition-performance-rankings/ranking/657495
1362,658898,"Interclubs N2A Bruay, Stade communautaire d'athlétisme, Bruay-la-Buissiere",FRA,17 MAY 2026,17 MAY 2026,0,,59123,1362,59123,https://worldathletics.org/records/competition-performance-rankings/ranking/658898
1363,660306,"Meeting Bronze - Camp. Toscano Disco AM, Martello AF e JF, 4x100 AM e AF, Campo Scuola, Pistoia",ITA,10 JUN 2026,10 JUN 2026,0,,59109,1363,59109,https://worldathletics.org/records/competition-performance-rankings/ranking/660306
1364,663100,"Campionati Regionali Individuali Junior e Promesse Su Pista, Stadio San Giuliano, Mestre",ITA,05 SEP 2026,06 SEP 2026,15,664,59001,1365,59016,https://worldathletics.org/records/competition-performance-rankings/ranking/663100
1365,657300,"Grand Prix Darwin Piñeyrúa, Pista de Atletismo Darwin Piñeyrúa, Montevideo",URU,26 APR 2026,26 APR 2026,0,,59015,1364,59015,https://worldathletics.org/records/competition-performance-rankings/ranking/657300
1366,661825,"Western Canada Team Challenge, Canada Games Stadium, Regina",CAN,17 JUL 2026,19 JUL 2026,0,,58976,1366,58976,https://worldathletics.org/records/competition-performance-rankings/ranking/661825
1367,661433,"Meeting interrégional, Stade Municipal de Bechamp, Remiremont",FRA,04 JUL 2026,04 JUL 2026,15,664,58938,1367,58953,https://worldathletics.org/records/competition-performance-rankings/ranking/661433
1368,663005,"VS Sprintmeeting, Putbosstadion, Oordegem",BEL,25 AUG 2026,25 AUG 2026,15,664,58910,1372,58925,https://worldathletics.org/records/competition-performance-rankings/ranking/663005
1369,662377,"1st Miyazaki Prefecture Athletics Board of Strengthening Record, Prefectural Sports Park, Miyazaki",JPN,08 AUG 2026,08 AUG 2026,5,814,58919,1369,58924,https://worldathletics.org/records/competition-performance-rankings/ranking/662377
1370,654422,"Devynne Charlton Invitational, T. Robinson Stadium, Nassau",BAH,07 FEB 2026,07 FEB 2026,0,,58922,1368,58922,https://worldathletics.org/records/competition-performance-rankings/ranking/654422
1371,659845,"Dimitris Vraimakis, Municipal Stadium, Chalkida",GRE,30 MAY 2026,30 MAY 2026,0,,58916,1370,58916,https://worldathletics.org/records/competition-performance-rankings/ranking/659845
1371,662575,"4. kolo 2. ligy mužů a žen skupina C, Stadion Emila Zátopka, Chrudium",CZE,23 AUG 2026,23 AUG 2026,0,,58916,1370,58916,https://worldathletics.org/records/competition-performance-rankings/ranking/662575
1373,661955,"Open Meet 8 Jerusalem, Hadar Yosef Stadium, Tel Aviv",ISR,26 JUL 2026,26 JUL 2026,25,567,58872,1373,58897,https://worldathletics.org/records/competition-performance-rankings/ranking/661955
1374,657706,"Tårnby Games, Tårnby Stadion, Tårnby",DEN,02 MAY 2026,03 MAY 2026,25,567,58845,1377,58870,https://worldathletics.org/records/competition-performance-rankings/ranking/657706
1375,660919,"Campeonato Islas Baleares, Pista atletismo Calvia, Calvia",ESP,20 JUN 2026,20 JUN 2026,0,,58851,1374,58851,https://worldathletics.org/records/competition-performance-rankings/ranking/660919
1376,660238,"C.Ind. Puglia Assoluti, Stadio M.S. Cozzoli, Molfetta",ITA,06 JUN 2026,07 JUN 2026,0,,58847,1375,58847,https://worldathletics.org/records/competition-performance-rankings/ranking/660238
1377,662217,"Nocturne d'été, Stade du Parc de la Dodaine, Nivelles",BEL,07 AUG 2026,07 AUG 2026,0,,58846,1376,58846,https://worldathletics.org/records/competition-performance-rankings/ranking/662217
1378,658785,"President’s Classic, Usain Bolt Complex, Bridgetown",BAR,16 MAY 2026,17 MAY 2026,0,,58760,1378,58760,https://worldathletics.org/records/competition-performance-rankings/ranking/658785
1379,655650,"Spring Track and Field Meet, Prefectural Stadium, Okinawa",JPN,07 MAR 2026,08 MAR 2026,30,520,58713,1381,58743,https://worldathletics.org/records/competition-performance-rankings/ranking/655650
1380,658947,"Tilastopajacup 1, Paavo Nurmen Stadion, Turku",FIN,20 MAY 2026,20 MAY 2026,5,814,58732,1379,58737,https://worldathletics.org/records/competition-performance-rankings/ranking/658947
1381,653802,"Star Performers Track and Field Classic, T. Robinson Stadium, Nassau",BAH,24 JAN 2026,24 JAN 2026,0,,58724,1380,58724,https://worldathletics.org/records/competition-performance-rankings/ranking/653802
1382,662062,"Joguinhos Abertos de Santa Catarina, Complexo Esportivo Timbo, Timbó",BRA,17 JUL 2026,19 JUL 2026,0,,58711,1382,58711,https://worldathletics.org/records/competition-performance-rankings/ranking/662062
1383,660311,"Campeonato Absoluto do Norte e Zona Norte, Estádio Municipal Manuela Machado, Viana do Castelo",POR,06 JUN 2026,07 JUN 2026,0,,58707,1383,58707,https://worldathletics.org/records/competition-performance-rankings/ranking/660311
1384,653321,"High Velocity, AV Throwers & Rare Air, Casey Field, Melbourne",AUS,10 JAN 2026,11 JAN 2026,5,814,58674,1384,58679,https://worldathletics.org/records/competition-performance-rankings/ranking/653321
1385,660471,"Spa Athletic Games, Centre Sport La Fraineuse Château, Spa",BEL,13 JUN 2026,13 JUN 2026,20,599,58643,1385,58663,https://worldathletics.org/records/competition-performance-rankings/ranking/660471
1386,660290,"12. Thuner Athletics Nigth, Stadion Lachen, Thun",SUI,10 JUN 2026,10 JUN 2026,20,599,58633,1386,58653,https://worldathletics.org/records/competition-performance-rankings/ranking/660290
1387,658875,"Finale Interclubs N2A, Stade Roger Collas, Coulaines",FRA,17 MAY 2026,17 MAY 2026,0,,58615,1387,58615,https://worldathletics.org/records/competition-performance-rankings/ranking/658875
1388,657588,"International Meeting Bar, Stadion Topolica, Bar",MNE,01 MAY 2026,01 MAY 2026,20,599,58539,1388,58559,https://worldathletics.org/records/competition-performance-rankings/ranking/657588
1389,658731,"Copa Brasil Loterias Caixa de Meio-Fundo e Fundo e Combinadas, CNDA, Bragança Paulista",BRA,16 MAY 2026,17 MAY 2026,10,728,58526,1389,58536,https://worldathletics.org/records/competition-performance-rankings/ranking/658731
1390,661618,"TCAA Open Athletics Championships Round 4, Wan Chai Sports Ground, Hong Kong",HKG,01 JUL 2026,01 JUL 2026,0,,58521,1390,58521,https://worldathletics.org/records/competition-performance-rankings/ranking/661618
1391,654402,"I Prueba de Confrontación, Estadio Panamericano, La Habana",CUB,06 FEB 2026,07 FEB 2026,190,209,58307,1397,58497,https://worldathletics.org/records/competition-performance-rankings/ranking/654402
1392,658818,"C.D.S. Regionale Assoluto Su Pista, Villa Gentile, Genova",ITA,16 MAY 2026,17 MAY 2026,5,814,58472,1392,58477,https://worldathletics.org/records/competition-performance-rankings/ranking/658818
1393,660755,"Meeting Robert Bobin, Stade R. Quintard, Cerizay",FRA,20 JUN 2026,20 JUN 2026,0,,58473,1391,58473,https://worldathletics.org/records/competition-performance-rankings/ranking/660755
1394,659838,"Aigialeia, Municipal Stadium, Egio",GRE,30 MAY 2026,30 MAY 2026,0,,58463,1393,58463,https://worldathletics.org/records/competition-performance-rankings/ranking/659838
1395,657437,"BFTTA Outdoor Series, Lee Valley Athletics Centre, London",GBR,26 APR 2026,26 APR 2026,0,,58452,1394,58452,https://worldathletics.org/records/competition-performance-rankings/ranking/657437
1396,657758,"1er Tour Interclubs OCC, Stade municipal Les Quéfets, Tournefeuille",FRA,03 MAY 2026,03 MAY 2026,20,599,58368,1395,58388,https://worldathletics.org/records/competition-performance-rankings/ranking/657758
1397,659255,"1 Tappa Veneto Summer League, Stadio Narciso Soldan, Conegliano",ITA,22 MAY 2026,22 MAY 2026,0,,58367,1396,58367,https://worldathletics.org/records/competition-performance-rankings/ranking/659255
1398,657265,"Spanish Clubs Championships Primera Division Liga Iberdrola-Leg 1-Match C, Pista atletismo Josefina Salgado, Pereiro de Aguiar",ESP,25 APR 2026,25 APR 2026,10,728,58263,1398,58273,https://worldathletics.org/records/competition-performance-rankings/ranking/657265
1399,659783,"Gobsa, Lenora Track and Field Centre, Georgetown",GUY,23 MAY 2026,23 MAY 2026,0,,58225,1399,58225,https://worldathletics.org/records/competition-performance-rankings/ranking/659783
1400,660983,"Régionaux Elite CJES, Parc des Sports Bernard Amsalem, Val-de-Reuil",FRA,20 JUN 2026,21 JUN 2026,0,,58204,1400,58204,https://worldathletics.org/records/competition-performance-rankings/ranking/660983
1401,661020,"3. kolo II. ligy mužů a žen, skupina E, Městský Atletický Stadion, Blansko",CZE,21 JUN 2026,21 JUN 2026,0,,58139,1401,58139,https://worldathletics.org/records/competition-performance-rankings/ranking/661020
1402,662081,"Velká cena Litomyšle letní mítink, Městský stadión Černá hora, Litomyšl",CZE,01 AUG 2026,01 AUG 2026,30,520,58064,1403,58094,https://worldathletics.org/records/competition-performance-rankings/ranking/662081
1403,661674,"Avoimet M/N, M/N17 ja P/T15-14 pm-kilpailut, 2. kilpailupäivä, Paavo Nurmen Stadion, Turku",FIN,15 JUL 2026,15 JUL 2026,0,,58075,1402,58075,https://worldathletics.org/records/competition-performance-rankings/ranking/661674
1404,659612,"Festival Del Mezzofondo 3° Memorial “Luana Gorza” - 2 Tappa Veneto Summer League, Stadio Comunale, Borgo Valbelluna",ITA,30 MAY 2026,30 MAY 2026,10,728,57957,1404,57967,https://worldathletics.org/records/competition-performance-rankings/ranking/659612
1405,661207,"Gran Prix Internacional ""Richard Boroto"", La Vicentina, Quito",ECU,01 JUL 2026,01 JUL 2026,80,342,57872,1406,57952,https://worldathletics.org/records/competition-performance-rankings/ranking/661207
1406,660727,"Star Athletics Sprint Series, Horizon HS, Winter Garden, FL",USA,20 JUN 2026,20 JUN 2026,250,172,57625,1424,57875,https://worldathletics.org/records/competition-performance-rankings/ranking/660727
1407,654921,"Copyworld Toshiba Meet #10 & Athletics SA State 3000m Championships, SA Athletic Stadium, Adelaide",AUS,14 FEB 2026,14 FEB 2026,0,,57874,1405,57874,https://worldathletics.org/records/competition-performance-rankings/ranking/654921
1408,657565,"PK Alle Categorieën Oost-Vlaanderen - Dag 2, Wouter Weylandtstadion, Gentbrugge",BEL,26 APR 2026,26 APR 2026,0,,57868,1407,57868,https://worldathletics.org/records/competition-performance-rankings/ranking/657565
1409,654759,"ACNW League, McArthur Stadium, Potchefstroom",RSA,10 FEB 2026,10 FEB 2026,30,520,57817,1409,57847,https://worldathletics.org/records/competition-performance-rankings/ranking/654759
1410,659190,"Mityng otwarcia sezonu, Stadion MOSiR, Sieradz",POL,24 MAY 2026,24 MAY 2026,0,,57838,1408,57838,https://worldathletics.org/records/competition-performance-rankings/ranking/659190
1411,659685,"Maccabi Championship - Idelson, Hadar Yosef Stadium, Tel Aviv",ISR,19 MAY 2026,19 MAY 2026,0,,57794,1410,57794,https://worldathletics.org/records/competition-performance-rankings/ranking/659685
1412,659663,"Spanish Clubs Championships Segunda Division Liga Iberdrola-Women's Final B2, Estadio Vallehermoso, Madrid",ESP,30 MAY 2026,30 MAY 2026,0,,57789,1411,57789,https://worldathletics.org/records/competition-performance-rankings/ranking/659663
1413,660354,"Torneio Nacional Olímpico Jovem, Estádio Municipal de Albufeira, Albufeira",POR,30 MAY 2026,31 MAY 2026,0,,57784,1412,57784,https://worldathletics.org/records/competition-performance-rankings/ranking/660354
1414,658948,"2ème tour des Interclubs BRE, Stade Mainguet, Montfort-sur-Meu",FRA,17 MAY 2026,17 MAY 2026,0,,57780,1413,57780,https://worldathletics.org/records/competition-performance-rankings/ranking/658948
1415,661119,"Lithuanian U18 Championships, Vingis Park Stadium, Vilnius",LTU,26 JUN 2026,27 JUN 2026,0,,57768,1414,57768,https://worldathletics.org/records/competition-performance-rankings/ranking/661119
1416,657725,"1er tour interclubs - Dijon, Stade Colette Besson, Dijon",FRA,03 MAY 2026,03 MAY 2026,0,,57763,1415,57763,https://worldathletics.org/records/competition-performance-rankings/ranking/657725
1417,660182,"Mistrzostwa Okręgu Pomorskiego U18 i U20, Stadion 650-lecia, Słupsk",POL,06 JUN 2026,06 JUN 2026,0,,57745,1416,57745,https://worldathletics.org/records/competition-performance-rankings/ranking/660182
1418,659801,"SsAZ regional champs. - U16 / U18 / U20, Atletický štadión, Martin",SVK,31 MAY 2026,31 MAY 2026,0,,57726,1417,57726,https://worldathletics.org/records/competition-performance-rankings/ranking/659801
1419,660698,"C.D.S. Allievi su Pista - Prova unica regionale, Centro Prati Mini, Clusone",ITA,09 MAY 2026,10 MAY 2026,0,,57718,1418,57718,https://worldathletics.org/records/competition-performance-rankings/ranking/660698
1420,657641,"1er Tour Interclubs AURA, Stade Jacques Forestier, Aix-les-Bains",FRA,02 MAY 2026,02 MAY 2026,0,,57701,1419,57701,https://worldathletics.org/records/competition-performance-rankings/ranking/657641
1421,661986,"SPAR Competitie 2e Divisie Poule 4 R3, Atletiek Vereniging Valkenswaard, Valkenswaard",NED,05 JUL 2026,05 JUL 2026,0,,57687,1420,57687,https://worldathletics.org/records/competition-performance-rankings/ranking/661986
1422,662214,"Campeonato Paulista Loterias Caixa De Atletismo Sub-18, COTP Stadium, São Paulo",BRA,31 JUL 2026,02 AUG 2026,0,,57677,1421,57677,https://worldathletics.org/records/competition-performance-rankings/ranking/662214
1423,658421,"Emilie Mondor Meet, Terry Fox Field - SFU, Burnaby",CAN,09 MAY 2026,09 MAY 2026,0,,57657,1422,57657,https://worldathletics.org/records/competition-performance-rankings/ranking/658421
1424,660532,"SHSAA Championships, Gordie Howe Sports Complex, Saskatoon",CAN,05 JUN 2026,06 JUN 2026,0,,57650,1423,57650,https://worldathletics.org/records/competition-performance-rankings/ranking/660532
1425,657738,"CRL Meeting - Bronze Lombardia, Centro Sportivo Comunale, Cogliate",ITA,03 MAY 2026,03 MAY 2026,50,434,57594,1425,57644,https://worldathletics.org/records/competition-performance-rankings/ranking/657738
